# Blender 3.5.1
# www.blender.org
mtllib Wedge_Visual.mtl
o Wedge_Visual_Export
v -0.046000 0.023840 -0.023840
v -0.045864 0.024084 -0.023840
v -0.045840 0.023883 -0.024000
v -0.045965 0.023986 -0.023840
v -0.045937 0.023959 -0.023932
v -0.045852 0.024017 -0.023953
v -0.045948 0.023844 -0.023953
v -0.009872 0.016194 -0.018960
v -0.009921 0.016346 -0.018800
v -0.009769 0.016396 -0.018960
v -0.009886 0.016239 -0.018847
v -0.009805 0.016287 -0.018868
v -0.009814 0.016381 -0.018847
v -0.009779 0.016274 -0.018960
v -0.013562 0.014995 -0.018960
v -0.013764 0.015098 -0.018960
v -0.013611 0.015148 -0.018800
v -0.013684 0.015005 -0.018960
v -0.013671 0.015031 -0.018868
v -0.013719 0.015112 -0.018847
v -0.013576 0.015040 -0.018847
v -0.000504 0.015771 -0.018960
v -0.000473 0.015928 -0.018800
v -0.000316 0.015897 -0.018960
v -0.000495 0.015817 -0.018847
v -0.000400 0.015819 -0.018868
v -0.000362 0.015906 -0.018847
v -0.000384 0.015795 -0.018960
v 0.007571 0.010953 -0.018800
v 0.007693 0.010849 -0.018960
v 0.007467 0.010831 -0.018960
v 0.007658 0.010880 -0.018847
v 0.007582 0.010823 -0.018868
v 0.007584 0.010794 -0.018960
v 0.007498 0.010867 -0.018847
v -0.004278 0.016682 -0.018800
v -0.004309 0.016524 -0.018960
v -0.004436 0.016713 -0.018960
v -0.004300 0.016570 -0.018847
v -0.004387 0.016609 -0.018868
v -0.004412 0.016592 -0.018960
v -0.004390 0.016704 -0.018847
v 0.004513 0.013346 -0.018960
v 0.004495 0.013572 -0.018960
v 0.004617 0.013468 -0.018800
v 0.004457 0.013455 -0.018960
v 0.004486 0.013457 -0.018868
v 0.004531 0.013541 -0.018847
v 0.004543 0.013381 -0.018847
v -0.012451 0.024651 -0.018960
v -0.012604 0.024601 -0.018800
v -0.012653 0.024753 -0.018960
v -0.012496 0.024636 -0.018847
v -0.012544 0.024718 -0.018868
v -0.012639 0.024709 -0.018847
v -0.012531 0.024744 -0.018960
v -0.016343 0.023555 -0.018960
v -0.016293 0.023402 -0.018800
v -0.016446 0.023353 -0.018960
v -0.016328 0.023510 -0.018847
v -0.016410 0.023462 -0.018868
v -0.016401 0.023367 -0.018847
v -0.016436 0.023475 -0.018960
v 0.012016 0.002630 -0.018960
v 0.012166 0.002686 -0.018800
v 0.012222 0.002536 -0.018960
v 0.012060 0.002647 -0.018847
v 0.012112 0.002567 -0.018868
v 0.012206 0.002580 -0.018847
v 0.012099 0.002541 -0.018960
v 0.011985 -0.006747 -0.018960
v 0.012144 -0.006772 -0.018800
v 0.012119 -0.006930 -0.018960
v 0.012032 -0.006754 -0.018847
v 0.012038 -0.006849 -0.018868
v 0.012126 -0.006884 -0.018847
v 0.012015 -0.006866 -0.018960
v 0.010664 0.006267 -0.018960
v 0.010758 0.006473 -0.018960
v 0.010814 0.006323 -0.018800
v 0.010668 0.006389 -0.018960
v 0.010695 0.006377 -0.018868
v 0.010774 0.006429 -0.018847
v 0.010708 0.006283 -0.018847
v -0.002593 0.025196 -0.018800
v -0.002750 0.025227 -0.018960
v -0.002561 0.025353 -0.018960
v -0.002704 0.025218 -0.018847
v -0.002665 0.025305 -0.018868
v -0.002682 0.025329 -0.018960
v -0.002571 0.025307 -0.018847
v 0.012737 -0.002938 -0.018800
v 0.012579 -0.002913 -0.018960
v 0.012762 -0.002779 -0.018960
v 0.012625 -0.002920 -0.018847
v 0.012660 -0.002832 -0.018868
v 0.012643 -0.002809 -0.018960
v 0.012755 -0.002826 -0.018847
v 0.007384 -0.014918 -0.018960
v 0.007510 -0.015017 -0.018800
v 0.007412 -0.015143 -0.018960
v 0.007421 -0.014947 -0.018847
v 0.007380 -0.015033 -0.018868
v 0.007440 -0.015106 -0.018847
v 0.007351 -0.015036 -0.018960
v -0.046000 0.023840 0.023840
v -0.045840 0.023881 0.024000
v -0.045864 0.024084 0.023840
v -0.045953 0.023860 0.023953
v -0.045941 0.023961 0.023932
v -0.045870 0.024017 0.023953
v -0.045960 0.023978 0.023840
v 0.020301 0.005712 -0.018800
v 0.020451 0.005768 -0.018960
v 0.020357 0.005562 -0.018960
v 0.020407 0.005751 -0.018847
v 0.020420 0.005657 -0.018868
v 0.020447 0.005645 -0.018960
v 0.020341 0.005606 -0.018847
v 0.009899 -0.011960 -0.018800
v 0.009772 -0.011861 -0.018960
v 0.009997 -0.011834 -0.018960
v 0.009809 -0.011890 -0.018847
v 0.009883 -0.011830 -0.018868
v 0.009879 -0.011801 -0.018960
v 0.009968 -0.011871 -0.018847
v -0.020136 0.039916 -0.023840
v -0.019875 0.039899 -0.023840
v -0.019959 0.039808 -0.024000
v -0.020003 0.039946 -0.023840
v -0.019993 0.039923 -0.023932
v -0.019902 0.039874 -0.023954
v -0.020071 0.039893 -0.023953
v 0.020697 -0.008258 -0.018960
v 0.020721 -0.008100 -0.018800
v 0.020880 -0.008124 -0.018960
v 0.020704 -0.008212 -0.018847
v 0.020798 -0.008205 -0.018868
v 0.020833 -0.008117 -0.018847
v 0.020816 -0.008229 -0.018960
v 0.021473 -0.004290 -0.018960
v 0.021315 -0.004266 -0.018800
v 0.021339 -0.004107 -0.018960
v 0.021427 -0.004283 -0.018847
v 0.021420 -0.004188 -0.018868
v 0.021332 -0.004154 -0.018847
v 0.021444 -0.004171 -0.018960
v -0.009872 0.016194 0.018960
v -0.009769 0.016396 0.018960
v -0.009921 0.016346 0.018800
v -0.009779 0.016274 0.018960
v -0.009805 0.016287 0.018868
v -0.009814 0.016381 0.018847
v -0.009886 0.016239 0.018847
v 0.014251 -0.020487 -0.018960
v 0.014350 -0.020361 -0.018800
v 0.014476 -0.020459 -0.018960
v 0.014280 -0.020450 -0.018847
v 0.014366 -0.020490 -0.018868
v 0.014439 -0.020430 -0.018847
v 0.014369 -0.020520 -0.018960
v -0.013562 0.014995 0.018960
v -0.013611 0.015148 0.018800
v -0.013764 0.015098 0.018960
v -0.013576 0.015040 0.018847
v -0.013671 0.015031 0.018868
v -0.013719 0.015112 0.018847
v -0.013684 0.015005 0.018960
v 0.016865 -0.017402 -0.018960
v 0.016738 -0.017303 -0.018800
v 0.016837 -0.017177 -0.018960
v 0.016828 -0.017373 -0.018847
v 0.016868 -0.017288 -0.018868
v 0.016808 -0.017214 -0.018847
v 0.016897 -0.017284 -0.018960
v -0.000504 0.015771 0.018960
v -0.000316 0.015897 0.018960
v -0.000473 0.015928 0.018800
v -0.000384 0.015795 0.018960
v -0.000400 0.015819 0.018868
v -0.000362 0.015906 0.018847
v -0.000495 0.015817 0.018847
v -0.004309 0.016524 0.018960
v -0.004278 0.016682 0.018800
v -0.004436 0.016713 0.018960
v -0.004300 0.016570 0.018847
v -0.004387 0.016609 0.018868
v -0.004390 0.016704 0.018847
v -0.004412 0.016592 0.018960
v 0.007693 0.010849 0.018960
v 0.007571 0.010953 0.018800
v 0.007467 0.010831 0.018960
v 0.007658 0.010880 0.018847
v 0.007582 0.010823 0.018868
v 0.007498 0.010867 0.018847
v 0.007584 0.010794 0.018960
v -0.012604 0.024601 0.018800
v -0.012451 0.024651 0.018960
v -0.012653 0.024753 0.018960
v -0.012496 0.024636 0.018847
v -0.012544 0.024718 0.018868
v -0.012531 0.024744 0.018960
v -0.012639 0.024709 0.018847
v 0.004617 0.013468 0.018800
v 0.004495 0.013572 0.018960
v 0.004513 0.013346 0.018960
v 0.004531 0.013541 0.018847
v 0.004486 0.013457 0.018868
v 0.004457 0.013455 0.018960
v 0.004543 0.013381 0.018847
v -0.016343 0.023555 0.018960
v -0.016446 0.023353 0.018960
v -0.016293 0.023402 0.018800
v -0.016436 0.023475 0.018960
v -0.016410 0.023462 0.018868
v -0.016401 0.023367 0.018847
v -0.016328 0.023510 0.018847
v 0.012016 0.002630 0.018960
v 0.012222 0.002536 0.018960
v 0.012166 0.002686 0.018800
v 0.012099 0.002541 0.018960
v 0.012112 0.002567 0.018868
v 0.012206 0.002580 0.018847
v 0.012060 0.002647 0.018847
v 0.011985 -0.006747 0.018960
v 0.012119 -0.006930 0.018960
v 0.012144 -0.006772 0.018800
v 0.012015 -0.006866 0.018960
v 0.012038 -0.006849 0.018868
v 0.012126 -0.006884 0.018847
v 0.012032 -0.006754 0.018847
v -0.002593 0.025196 0.018800
v -0.002561 0.025353 0.018960
v -0.002750 0.025227 0.018960
v -0.002571 0.025307 0.018847
v -0.002665 0.025305 0.018868
v -0.002682 0.025329 0.018960
v -0.002704 0.025218 0.018847
v 0.010814 0.006323 0.018800
v 0.010758 0.006473 0.018960
v 0.010664 0.006267 0.018960
v 0.010774 0.006429 0.018847
v 0.010695 0.006377 0.018868
v 0.010668 0.006389 0.018960
v 0.010708 0.006283 0.018847
v 0.012579 -0.002913 0.018960
v 0.012737 -0.002938 0.018800
v 0.012762 -0.002779 0.018960
v 0.012625 -0.002920 0.018847
v 0.012660 -0.002832 0.018868
v 0.012755 -0.002826 0.018847
v 0.012643 -0.002809 0.018960
v 0.007384 -0.014918 0.018960
v 0.007412 -0.015143 0.018960
v 0.007510 -0.015017 0.018800
v 0.007351 -0.015036 0.018960
v 0.007380 -0.015033 0.018868
v 0.007440 -0.015106 0.018847
v 0.007421 -0.014947 0.018847
v -0.019875 0.039899 0.023840
v -0.020136 0.039916 0.023840
v -0.019953 0.039810 0.024000
v -0.020003 0.039946 0.023840
v -0.019992 0.039923 0.023932
v -0.020068 0.039894 0.023953
v -0.019899 0.039873 0.023954
v 0.020301 0.005712 0.018800
v 0.020357 0.005562 0.018960
v 0.020451 0.005768 0.018960
v 0.020341 0.005606 0.018847
v 0.020420 0.005657 0.018868
v 0.020447 0.005645 0.018960
v 0.020407 0.005751 0.018847
v 0.009772 -0.011861 0.018960
v 0.009899 -0.011960 0.018800
v 0.009997 -0.011834 0.018960
v 0.009809 -0.011890 0.018847
v 0.009883 -0.011830 0.018868
v 0.009968 -0.011871 0.018847
v 0.009879 -0.011801 0.018960
v 0.041875 -0.009899 -0.023840
v 0.042026 -0.010158 -0.023840
v 0.041852 -0.010086 -0.024000
v 0.041971 -0.010017 -0.023840
v 0.041953 -0.010028 -0.023932
v 0.041972 -0.010117 -0.023953
v 0.041884 -0.009967 -0.023953
v 0.020697 -0.008258 0.018960
v 0.020880 -0.008124 0.018960
v 0.020721 -0.008100 0.018800
v 0.020816 -0.008229 0.018960
v 0.020798 -0.008205 0.018868
v 0.020833 -0.008117 0.018847
v 0.020704 -0.008212 0.018847
v 0.041875 -0.009899 0.023840
v 0.041852 -0.010086 0.024000
v 0.042026 -0.010158 0.023840
v 0.041884 -0.009967 0.023953
v 0.041953 -0.010028 0.023932
v 0.041972 -0.010117 0.023953
v 0.041971 -0.010017 0.023840
v 0.021473 -0.004290 0.018960
v 0.021339 -0.004107 0.018960
v 0.021315 -0.004266 0.018800
v 0.021444 -0.004171 0.018960
v 0.021420 -0.004188 0.018868
v 0.021332 -0.004154 0.018847
v 0.021427 -0.004283 0.018847
v 0.045815 -0.033866 -0.024000
v 0.045974 -0.033842 -0.023840
v 0.045842 -0.034024 -0.023840
v 0.045927 -0.033849 -0.023953
v 0.045922 -0.033944 -0.023932
v 0.045946 -0.033961 -0.023840
v 0.045834 -0.033978 -0.023953
v 0.014251 -0.020487 0.018960
v 0.014476 -0.020459 0.018960
v 0.014350 -0.020361 0.018800
v 0.014369 -0.020520 0.018960
v 0.014366 -0.020490 0.018868
v 0.014439 -0.020430 0.018847
v 0.014280 -0.020450 0.018847
v 0.045842 -0.034024 0.023840
v 0.045974 -0.033842 0.023840
v 0.045815 -0.033866 0.024000
v 0.045946 -0.033961 0.023840
v 0.045922 -0.033944 0.023932
v 0.045927 -0.033849 0.023953
v 0.045834 -0.033978 0.023953
v 0.016865 -0.017402 0.018960
v 0.016837 -0.017177 0.018960
v 0.016738 -0.017303 0.018800
v 0.016897 -0.017284 0.018960
v 0.016868 -0.017288 0.018868
v 0.016808 -0.017214 0.018847
v 0.016828 -0.017373 0.018847
v 0.020042 -0.037831 -0.024000
v 0.020158 -0.037976 -0.023840
v 0.019872 -0.037904 -0.023840
v 0.020127 -0.037923 -0.023953
v 0.020015 -0.037939 -0.023932
v 0.020006 -0.037975 -0.023840
v 0.019924 -0.037873 -0.023953
v 0.020158 -0.037976 0.023840
v 0.020042 -0.037831 0.024000
v 0.019872 -0.037904 0.023840
v 0.020127 -0.037923 0.023953
v 0.020015 -0.037939 0.023932
v 0.019924 -0.037873 0.023953
v 0.020006 -0.037975 0.023840
v -0.045840 0.012066 -0.024000
v -0.045887 0.011887 -0.023840
v -0.046000 0.012160 -0.023840
v -0.045887 0.011953 -0.023953
v -0.045947 0.012022 -0.023932
v -0.045967 0.012014 -0.023840
v -0.045953 0.012113 -0.023953
v -0.045887 0.011887 0.023840
v -0.045840 0.012066 0.024000
v -0.046000 0.012160 0.023840
v -0.045887 0.011953 0.023953
v -0.045947 0.012022 0.023932
v -0.045953 0.012113 0.023953
v -0.045967 0.012014 0.023840
v -0.006602 -0.018048 -0.023840
v -0.006571 -0.017963 -0.023840
v -0.006203 -0.018147 -0.024000
v -0.006646 -0.017983 -0.023840
v -0.006539 -0.018023 -0.023932
v -0.006385 -0.018022 -0.023953
v -0.006423 -0.018124 -0.023953
v -0.006602 -0.018048 0.023840
v -0.006203 -0.018147 0.024000
v -0.006571 -0.017963 0.023840
v -0.006423 -0.018124 0.023953
v -0.006539 -0.018023 0.023932
v -0.006385 -0.018022 0.023953
v -0.006646 -0.017983 0.023840
v -0.006000 -0.018000 -0.023840
v -0.006000 -0.018161 -0.024000
v -0.006000 -0.018047 -0.023953
v -0.003912 -0.017863 -0.023840
v -0.003891 -0.018022 -0.024000
v -0.003905 -0.017910 -0.023953
v -0.014000 0.011856 -0.023840
v -0.014080 0.011995 -0.024000
v -0.014024 0.011897 -0.023953
v -0.012184 0.012930 -0.024000
v -0.012123 0.012782 -0.023840
v -0.012141 0.012826 -0.023953
v -0.010183 0.013610 -0.024000
v -0.010141 0.013455 -0.023840
v -0.010153 0.013500 -0.023953
v -0.008109 0.014022 -0.024000
v -0.008088 0.013863 -0.023840
v -0.008095 0.013910 -0.023953
v -0.003891 0.014022 -0.024000
v -0.003912 0.013863 -0.023840
v -0.003905 0.013910 -0.023953
v -0.006000 0.014161 -0.024000
v -0.006000 0.014000 -0.023840
v -0.006000 0.014047 -0.023953
v -0.001817 0.013610 -0.024000
v -0.001859 0.013455 -0.023840
v -0.001847 0.013500 -0.023953
v 0.000184 0.012930 -0.024000
v 0.000123 0.012782 -0.023840
v 0.000141 0.012826 -0.023953
v 0.003838 0.010821 -0.024000
v 0.003740 0.010694 -0.023840
v 0.003769 0.010731 -0.023953
v 0.002080 0.011995 -0.024000
v 0.002000 0.011856 -0.023840
v 0.002024 0.011897 -0.023953
v 0.006694 0.007740 -0.023840
v 0.006821 0.007838 -0.024000
v 0.006731 0.007769 -0.023953
v 0.008930 0.004184 -0.024000
v 0.008782 0.004123 -0.023840
v 0.008826 0.004141 -0.023953
v 0.007995 0.006080 -0.024000
v 0.007856 0.006000 -0.023840
v 0.007897 0.006024 -0.023953
v 0.005427 0.009427 -0.024000
v 0.005314 0.009314 -0.023840
v 0.005347 0.009347 -0.023953
v 0.000123 -0.016782 -0.023840
v 0.000184 -0.016930 -0.024000
v 0.000141 -0.016826 -0.023953
v -0.001817 -0.017610 -0.024000
v -0.001859 -0.017455 -0.023840
v -0.001847 -0.017500 -0.023953
v 0.003830 -0.014826 -0.024000
v 0.003740 -0.014694 -0.023840
v 0.003765 -0.014734 -0.023953
v 0.005314 -0.013314 -0.023840
v 0.005448 -0.013407 -0.024000
v 0.005357 -0.013337 -0.023953
v 0.002080 -0.015995 -0.024000
v 0.002000 -0.015856 -0.023840
v 0.002024 -0.015897 -0.023953
v -0.021610 0.002183 -0.024000
v -0.021455 0.002141 -0.023840
v -0.021500 0.002153 -0.023953
v -0.020930 0.004184 -0.024000
v -0.020782 0.004123 -0.023840
v -0.020826 0.004141 -0.023953
v -0.018821 0.007838 -0.024000
v -0.018694 0.007740 -0.023840
v -0.018731 0.007769 -0.023953
v -0.019995 0.006080 -0.024000
v -0.019856 0.006000 -0.023840
v -0.019897 0.006024 -0.023953
v -0.015740 0.010694 -0.023840
v -0.015838 0.010821 -0.024000
v -0.015769 0.010731 -0.023953
v -0.017427 0.009427 -0.024000
v -0.017314 0.009314 -0.023840
v -0.017347 0.009347 -0.023953
v 0.006694 -0.011740 -0.023840
v 0.006804 -0.011861 -0.024000
v 0.006723 -0.011780 -0.023953
v 0.008782 -0.008123 -0.023840
v 0.008930 -0.008184 -0.024000
v 0.008826 -0.008141 -0.023953
v 0.007856 -0.010000 -0.023840
v 0.008000 -0.010072 -0.024000
v 0.007899 -0.010019 -0.023953
v 0.010147 -0.002241 -0.024000
v 0.010000 -0.002000 -0.023840
v 0.010044 -0.002125 -0.023953
v 0.009863 0.000088 -0.023840
v 0.009981 0.000319 -0.024000
v 0.009892 0.000204 -0.023953
v 0.009455 -0.006141 -0.023840
v 0.009656 -0.006047 -0.024000
v 0.009521 -0.006086 -0.023953
v 0.010014 -0.004253 -0.024000
v 0.009863 -0.004088 -0.023840
v 0.009904 -0.004164 -0.023953
v 0.009610 0.002183 -0.024000
v 0.009455 0.002141 -0.023840
v 0.009500 0.002153 -0.023953
v -0.006000 -0.018161 0.024000
v -0.006000 -0.018000 0.023840
v -0.006000 -0.018047 0.023953
v -0.003891 -0.018022 0.024000
v -0.003912 -0.017863 0.023840
v -0.003905 -0.017910 0.023953
v -0.020930 0.004184 0.024000
v -0.020782 0.004123 0.023840
v -0.020826 0.004141 0.023953
v -0.021610 0.002183 0.024000
v -0.021455 0.002141 0.023840
v -0.021500 0.002153 0.023953
v -0.017427 0.009427 0.024000
v -0.017314 0.009314 0.023840
v -0.017347 0.009347 0.023953
v -0.018821 0.007838 0.024000
v -0.018694 0.007740 0.023840
v -0.018731 0.007769 0.023953
v -0.015838 0.010821 0.024000
v -0.015740 0.010694 0.023840
v -0.015769 0.010731 0.023953
v -0.019995 0.006080 0.024000
v -0.019856 0.006000 0.023840
v -0.019897 0.006024 0.023953
v -0.014080 0.011995 0.024000
v -0.014000 0.011856 0.023840
v -0.014024 0.011897 0.023953
v -0.010183 0.013610 0.024000
v -0.010141 0.013455 0.023840
v -0.010153 0.013500 0.023953
v -0.012123 0.012782 0.023840
v -0.012184 0.012930 0.024000
v -0.012141 0.012826 0.023953
v -0.006000 0.014161 0.024000
v -0.006000 0.014000 0.023840
v -0.006000 0.014047 0.023953
v -0.001859 0.013455 0.023840
v -0.001817 0.013610 0.024000
v -0.001847 0.013500 0.023953
v -0.003912 0.013863 0.023840
v -0.003891 0.014022 0.024000
v -0.003905 0.013910 0.023953
v -0.008109 0.014022 0.024000
v -0.008088 0.013863 0.023840
v -0.008095 0.013910 0.023953
v 0.000184 0.012930 0.024000
v 0.000123 0.012782 0.023840
v 0.000141 0.012826 0.023953
v 0.002080 0.011995 0.024000
v 0.002000 0.011856 0.023840
v 0.002024 0.011897 0.023953
v 0.003838 0.010821 0.024000
v 0.003740 0.010694 0.023840
v 0.003769 0.010731 0.023953
v 0.006694 -0.011740 0.023840
v 0.006804 -0.011861 0.024000
v 0.006723 -0.011780 0.023953
v 0.006694 0.007740 0.023840
v 0.006821 0.007838 0.024000
v 0.006731 0.007769 0.023953
v 0.005448 -0.013407 0.024000
v 0.005314 -0.013314 0.023840
v 0.005357 -0.013337 0.023953
v 0.005427 0.009427 0.024000
v 0.005314 0.009314 0.023840
v 0.005347 0.009347 0.023953
v 0.008917 -0.008212 0.024000
v 0.008782 -0.008123 0.023840
v 0.008819 -0.008155 0.023953
v 0.008930 0.004184 0.024000
v 0.008782 0.004123 0.023840
v 0.008826 0.004141 0.023953
v 0.010163 -0.002033 0.024000
v 0.010000 -0.002000 0.023840
v 0.010048 -0.002017 0.023953
v 0.009863 -0.004088 0.023840
v 0.010030 -0.004069 0.024000
v 0.009913 -0.004075 0.023953
v 0.010022 0.000109 0.024000
v 0.009863 0.000088 0.023840
v 0.009910 0.000095 0.023953
v 0.009455 -0.006141 0.023840
v 0.009615 -0.006154 0.024000
v 0.009503 -0.006139 0.023953
v 0.009610 0.002183 0.024000
v 0.009455 0.002141 0.023840
v 0.009500 0.002153 0.023953
v 0.008000 -0.010072 0.024000
v 0.007856 -0.010000 0.023840
v 0.007899 -0.010019 0.023953
v 0.007856 0.006000 0.023840
v 0.007995 0.006080 0.024000
v 0.007897 0.006024 0.023953
v 0.000184 -0.016930 0.024000
v 0.000123 -0.016782 0.023840
v 0.000141 -0.016826 0.023953
v -0.001859 -0.017455 0.023840
v -0.001817 -0.017610 0.024000
v -0.001847 -0.017500 0.023953
v 0.002080 -0.015995 0.024000
v 0.002000 -0.015856 0.023840
v 0.002024 -0.015897 0.023953
v 0.003830 -0.014826 0.024000
v 0.003740 -0.014694 0.023840
v 0.003765 -0.014734 0.023953
v -0.036387 0.002387 0.023840
v -0.036214 0.002423 0.023840
v -0.036332 0.002558 0.024000
v -0.036289 0.002346 0.023840
v -0.036298 0.002389 0.023932
v -0.036249 0.002467 0.023953
v -0.036372 0.002442 0.023953
v -0.036387 0.002387 -0.023840
v -0.036332 0.002558 -0.024000
v -0.036214 0.002423 -0.023840
v -0.036372 0.002442 -0.023953
v -0.036298 0.002389 -0.023932
v -0.036249 0.002467 -0.023953
v -0.036289 0.002346 -0.023840
v -0.034555 0.006530 -0.023840
v -0.034583 0.006887 -0.024000
v -0.034346 0.006618 -0.023840
v -0.034538 0.006696 -0.023953
v -0.034495 0.006678 -0.023932
v -0.034477 0.006722 -0.023953
v -0.034469 0.006617 -0.023840
v -0.021738 0.001524 -0.023840
v -0.021709 0.001685 -0.024000
v -0.021558 0.001621 -0.023840
v -0.021730 0.001572 -0.023953
v -0.021639 0.001557 -0.023932
v -0.021603 0.001641 -0.023953
v -0.021623 0.001527 -0.023840
v -0.034555 0.006530 0.023840
v -0.034346 0.006618 0.023840
v -0.034583 0.006887 0.024000
v -0.034469 0.006617 0.023840
v -0.034495 0.006678 0.023932
v -0.034477 0.006722 0.023953
v -0.034538 0.006696 0.023953
v -0.021738 0.001524 0.023840
v -0.021558 0.001621 0.023840
v -0.021709 0.001685 0.024000
v -0.021623 0.001527 0.023840
v -0.021639 0.001557 0.023932
v -0.021603 0.001641 0.023953
v -0.021730 0.001572 0.023953
v 0.012874 -0.032455 -0.024000
v 0.013380 -0.032963 -0.023840
v 0.013336 -0.033002 -0.023840
v 0.013155 -0.032691 -0.023953
v 0.013271 -0.032888 -0.023932
v 0.013402 -0.033031 -0.023840
v 0.013085 -0.032755 -0.023953
v 0.017181 -0.035686 -0.024000
v 0.017026 -0.035770 -0.023840
v 0.017034 -0.035589 -0.023840
v 0.017076 -0.035745 -0.023953
v 0.017014 -0.035678 -0.023932
v 0.016971 -0.035677 -0.023840
v 0.017081 -0.035617 -0.023953
v 0.013380 -0.032963 0.023840
v 0.012874 -0.032455 0.024000
v 0.013336 -0.033002 0.023840
v 0.013155 -0.032691 0.023953
v 0.013271 -0.032888 0.023932
v 0.013085 -0.032755 0.023953
v 0.013402 -0.033031 0.023840
v 0.017026 -0.035770 0.023840
v 0.017181 -0.035686 0.024000
v 0.017034 -0.035589 0.023840
v 0.017076 -0.035745 0.023953
v 0.017014 -0.035678 0.023932
v 0.017081 -0.035617 0.023953
v 0.016971 -0.035677 0.023840
v 0.009842 -0.027301 -0.023840
v 0.009536 -0.027114 -0.024000
v 0.009893 -0.027080 -0.023840
v 0.009717 -0.027190 -0.023953
v 0.009757 -0.027165 -0.023932
v 0.009732 -0.027125 -0.023953
v 0.009822 -0.027180 -0.023840
v 0.034107 -0.024920 -0.023840
v 0.034158 -0.024699 -0.023840
v 0.034464 -0.024886 -0.024000
v 0.034178 -0.024820 -0.023840
v 0.034243 -0.024835 -0.023932
v 0.034283 -0.024810 -0.023953
v 0.034268 -0.024875 -0.023953
v 0.028499 -0.015643 -0.023840
v 0.028278 -0.015592 -0.023840
v 0.028465 -0.015286 -0.024000
v 0.028399 -0.015571 -0.023840
v 0.028414 -0.015507 -0.023932
v 0.028389 -0.015467 -0.023953
v 0.028454 -0.015482 -0.023953
v 0.009842 -0.027301 0.023840
v 0.009893 -0.027080 0.023840
v 0.009536 -0.027114 0.024000
v 0.009822 -0.027180 0.023840
v 0.009757 -0.027165 0.023932
v 0.009732 -0.027125 0.023953
v 0.009717 -0.027190 0.023953
v 0.034107 -0.024920 0.023840
v 0.034464 -0.024886 0.024000
v 0.034158 -0.024699 0.023840
v 0.034268 -0.024875 0.023953
v 0.034243 -0.024835 0.023932
v 0.034283 -0.024810 0.023953
v 0.034178 -0.024820 0.023840
v 0.028499 -0.015643 0.023840
v 0.028465 -0.015286 0.024000
v 0.028278 -0.015592 0.023840
v 0.028454 -0.015482 0.023953
v 0.028414 -0.015507 0.023932
v 0.028389 -0.015467 0.023953
v 0.028399 -0.015571 0.023840
v 0.016865 -0.017402 0.023840
v 0.017188 -0.017248 0.024000
v 0.016837 -0.017177 0.023840
v 0.017000 -0.017305 0.023953
v 0.016963 -0.017276 0.023932
v 0.016992 -0.017239 0.023953
v 0.016897 -0.017284 0.023840
v 0.014405 -0.020810 0.024000
v 0.014476 -0.020459 0.023840
v 0.014251 -0.020487 0.023840
v 0.014414 -0.020614 0.023953
v 0.014377 -0.020586 0.023932
v 0.014369 -0.020520 0.023840
v 0.014349 -0.020622 0.023953
v 0.007384 -0.014918 0.023840
v 0.007060 -0.015072 0.024000
v 0.007412 -0.015143 0.023840
v 0.007248 -0.015016 0.023953
v 0.007285 -0.015045 0.023932
v 0.007256 -0.015082 0.023953
v 0.007351 -0.015036 0.023840
v 0.007464 -0.014816 0.023840
v 0.007332 -0.014724 0.024000
v 0.007424 -0.014791 0.023953
v 0.008408 -0.013607 0.023840
v 0.008298 -0.013488 0.024000
v 0.008379 -0.013568 0.023953
v 0.009997 -0.011834 0.023840
v 0.009843 -0.011510 0.024000
v 0.009772 -0.011861 0.023840
v 0.009900 -0.011698 0.023953
v 0.009871 -0.011735 0.023932
v 0.009834 -0.011706 0.023953
v 0.009879 -0.011801 0.023840
v 0.021339 -0.004107 0.023840
v 0.021473 -0.004290 0.023840
v 0.021680 -0.003998 0.024000
v 0.021444 -0.004171 0.023840
v 0.021498 -0.004132 0.023932
v 0.021544 -0.004139 0.023953
v 0.021505 -0.004085 0.023953
v 0.012047 -0.006352 0.023840
v 0.011887 -0.006339 0.024000
v 0.011999 -0.006351 0.023953
v 0.011985 -0.006747 0.023840
v 0.011778 -0.007039 0.024000
v 0.012119 -0.006930 0.023840
v 0.011915 -0.006898 0.023953
v 0.011961 -0.006906 0.023932
v 0.011954 -0.006952 0.023953
v 0.012015 -0.006866 0.023840
v 0.012443 -0.003792 0.023840
v 0.012278 -0.003811 0.024000
v 0.012393 -0.003806 0.023953
v 0.012579 -0.002913 0.023840
v 0.012762 -0.002779 0.023840
v 0.012470 -0.002572 0.024000
v 0.012643 -0.002809 0.023840
v 0.012603 -0.002755 0.023932
v 0.012611 -0.002709 0.023953
v 0.012557 -0.002748 0.023953
v 0.020989 -0.008465 0.024000
v 0.020880 -0.008124 0.023840
v 0.020697 -0.008258 0.023840
v 0.020901 -0.008290 0.023953
v 0.020855 -0.008282 0.023932
v 0.020816 -0.008229 0.023840
v 0.020848 -0.008329 0.023953
v 0.018010 0.009170 0.023840
v 0.018035 0.009326 0.023840
v 0.017840 0.009278 0.024000
v 0.018089 0.009237 0.023840
v 0.018035 0.009246 0.023932
v 0.017969 0.009314 0.023953
v 0.017951 0.009203 0.023953
v 0.018010 0.009170 0.018960
v 0.018131 0.009044 0.018800
v 0.018035 0.009326 0.018640
v 0.018059 0.009138 0.018847
v 0.018097 0.009201 0.018800
v 0.018104 0.009211 0.018753
v 0.018080 0.009239 0.018800
v 0.019461 0.007971 0.018800
v 0.019652 0.007918 0.018960
v 0.019721 0.007967 0.018640
v 0.019588 0.007956 0.018847
v 0.019611 0.007998 0.018800
v 0.019649 0.007994 0.018800
v 0.019612 0.007995 0.018753
v 0.019652 0.007918 0.023840
v 0.019950 0.007577 0.024000
v 0.019721 0.007967 0.023840
v 0.019770 0.007736 0.023953
v 0.019722 0.007893 0.023932
v 0.019856 0.007798 0.023953
v 0.019649 0.007994 0.023840
v 0.012016 0.002630 0.023840
v 0.011977 0.002274 0.024000
v 0.012222 0.002536 0.023840
v 0.012028 0.002464 0.023953
v 0.012072 0.002480 0.023932
v 0.012088 0.002436 0.023953
v 0.012099 0.002541 0.023840
v 0.010402 0.006511 0.024000
v 0.010664 0.006267 0.023840
v 0.010758 0.006473 0.023840
v 0.010564 0.006401 0.023953
v 0.010608 0.006417 0.023932
v 0.010668 0.006389 0.023840
v 0.010591 0.006461 0.023953
v 0.020713 0.005523 0.024000
v 0.020451 0.005768 0.023840
v 0.020357 0.005562 0.023840
v 0.020551 0.005634 0.023953
v 0.020507 0.005617 0.023932
v 0.020447 0.005645 0.023840
v 0.020524 0.005573 0.023953
v 0.007739 0.017630 0.023840
v 0.007635 0.017508 0.024000
v 0.007760 0.017408 0.023840
v 0.007708 0.017594 0.023953
v 0.007767 0.017520 0.023932
v 0.007723 0.017437 0.023953
v 0.007796 0.017523 0.023840
v 0.011155 0.014669 0.024000
v 0.011259 0.014791 0.023840
v 0.011030 0.014770 0.023840
v 0.011228 0.014756 0.023953
v 0.011143 0.014798 0.023932
v 0.011140 0.014827 0.023840
v 0.011067 0.014741 0.023953
v 0.007760 0.017408 0.018960
v 0.007884 0.017307 0.018800
v 0.007739 0.017630 0.018640
v 0.007797 0.017379 0.018847
v 0.007819 0.017478 0.018800
v 0.007832 0.017494 0.018753
v 0.007796 0.017523 0.018800
v 0.011030 0.014770 0.018960
v 0.011259 0.014791 0.018640
v 0.010905 0.014871 0.018800
v 0.011140 0.014827 0.018800
v 0.011090 0.014840 0.018800
v 0.011103 0.014857 0.018753
v 0.010993 0.014799 0.018847
v 0.004513 0.013346 0.023840
v 0.004495 0.013572 0.023840
v 0.004165 0.013431 0.024000
v 0.004457 0.013455 0.023840
v 0.004391 0.013450 0.023932
v 0.004355 0.013480 0.023953
v 0.004361 0.013414 0.023953
v 0.007608 0.010502 0.024000
v 0.007693 0.010849 0.023840
v 0.007467 0.010831 0.023840
v 0.007625 0.010697 0.023953
v 0.007589 0.010727 0.023932
v 0.007584 0.010794 0.023840
v 0.007559 0.010692 0.023953
v -0.002124 0.025430 0.024000
v -0.001759 0.025194 0.023840
v -0.001727 0.025264 0.023840
v -0.001948 0.025279 0.023953
v -0.001797 0.025259 0.023932
v -0.001685 0.025202 0.023840
v -0.001929 0.025381 0.023953
v 0.001214 0.022892 0.023840
v 0.001058 0.022835 0.023840
v 0.001195 0.022701 0.024000
v 0.001114 0.022924 0.023840
v 0.001132 0.022876 0.023932
v 0.001101 0.022789 0.023953
v 0.001211 0.022829 0.023953
v 0.000913 0.022929 0.018800
v 0.001058 0.022835 0.018960
v 0.001214 0.022892 0.018640
v 0.001018 0.022875 0.018847
v 0.001076 0.022926 0.018800
v 0.001117 0.022917 0.018800
v 0.001085 0.022936 0.018753
v -0.001672 0.025014 0.018800
v -0.001727 0.025264 0.018640
v -0.001759 0.025194 0.018960
v -0.001679 0.025164 0.018753
v -0.001674 0.025165 0.018800
v -0.001685 0.025202 0.018800
v -0.001709 0.025136 0.018847
v -0.002750 0.025227 0.023840
v -0.002561 0.025353 0.023840
v -0.002872 0.025578 0.024000
v -0.002682 0.025329 0.023840
v -0.002725 0.025383 0.023932
v -0.002723 0.025433 0.023953
v -0.002775 0.025384 0.023953
v -0.004662 0.016544 0.024000
v -0.004309 0.016524 0.023840
v -0.004436 0.016713 0.023840
v -0.004543 0.016556 0.023953
v -0.004480 0.016584 0.023932
v -0.004412 0.016592 0.023840
v -0.004509 0.016628 0.023953
v -0.000504 0.015771 0.023840
v -0.000200 0.015656 0.024000
v -0.000316 0.015897 0.023840
v -0.000297 0.015714 0.023953
v -0.000331 0.015760 0.023932
v -0.000290 0.015783 0.023953
v -0.000384 0.015795 0.023840
v -0.015963 0.023678 0.023840
v -0.016001 0.023834 0.024000
v -0.015972 0.023725 0.023953
v -0.016343 0.023555 0.023840
v -0.016697 0.023608 0.024000
v -0.016446 0.023353 0.023840
v -0.016510 0.023550 0.023953
v -0.016495 0.023505 0.023932
v -0.016540 0.023491 0.023953
v -0.016436 0.023475 0.023840
v -0.009769 0.016396 0.023840
v -0.009872 0.016194 0.023840
v -0.009524 0.016255 0.024000
v -0.009779 0.016274 0.023840
v -0.009710 0.016273 0.023932
v -0.009644 0.016253 0.023953
v -0.009687 0.016320 0.023953
v -0.013764 0.015098 0.023840
v -0.013850 0.014845 0.024000
v -0.013562 0.014995 0.023840
v -0.013775 0.014982 0.023953
v -0.013731 0.014964 0.023932
v -0.013760 0.014914 0.023953
v -0.013684 0.015005 0.023840
v -0.012451 0.024651 0.023840
v -0.012371 0.025013 0.024000
v -0.012653 0.024753 0.023840
v -0.012445 0.024810 0.023953
v -0.012494 0.024803 0.023932
v -0.012502 0.024852 0.023953
v -0.012531 0.024744 0.023840
v 0.014476 -0.020459 -0.023840
v 0.014405 -0.020810 -0.024000
v 0.014251 -0.020487 -0.023840
v 0.014414 -0.020614 -0.023953
v 0.014377 -0.020586 -0.023932
v 0.014349 -0.020622 -0.023953
v 0.014369 -0.020520 -0.023840
v 0.016837 -0.017177 -0.023840
v 0.017188 -0.017248 -0.024000
v 0.016865 -0.017402 -0.023840
v 0.016992 -0.017239 -0.023953
v 0.016963 -0.017276 -0.023932
v 0.017000 -0.017305 -0.023953
v 0.016897 -0.017284 -0.023840
v 0.007060 -0.015072 -0.024000
v 0.007384 -0.014918 -0.023840
v 0.007412 -0.015143 -0.023840
v 0.007248 -0.015016 -0.023953
v 0.007285 -0.015045 -0.023932
v 0.007351 -0.015036 -0.023840
v 0.007256 -0.015082 -0.023953
v 0.007464 -0.014816 -0.023840
v 0.007332 -0.014724 -0.024000
v 0.007424 -0.014791 -0.023953
v 0.008408 -0.013607 -0.023840
v 0.008298 -0.013488 -0.024000
v 0.008379 -0.013568 -0.023953
v 0.009997 -0.011834 -0.023840
v 0.009772 -0.011861 -0.023840
v 0.009843 -0.011510 -0.024000
v 0.009879 -0.011801 -0.023840
v 0.009871 -0.011735 -0.023932
v 0.009834 -0.011706 -0.023953
v 0.009900 -0.011698 -0.023953
v 0.011778 -0.007039 -0.024000
v 0.011985 -0.006747 -0.023840
v 0.012119 -0.006930 -0.023840
v 0.011915 -0.006898 -0.023953
v 0.011961 -0.006906 -0.023932
v 0.012015 -0.006866 -0.023840
v 0.011954 -0.006952 -0.023953
v 0.011892 -0.006304 -0.024000
v 0.012031 -0.006455 -0.023840
v 0.011994 -0.006384 -0.023953
v 0.012170 -0.005554 -0.023840
v 0.012041 -0.005342 -0.024000
v 0.012138 -0.005453 -0.023953
v 0.021473 -0.004290 -0.023840
v 0.021339 -0.004107 -0.023840
v 0.021680 -0.003998 -0.024000
v 0.021444 -0.004171 -0.023840
v 0.021498 -0.004132 -0.023932
v 0.021505 -0.004085 -0.023953
v 0.021544 -0.004139 -0.023953
v 0.012762 -0.002779 -0.023840
v 0.012579 -0.002913 -0.023840
v 0.012470 -0.002572 -0.024000
v 0.012643 -0.002809 -0.023840
v 0.012603 -0.002755 -0.023932
v 0.012557 -0.002748 -0.023953
v 0.012611 -0.002709 -0.023953
v 0.020989 -0.008465 -0.024000
v 0.020697 -0.008258 -0.023840
v 0.020880 -0.008124 -0.023840
v 0.020848 -0.008329 -0.023953
v 0.020855 -0.008282 -0.023932
v 0.020816 -0.008229 -0.023840
v 0.020901 -0.008290 -0.023953
v 0.018010 0.009170 -0.018960
v 0.018035 0.009326 -0.018640
v 0.018131 0.009044 -0.018800
v 0.018080 0.009239 -0.018800
v 0.018097 0.009201 -0.018800
v 0.018104 0.009211 -0.018753
v 0.018059 0.009138 -0.018847
v 0.018035 0.009326 -0.023840
v 0.018010 0.009170 -0.023840
v 0.017840 0.009278 -0.024000
v 0.018089 0.009237 -0.023840
v 0.018035 0.009246 -0.023932
v 0.017951 0.009203 -0.023953
v 0.017969 0.009314 -0.023953
v 0.019950 0.007577 -0.024000
v 0.019652 0.007918 -0.023840
v 0.019721 0.007967 -0.023840
v 0.019770 0.007736 -0.023953
v 0.019722 0.007893 -0.023932
v 0.019649 0.007994 -0.023840
v 0.019856 0.007798 -0.023953
v 0.019652 0.007918 -0.018960
v 0.019461 0.007971 -0.018800
v 0.019721 0.007967 -0.018640
v 0.019588 0.007956 -0.018847
v 0.019611 0.007998 -0.018800
v 0.019612 0.007995 -0.018753
v 0.019649 0.007994 -0.018800
v 0.012222 0.002536 -0.023840
v 0.011977 0.002274 -0.024000
v 0.012016 0.002630 -0.023840
v 0.012088 0.002436 -0.023953
v 0.012072 0.002480 -0.023932
v 0.012028 0.002464 -0.023953
v 0.012099 0.002541 -0.023840
v 0.010664 0.006267 -0.023840
v 0.010402 0.006511 -0.024000
v 0.010758 0.006473 -0.023840
v 0.010564 0.006401 -0.023953
v 0.010608 0.006417 -0.023932
v 0.010591 0.006461 -0.023953
v 0.010668 0.006389 -0.023840
v 0.020451 0.005768 -0.023840
v 0.020713 0.005523 -0.024000
v 0.020357 0.005562 -0.023840
v 0.020551 0.005634 -0.023953
v 0.020507 0.005617 -0.023932
v 0.020524 0.005573 -0.023953
v 0.020447 0.005645 -0.023840
v 0.007739 0.017630 -0.023840
v 0.007760 0.017408 -0.023840
v 0.007635 0.017508 -0.024000
v 0.007796 0.017523 -0.023840
v 0.007767 0.017520 -0.023932
v 0.007723 0.017437 -0.023953
v 0.007708 0.017594 -0.023953
v 0.011259 0.014791 -0.023840
v 0.011155 0.014669 -0.024000
v 0.011030 0.014770 -0.023840
v 0.011228 0.014756 -0.023953
v 0.011143 0.014798 -0.023932
v 0.011067 0.014741 -0.023953
v 0.011140 0.014827 -0.023840
v 0.007739 0.017630 -0.018640
v 0.007884 0.017307 -0.018800
v 0.007760 0.017408 -0.018960
v 0.007832 0.017494 -0.018753
v 0.007819 0.017478 -0.018800
v 0.007797 0.017379 -0.018847
v 0.007796 0.017523 -0.018800
v 0.010905 0.014871 -0.018800
v 0.011259 0.014791 -0.018640
v 0.011030 0.014770 -0.018960
v 0.011103 0.014857 -0.018753
v 0.011090 0.014840 -0.018800
v 0.011140 0.014827 -0.018800
v 0.010993 0.014799 -0.018847
v 0.004495 0.013572 -0.023840
v 0.004513 0.013346 -0.023840
v 0.004165 0.013431 -0.024000
v 0.004457 0.013455 -0.023840
v 0.004391 0.013450 -0.023932
v 0.004361 0.013414 -0.023953
v 0.004355 0.013480 -0.023953
v 0.007693 0.010849 -0.023840
v 0.007608 0.010502 -0.024000
v 0.007467 0.010831 -0.023840
v 0.007625 0.010697 -0.023953
v 0.007589 0.010727 -0.023932
v 0.007559 0.010692 -0.023953
v 0.007584 0.010794 -0.023840
v -0.002135 0.025432 -0.024000
v -0.001727 0.025264 -0.023840
v -0.001759 0.025194 -0.023840
v -0.001932 0.025381 -0.023953
v -0.001799 0.025260 -0.023932
v -0.001685 0.025202 -0.023840
v -0.001954 0.025281 -0.023953
v 0.001195 0.022701 -0.024000
v 0.001058 0.022835 -0.023840
v 0.001214 0.022892 -0.023840
v 0.001101 0.022789 -0.023953
v 0.001132 0.022876 -0.023932
v 0.001114 0.022924 -0.023840
v 0.001211 0.022829 -0.023953
v -0.001759 0.025194 -0.018960
v -0.001727 0.025264 -0.018640
v -0.001672 0.025014 -0.018800
v -0.001685 0.025202 -0.018800
v -0.001674 0.025165 -0.018800
v -0.001679 0.025164 -0.018753
v -0.001709 0.025136 -0.018847
v 0.001214 0.022892 -0.018640
v 0.001058 0.022835 -0.018960
v 0.000913 0.022929 -0.018800
v 0.001117 0.022917 -0.018800
v 0.001076 0.022926 -0.018800
v 0.001018 0.022875 -0.018847
v 0.001085 0.022936 -0.018753
v -0.002750 0.025227 -0.023840
v -0.002872 0.025578 -0.024000
v -0.002561 0.025353 -0.023840
v -0.002775 0.025384 -0.023953
v -0.002725 0.025383 -0.023932
v -0.002723 0.025433 -0.023953
v -0.002682 0.025329 -0.023840
v -0.000316 0.015897 -0.023840
v -0.000200 0.015656 -0.024000
v -0.000504 0.015771 -0.023840
v -0.000290 0.015783 -0.023953
v -0.000331 0.015760 -0.023932
v -0.000297 0.015714 -0.023953
v -0.000384 0.015795 -0.023840
v -0.004309 0.016524 -0.023840
v -0.004662 0.016544 -0.024000
v -0.004436 0.016713 -0.023840
v -0.004543 0.016556 -0.023953
v -0.004480 0.016584 -0.023932
v -0.004509 0.016628 -0.023953
v -0.004412 0.016592 -0.023840
v -0.013764 0.015098 -0.023840
v -0.013562 0.014995 -0.023840
v -0.013850 0.014845 -0.024000
v -0.013684 0.015005 -0.023840
v -0.013731 0.014964 -0.023932
v -0.013760 0.014914 -0.023953
v -0.013775 0.014982 -0.023953
v -0.016343 0.023555 -0.023840
v -0.016446 0.023353 -0.023840
v -0.016697 0.023608 -0.024000
v -0.016436 0.023475 -0.023840
v -0.016495 0.023505 -0.023932
v -0.016540 0.023491 -0.023953
v -0.016510 0.023550 -0.023953
v -0.009769 0.016396 -0.023840
v -0.009524 0.016255 -0.024000
v -0.009872 0.016194 -0.023840
v -0.009687 0.016320 -0.023953
v -0.009710 0.016273 -0.023932
v -0.009644 0.016253 -0.023953
v -0.009779 0.016274 -0.023840
v -0.012371 0.025013 -0.024000
v -0.012451 0.024651 -0.023840
v -0.012653 0.024753 -0.023840
v -0.012445 0.024810 -0.023953
v -0.012494 0.024803 -0.023932
v -0.012531 0.024744 -0.023840
v -0.012502 0.024852 -0.023953
v -0.044553 0.018106 0.025200
v -0.044697 0.018036 0.025040
v -0.044483 0.017962 0.025040
v -0.044655 0.018056 0.025153
v -0.044596 0.017982 0.025132
v -0.044605 0.017954 0.025040
v -0.044503 0.018004 0.025153
v -0.051426 0.032199 0.025200
v -0.051497 0.032343 0.025040
v -0.051570 0.032128 0.025040
v -0.051476 0.032300 0.025153
v -0.051550 0.032241 0.025132
v -0.051578 0.032251 0.025040
v -0.051528 0.032149 0.025153
v -0.044483 0.017962 -0.025040
v -0.044697 0.018036 -0.025040
v -0.044566 0.018132 -0.025200
v -0.044605 0.017954 -0.025040
v -0.044598 0.017988 -0.025132
v -0.044661 0.018069 -0.025153
v -0.044507 0.018011 -0.025153
v -0.051426 0.032199 -0.025200
v -0.051570 0.032128 -0.025040
v -0.051497 0.032343 -0.025040
v -0.051528 0.032149 -0.025153
v -0.051550 0.032241 -0.025132
v -0.051578 0.032251 -0.025040
v -0.051476 0.032300 -0.025153
v -0.020503 0.029657 0.025040
v -0.020430 0.029872 0.025040
v -0.020574 0.029801 0.025200
v -0.020422 0.029749 0.025040
v -0.020450 0.029759 0.025132
v -0.020472 0.029851 0.025153
v -0.020524 0.029700 0.025153
v -0.027303 0.043964 0.025040
v -0.027517 0.044038 0.025040
v -0.027483 0.043968 0.025200
v -0.027387 0.044030 0.025040
v -0.027412 0.044033 0.025132
v -0.027515 0.044033 0.025153
v -0.027363 0.043981 0.025153
v -0.020503 0.029657 -0.025040
v -0.020493 0.029875 -0.025200
v -0.020430 0.029872 -0.025040
v -0.020484 0.029728 -0.025153
v -0.020434 0.029775 -0.025132
v -0.020454 0.029883 -0.025154
v -0.020422 0.029749 -0.025040
v -0.027393 0.044012 -0.025200
v -0.027517 0.044038 -0.025040
v -0.027303 0.043964 -0.025040
v -0.027450 0.044045 -0.025154
v -0.027392 0.044046 -0.025132
v -0.027395 0.044046 -0.025040
v -0.027343 0.044005 -0.025154
v -0.042675 0.036371 -0.025200
v -0.042612 0.036522 -0.025040
v -0.042631 0.036476 -0.025153
v -0.042000 0.036400 -0.025040
v -0.042000 0.036237 -0.025200
v -0.042000 0.036351 -0.025153
v -0.042758 0.036426 -0.025200
v -0.042890 0.036541 -0.025040
v -0.042612 0.036522 -0.025040
v -0.042851 0.036502 -0.025153
v -0.042750 0.036538 -0.025132
v -0.042748 0.036569 -0.025040
v -0.042655 0.036489 -0.025153
v -0.041388 0.036522 -0.025040
v -0.041325 0.036371 -0.025200
v -0.041369 0.036476 -0.025153
v -0.040325 0.037394 -0.025200
v -0.040522 0.037388 -0.025040
v -0.040457 0.037403 -0.025153
v -0.040485 0.037571 -0.025040
v -0.040310 0.037799 -0.025040
v -0.040254 0.037743 -0.025200
v -0.040421 0.037703 -0.025040
v -0.040389 0.037717 -0.025132
v -0.040285 0.037785 -0.025154
v -0.040411 0.037656 -0.025153
v -0.040753 0.036753 -0.025200
v -0.040869 0.036869 -0.025040
v -0.040834 0.036834 -0.025153
v -0.042612 0.036522 0.025040
v -0.042890 0.036541 0.025040
v -0.042758 0.036426 0.025200
v -0.042748 0.036569 0.025040
v -0.042750 0.036538 0.025132
v -0.042851 0.036502 0.025153
v -0.042655 0.036489 0.025153
v -0.042675 0.036371 0.025200
v -0.042612 0.036522 0.025040
v -0.042631 0.036476 0.025153
v -0.042000 0.036237 0.025200
v -0.042000 0.036400 0.025040
v -0.042000 0.036351 0.025153
v -0.040753 0.036753 0.025200
v -0.040869 0.036869 0.025040
v -0.040834 0.036834 0.025153
v -0.040310 0.037799 0.025040
v -0.040485 0.037571 0.025040
v -0.040254 0.037743 0.025200
v -0.040421 0.037703 0.025040
v -0.040389 0.037717 0.025132
v -0.040411 0.037656 0.025153
v -0.040285 0.037785 0.025154
v -0.040325 0.037394 0.025200
v -0.040522 0.037388 0.025040
v -0.040457 0.037403 0.025153
v -0.041325 0.036371 0.025200
v -0.041388 0.036522 0.025040
v -0.041369 0.036476 0.025153
v -0.036632 0.037330 -0.025200
v -0.036478 0.037388 -0.025040
v -0.036525 0.037371 -0.025153
v -0.036131 0.036869 -0.025040
v -0.036247 0.036753 -0.025200
v -0.036166 0.036834 -0.025153
v -0.036763 0.037988 -0.025200
v -0.036600 0.038000 -0.025040
v -0.036649 0.037994 -0.025153
v -0.035000 0.036237 -0.025200
v -0.035000 0.036400 -0.025040
v -0.035000 0.036351 -0.025153
v -0.036247 0.039247 -0.025200
v -0.036131 0.039131 -0.025040
v -0.036166 0.039166 -0.025153
v -0.035675 0.036371 -0.025200
v -0.035612 0.036522 -0.025040
v -0.035631 0.036476 -0.025153
v -0.036626 0.038680 -0.025200
v -0.036478 0.038612 -0.025040
v -0.036522 0.038634 -0.025153
v -0.033753 0.036753 -0.025200
v -0.033869 0.036869 -0.025040
v -0.033834 0.036834 -0.025153
v -0.035000 0.039600 -0.025040
v -0.035000 0.039763 -0.025200
v -0.035000 0.039649 -0.025153
v -0.033373 0.038685 -0.025200
v -0.033522 0.038612 -0.025040
v -0.033478 0.038636 -0.025153
v -0.033237 0.038000 -0.025200
v -0.033400 0.038000 -0.025040
v -0.033351 0.038000 -0.025153
v -0.033869 0.039131 -0.025040
v -0.033738 0.039232 -0.025200
v -0.033826 0.039158 -0.025153
v -0.033371 0.037325 -0.025200
v -0.033522 0.037388 -0.025040
v -0.033476 0.037369 -0.025153
v -0.034336 0.039631 -0.025200
v -0.034388 0.039478 -0.025040
v -0.034374 0.039525 -0.025153
v -0.035675 0.039629 -0.025200
v -0.035612 0.039478 -0.025040
v -0.035631 0.039524 -0.025153
v -0.034325 0.036371 -0.025200
v -0.034388 0.036522 -0.025040
v -0.034369 0.036476 -0.025153
v -0.036247 0.036753 0.025200
v -0.036131 0.036869 0.025040
v -0.036166 0.036834 0.025153
v -0.036632 0.037330 0.025200
v -0.036478 0.037388 0.025040
v -0.036525 0.037371 0.025153
v -0.035675 0.036371 0.025200
v -0.035612 0.036522 0.025040
v -0.035631 0.036476 0.025153
v -0.036600 0.038000 0.025040
v -0.036763 0.037988 0.025200
v -0.036649 0.037994 0.025153
v -0.034325 0.036371 0.025200
v -0.034388 0.036522 0.025040
v -0.034369 0.036476 0.025153
v -0.035000 0.036400 0.025040
v -0.035000 0.036237 0.025200
v -0.035000 0.036351 0.025153
v -0.036626 0.038680 0.025200
v -0.036478 0.038612 0.025040
v -0.036522 0.038634 0.025153
v -0.036247 0.039247 0.025200
v -0.036131 0.039131 0.025040
v -0.036166 0.039166 0.025153
v -0.035000 0.039763 0.025200
v -0.035000 0.039600 0.025040
v -0.035000 0.039649 0.025153
v -0.033371 0.037325 0.025200
v -0.033522 0.037388 0.025040
v -0.033476 0.037369 0.025153
v -0.035675 0.039629 0.025200
v -0.035612 0.039478 0.025040
v -0.035631 0.039524 0.025153
v -0.033371 0.038675 0.025200
v -0.033522 0.038612 0.025040
v -0.033476 0.038631 0.025153
v -0.033869 0.039131 0.025040
v -0.033753 0.039247 0.025200
v -0.033834 0.039166 0.025153
v -0.033237 0.038000 0.025200
v -0.033400 0.038000 0.025040
v -0.033351 0.038000 0.025153
v -0.034388 0.039478 0.025040
v -0.034325 0.039629 0.025200
v -0.034369 0.039524 0.025153
v -0.033753 0.036753 0.025200
v -0.033869 0.036869 0.025040
v -0.033834 0.036834 0.025153
v -0.029629 0.037325 -0.025200
v -0.029478 0.037388 -0.025040
v -0.029524 0.037369 -0.025153
v -0.029131 0.036869 -0.025040
v -0.029247 0.036753 -0.025200
v -0.029166 0.036834 -0.025153
v -0.029763 0.038000 -0.025200
v -0.029600 0.038000 -0.025040
v -0.029649 0.038000 -0.025153
v -0.028000 0.036237 -0.025200
v -0.028000 0.036400 -0.025040
v -0.028000 0.036351 -0.025153
v -0.029247 0.039247 -0.025200
v -0.029131 0.039131 -0.025040
v -0.029166 0.039166 -0.025153
v -0.028675 0.036371 -0.025200
v -0.028612 0.036522 -0.025040
v -0.028631 0.036476 -0.025153
v -0.029629 0.038675 -0.025200
v -0.029478 0.038612 -0.025040
v -0.029524 0.038631 -0.025153
v -0.026758 0.036748 -0.025200
v -0.026869 0.036869 -0.025040
v -0.026837 0.036831 -0.025153
v -0.028000 0.039600 -0.025040
v -0.027977 0.039763 -0.025200
v -0.027989 0.039649 -0.025153
v -0.026522 0.038612 -0.025040
v -0.026371 0.038675 -0.025200
v -0.026476 0.038631 -0.025153
v -0.026400 0.038000 -0.025040
v -0.026237 0.038000 -0.025200
v -0.026351 0.038000 -0.025153
v -0.026869 0.039131 -0.025040
v -0.026753 0.039247 -0.025200
v -0.026834 0.039166 -0.025153
v -0.026370 0.037329 -0.025200
v -0.026522 0.037388 -0.025040
v -0.026476 0.037371 -0.025153
v -0.027334 0.039635 -0.025200
v -0.027388 0.039478 -0.025040
v -0.027374 0.039526 -0.025153
v -0.028684 0.039623 -0.025200
v -0.028612 0.039478 -0.025040
v -0.028636 0.039521 -0.025153
v -0.027322 0.036372 -0.025200
v -0.027388 0.036522 -0.025040
v -0.027367 0.036477 -0.025153
v -0.029247 0.036753 0.025200
v -0.029131 0.036869 0.025040
v -0.029166 0.036834 0.025153
v -0.029629 0.037325 0.025200
v -0.029478 0.037388 0.025040
v -0.029524 0.037369 0.025153
v -0.028675 0.036371 0.025200
v -0.028612 0.036522 0.025040
v -0.028631 0.036476 0.025153
v -0.029763 0.038000 0.025200
v -0.029600 0.038000 0.025040
v -0.029649 0.038000 0.025153
v -0.027325 0.036371 0.025200
v -0.027388 0.036522 0.025040
v -0.027369 0.036476 0.025153
v -0.028000 0.036237 0.025200
v -0.028000 0.036400 0.025040
v -0.028000 0.036351 0.025153
v -0.029629 0.038675 0.025200
v -0.029478 0.038612 0.025040
v -0.029524 0.038631 0.025153
v -0.029496 0.038520 0.025040
v -0.029655 0.038543 0.025200
v -0.029543 0.038525 0.025153
v -0.029131 0.039131 0.025040
v -0.029247 0.039247 0.025200
v -0.029166 0.039166 0.025153
v -0.028000 0.039600 0.025040
v -0.027977 0.039763 0.025200
v -0.027989 0.039649 0.025153
v -0.026371 0.037325 0.025200
v -0.026522 0.037388 0.025040
v -0.026476 0.037369 0.025153
v -0.028612 0.039478 0.025040
v -0.028684 0.039623 0.025200
v -0.028636 0.039521 0.025153
v -0.026522 0.038612 0.025040
v -0.026371 0.038675 0.025200
v -0.026476 0.038631 0.025153
v -0.026753 0.039247 0.025200
v -0.026869 0.039131 0.025040
v -0.026834 0.039166 0.025153
v -0.026400 0.038000 0.025040
v -0.026237 0.038000 0.025200
v -0.026351 0.038000 0.025153
v -0.027334 0.039635 0.025200
v -0.027388 0.039478 0.025040
v -0.027374 0.039526 0.025153
v -0.026869 0.036869 0.025040
v -0.026753 0.036753 0.025200
v -0.026834 0.036834 0.025153
v 0.019744 -0.025457 0.025200
v 0.019595 -0.025391 0.025040
v 0.019638 -0.025614 0.025040
v 0.019642 -0.025405 0.025153
v 0.019603 -0.025501 0.025132
v 0.019567 -0.025516 0.025040
v 0.019673 -0.025563 0.025153
v 0.028496 -0.012482 0.025200
v 0.028585 -0.012349 0.025040
v 0.028363 -0.012392 0.025040
v 0.028559 -0.012388 0.025153
v 0.028471 -0.012353 0.025132
v 0.028465 -0.012325 0.025040
v 0.028402 -0.012418 0.025153
v 0.036000 -0.023962 -0.021480
v 0.036000 -0.023800 -0.021640
v 0.036000 -0.023848 -0.021527
v 0.019595 -0.025391 -0.025040
v 0.019744 -0.025457 -0.025200
v 0.019638 -0.025614 -0.025040
v 0.019642 -0.025405 -0.025153
v 0.019603 -0.025501 -0.025132
v 0.019669 -0.025568 -0.025153
v 0.019571 -0.025511 -0.025040
v 0.028496 -0.012482 -0.025200
v 0.028363 -0.012392 -0.025040
v 0.028585 -0.012349 -0.025040
v 0.028402 -0.012418 -0.025153
v 0.028471 -0.012353 -0.025132
v 0.028465 -0.012325 -0.025040
v 0.028559 -0.012388 -0.025153
v 0.036569 -0.023875 -0.021640
v 0.036528 -0.024031 -0.021480
v 0.036557 -0.023921 -0.021527
v 0.043415 -0.041651 0.025040
v 0.043637 -0.041608 0.025040
v 0.043566 -0.041524 0.025200
v 0.043535 -0.041675 0.025040
v 0.043542 -0.041647 0.025132
v 0.043621 -0.041575 0.025154
v 0.043466 -0.041619 0.025153
v 0.052405 -0.028609 0.025040
v 0.052362 -0.028386 0.025040
v 0.052315 -0.028548 0.025200
v 0.052429 -0.028489 0.025040
v 0.052410 -0.028500 0.025132
v 0.052357 -0.028440 0.025153
v 0.052378 -0.028591 0.025154
v 0.037019 -0.024235 -0.021480
v 0.037100 -0.024095 -0.021640
v 0.037076 -0.024136 -0.021527
v 0.043637 -0.041608 -0.025040
v 0.043415 -0.041651 -0.025040
v 0.043566 -0.041524 -0.025200
v 0.043535 -0.041675 -0.025040
v 0.043542 -0.041647 -0.025132
v 0.043466 -0.041619 -0.025153
v 0.043621 -0.041575 -0.025154
v 0.052362 -0.028386 -0.025040
v 0.052405 -0.028609 -0.025040
v 0.052315 -0.028548 -0.025200
v 0.052420 -0.028483 -0.025040
v 0.052410 -0.028500 -0.025132
v 0.052388 -0.028597 -0.025153
v 0.052357 -0.028440 -0.025153
v 0.037556 -0.024444 -0.021640
v 0.037441 -0.024559 -0.021480
v 0.037522 -0.024478 -0.021527
v 0.042614 -0.034426 -0.025040
v 0.042463 -0.034363 -0.025200
v 0.042569 -0.034407 -0.025153
v 0.037905 -0.024900 -0.021640
v 0.037765 -0.024981 -0.021480
v 0.037864 -0.024924 -0.021527
v 0.042824 -0.033824 -0.025200
v 0.042939 -0.033939 -0.025040
v 0.042905 -0.033905 -0.025153
v 0.042500 -0.035000 -0.025040
v 0.042337 -0.035000 -0.025200
v 0.042451 -0.035000 -0.025153
v 0.043363 -0.033463 -0.025200
v 0.043426 -0.033614 -0.025040
v 0.043407 -0.033569 -0.025153
v 0.037969 -0.025472 -0.021480
v 0.038125 -0.025431 -0.021640
v 0.038079 -0.025443 -0.021527
v 0.044637 -0.033463 -0.025200
v 0.044574 -0.033614 -0.025040
v 0.044593 -0.033569 -0.025153
v 0.042463 -0.035637 -0.025200
v 0.042614 -0.035574 -0.025040
v 0.042569 -0.035593 -0.025153
v 0.038038 -0.026000 -0.021480
v 0.038200 -0.026000 -0.021640
v 0.038152 -0.026000 -0.021527
v 0.044000 -0.033337 -0.025200
v 0.044000 -0.033500 -0.025040
v 0.044000 -0.033451 -0.025153
v 0.044000 -0.036500 -0.025040
v 0.043986 -0.036663 -0.025200
v 0.043993 -0.036549 -0.025153
v 0.038125 -0.026569 -0.021640
v 0.037969 -0.026528 -0.021480
v 0.038079 -0.026557 -0.021527
v 0.043369 -0.036541 -0.025200
v 0.043426 -0.036386 -0.025040
v 0.043410 -0.036433 -0.025153
v 0.045386 -0.034426 -0.025040
v 0.045537 -0.034363 -0.025200
v 0.045431 -0.034407 -0.025153
v 0.037765 -0.027019 -0.021480
v 0.037905 -0.027100 -0.021640
v 0.037864 -0.027076 -0.021527
v 0.045176 -0.036176 -0.025200
v 0.045061 -0.036061 -0.025040
v 0.045095 -0.036095 -0.025153
v 0.045537 -0.035637 -0.025200
v 0.045386 -0.035574 -0.025040
v 0.045431 -0.035593 -0.025153
v 0.037556 -0.027556 -0.021640
v 0.037441 -0.027441 -0.021480
v 0.037522 -0.027522 -0.021527
v 0.044642 -0.036533 -0.025200
v 0.044574 -0.036386 -0.025040
v 0.044596 -0.036430 -0.025153
v 0.045663 -0.035000 -0.025200
v 0.045500 -0.035000 -0.025040
v 0.045549 -0.035000 -0.025153
v 0.037019 -0.027765 -0.021480
v 0.037100 -0.027905 -0.021640
v 0.037076 -0.027864 -0.021527
v 0.045061 -0.033939 -0.025040
v 0.045176 -0.033824 -0.025200
v 0.045095 -0.033905 -0.025153
v 0.042824 -0.036176 -0.025200
v 0.042939 -0.036061 -0.025040
v 0.042905 -0.036095 -0.025153
v 0.036569 -0.028125 -0.021640
v 0.036528 -0.027969 -0.021480
v 0.036557 -0.028079 -0.021527
v 0.042463 -0.034363 0.025200
v 0.042614 -0.034426 0.025040
v 0.042569 -0.034407 0.025153
v 0.036000 -0.028038 -0.021480
v 0.036000 -0.028200 -0.021640
v 0.036000 -0.028152 -0.021527
v 0.042939 -0.033939 0.025040
v 0.042824 -0.033824 0.025200
v 0.042905 -0.033905 0.025153
v 0.042337 -0.035000 0.025200
v 0.042500 -0.035000 0.025040
v 0.042451 -0.035000 0.025153
v 0.035472 -0.027969 -0.021480
v 0.035431 -0.028125 -0.021640
v 0.035443 -0.028079 -0.021527
v 0.043426 -0.033614 0.025040
v 0.043363 -0.033463 0.025200
v 0.043407 -0.033569 0.025153
v 0.042824 -0.036176 0.025200
v 0.042939 -0.036061 0.025040
v 0.042905 -0.036095 0.025153
v 0.034981 -0.027765 -0.021480
v 0.034900 -0.027905 -0.021640
v 0.034924 -0.027864 -0.021527
v 0.042463 -0.035637 0.025200
v 0.042614 -0.035574 0.025040
v 0.042569 -0.035593 0.025153
v 0.044052 -0.033326 0.025200
v 0.044000 -0.033500 0.025040
v 0.044025 -0.033448 0.025153
v 0.034559 -0.027441 -0.021480
v 0.034444 -0.027556 -0.021640
v 0.034478 -0.027522 -0.021527
v 0.045541 -0.034383 0.025200
v 0.045386 -0.034426 0.025040
v 0.045434 -0.034417 0.025153
v 0.044000 -0.036500 0.025040
v 0.043986 -0.036663 0.025200
v 0.043993 -0.036549 0.025153
v 0.045061 -0.033939 0.025040
v 0.045183 -0.033849 0.025200
v 0.045101 -0.033916 0.025153
v 0.034095 -0.027100 -0.021640
v 0.034235 -0.027019 -0.021480
v 0.034136 -0.027076 -0.021527
v 0.045176 -0.036176 0.025200
v 0.045061 -0.036061 0.025040
v 0.045095 -0.036095 0.025153
v 0.045537 -0.035637 0.025200
v 0.045386 -0.035574 0.025040
v 0.045431 -0.035593 0.025153
v 0.034031 -0.026528 -0.021480
v 0.033875 -0.026569 -0.021640
v 0.033921 -0.026557 -0.021527
v 0.044642 -0.036533 0.025200
v 0.044574 -0.036386 0.025040
v 0.044596 -0.036430 0.025153
v 0.033962 -0.026000 -0.021480
v 0.033800 -0.026000 -0.021640
v 0.033848 -0.026000 -0.021527
v 0.045663 -0.035000 0.025200
v 0.045500 -0.035000 0.025040
v 0.045549 -0.035000 0.025153
v 0.043426 -0.036386 0.025040
v 0.043369 -0.036541 0.025200
v 0.043410 -0.036433 0.025153
v 0.044544 -0.033423 0.025200
v 0.044574 -0.033614 0.025040
v 0.044547 -0.033549 0.025153
v 0.034031 -0.025472 -0.021480
v 0.033875 -0.025431 -0.021640
v 0.033921 -0.025443 -0.021527
v 0.042614 -0.027926 -0.025040
v 0.042454 -0.027878 -0.025200
v 0.042565 -0.027914 -0.025153
v 0.042824 -0.027324 -0.025200
v 0.042939 -0.027439 -0.025040
v 0.042905 -0.027405 -0.025153
v 0.034235 -0.024981 -0.021480
v 0.034095 -0.024900 -0.021640
v 0.034136 -0.024924 -0.021527
v 0.042500 -0.028500 -0.025040
v 0.042337 -0.028463 -0.025200
v 0.042451 -0.028482 -0.025153
v 0.043363 -0.026963 -0.025200
v 0.043426 -0.027114 -0.025040
v 0.043407 -0.027069 -0.025153
v 0.034444 -0.024444 -0.021640
v 0.034559 -0.024559 -0.021480
v 0.034478 -0.024478 -0.021527
v 0.044637 -0.026963 -0.025200
v 0.044574 -0.027114 -0.025040
v 0.044593 -0.027069 -0.025153
v 0.042474 -0.029152 -0.025200
v 0.042614 -0.029074 -0.025040
v 0.042573 -0.029101 -0.025153
v 0.034981 -0.024235 -0.021480
v 0.034900 -0.024095 -0.021640
v 0.034924 -0.024136 -0.021527
v 0.044000 -0.026837 -0.025200
v 0.044000 -0.027000 -0.025040
v 0.044000 -0.026951 -0.025153
v 0.044000 -0.030163 -0.025200
v 0.044000 -0.030000 -0.025040
v 0.044000 -0.030049 -0.025153
v 0.035472 -0.024031 -0.021480
v 0.035431 -0.023875 -0.021640
v 0.035443 -0.023921 -0.021527
v 0.044488 -0.029903 -0.025040
v 0.044510 -0.030062 -0.025200
v 0.044493 -0.029950 -0.025153
v 0.043363 -0.030037 -0.025200
v 0.043426 -0.029886 -0.025040
v 0.043407 -0.029931 -0.025153
v 0.045537 -0.027864 -0.025200
v 0.045386 -0.027926 -0.025040
v 0.045431 -0.027907 -0.025153
v 0.045176 -0.029676 -0.025200
v 0.045061 -0.029561 -0.025040
v 0.045095 -0.029595 -0.025153
v 0.045537 -0.029137 -0.025200
v 0.045386 -0.029074 -0.025040
v 0.045431 -0.029093 -0.025153
v 0.044574 -0.029886 -0.025040
v 0.044637 -0.030037 -0.025200
v 0.044593 -0.029931 -0.025153
v 0.045500 -0.028500 -0.025040
v 0.045663 -0.028499 -0.025200
v 0.045549 -0.028500 -0.025153
v 0.045176 -0.027324 -0.025200
v 0.045061 -0.027439 -0.025040
v 0.045095 -0.027405 -0.025153
v 0.042824 -0.029676 -0.025200
v 0.042939 -0.029561 -0.025040
v 0.042905 -0.029595 -0.025153
v 0.042824 -0.027324 0.025200
v 0.042939 -0.027439 0.025040
v 0.042905 -0.027405 0.025153
v 0.043363 -0.026963 0.025200
v 0.043426 -0.027114 0.025040
v 0.043407 -0.027069 0.025153
v 0.044000 -0.026837 0.025200
v 0.044000 -0.027000 0.025040
v 0.044000 -0.026951 0.025153
v 0.045061 -0.027439 0.025040
v 0.045176 -0.027324 0.025200
v 0.045095 -0.027405 0.025153
v 0.044637 -0.026963 0.025200
v 0.044574 -0.027114 0.025040
v 0.044593 -0.027069 0.025153
v 0.042463 -0.027863 0.025200
v 0.042614 -0.027926 0.025040
v 0.042569 -0.027907 0.025153
v 0.042337 -0.028500 0.025200
v 0.042500 -0.028500 0.025040
v 0.042451 -0.028500 0.025153
v 0.043353 -0.030029 0.025200
v 0.043426 -0.029886 0.025040
v 0.043401 -0.029928 0.025153
v 0.042824 -0.029676 0.025200
v 0.042939 -0.029561 0.025040
v 0.042905 -0.029595 0.025153
v 0.042463 -0.029137 0.025200
v 0.042614 -0.029074 0.025040
v 0.042569 -0.029093 0.025153
v 0.045537 -0.027864 0.025200
v 0.045386 -0.027926 0.025040
v 0.045431 -0.027907 0.025153
v 0.045061 -0.029561 0.025040
v 0.045176 -0.029676 0.025200
v 0.045095 -0.029595 0.025153
v 0.045537 -0.029137 0.025200
v 0.045386 -0.029074 0.025040
v 0.045431 -0.029093 0.025153
v 0.044026 -0.030163 0.025200
v 0.044000 -0.030000 0.025040
v 0.044013 -0.030049 0.025153
v 0.044574 -0.029886 0.025040
v 0.044626 -0.030044 0.025200
v 0.044588 -0.029934 0.025153
v 0.045500 -0.028500 0.025040
v 0.045663 -0.028499 0.025200
v 0.045549 -0.028500 0.025153
v 0.042500 -0.022000 -0.025040
v 0.042337 -0.022000 -0.025200
v 0.042451 -0.022000 -0.025153
v 0.042369 -0.021839 -0.025200
v 0.042414 -0.021676 -0.025040
v 0.042515 -0.021923 -0.025040
v 0.042398 -0.021725 -0.025153
v 0.042474 -0.021796 -0.025132
v 0.042501 -0.021785 -0.025040
v 0.042469 -0.021900 -0.025153
v 0.042614 -0.022574 -0.025040
v 0.042463 -0.022637 -0.025200
v 0.042569 -0.022593 -0.025153
v 0.043363 -0.023537 -0.025200
v 0.043426 -0.023386 -0.025040
v 0.043407 -0.023431 -0.025153
v 0.044629 -0.023349 -0.025040
v 0.044895 -0.023350 -0.025040
v 0.044762 -0.023453 -0.025200
v 0.044762 -0.023310 -0.025040
v 0.044762 -0.023339 -0.025132
v 0.044856 -0.023383 -0.025153
v 0.044668 -0.023383 -0.025153
v 0.044637 -0.023537 -0.025200
v 0.044574 -0.023386 -0.025040
v 0.044593 -0.023431 -0.025153
v 0.044000 -0.023663 -0.025200
v 0.044000 -0.023500 -0.025040
v 0.044000 -0.023549 -0.025153
v 0.042824 -0.023176 -0.025200
v 0.042939 -0.023061 -0.025040
v 0.042905 -0.023095 -0.025153
v 0.042337 -0.022000 0.025200
v 0.042500 -0.022000 0.025040
v 0.042451 -0.022000 0.025153
v 0.042414 -0.021676 0.025040
v 0.042369 -0.021839 0.025200
v 0.042515 -0.021923 0.025040
v 0.042398 -0.021725 0.025153
v 0.042474 -0.021796 0.025132
v 0.042469 -0.021900 0.025153
v 0.042501 -0.021785 0.025040
v 0.042824 -0.023176 0.025200
v 0.042939 -0.023061 0.025040
v 0.042905 -0.023095 0.025153
v 0.042614 -0.022574 0.025040
v 0.042463 -0.022637 0.025200
v 0.042569 -0.022593 0.025153
v 0.044000 -0.023663 0.025200
v 0.044000 -0.023500 0.025040
v 0.044000 -0.023549 0.025153
v 0.044629 -0.023349 0.025040
v 0.044762 -0.023453 0.025200
v 0.044895 -0.023350 0.025040
v 0.044668 -0.023383 0.025153
v 0.044762 -0.023339 0.025132
v 0.044856 -0.023383 0.025153
v 0.044762 -0.023310 0.025040
v 0.044637 -0.023537 0.025200
v 0.044574 -0.023386 0.025040
v 0.044593 -0.023431 0.025153
v 0.043363 -0.023537 0.025200
v 0.043426 -0.023386 0.025040
v 0.043407 -0.023431 0.025153
v 0.033955 -0.024819 -0.025200
v 0.034095 -0.024900 -0.025040
v 0.034053 -0.024876 -0.025153
v 0.034330 -0.024330 -0.025200
v 0.034444 -0.024444 -0.025040
v 0.034410 -0.024410 -0.025153
v 0.033719 -0.025389 -0.025200
v 0.033875 -0.025431 -0.025040
v 0.033829 -0.025418 -0.025153
v 0.034819 -0.023955 -0.025200
v 0.034900 -0.024095 -0.025040
v 0.034876 -0.024053 -0.025153
v 0.035389 -0.023719 -0.025200
v 0.035431 -0.023875 -0.025040
v 0.035418 -0.023829 -0.025153
v 0.033875 -0.026569 -0.025040
v 0.033719 -0.026611 -0.025200
v 0.033829 -0.026582 -0.025153
v 0.036000 -0.023638 -0.025200
v 0.036000 -0.023800 -0.025040
v 0.036000 -0.023752 -0.025153
v 0.033638 -0.026000 -0.025200
v 0.033800 -0.026000 -0.025040
v 0.033752 -0.026000 -0.025153
v 0.037181 -0.023955 -0.025200
v 0.037100 -0.024095 -0.025040
v 0.037124 -0.024053 -0.025153
v 0.038045 -0.024819 -0.025200
v 0.037905 -0.024900 -0.025040
v 0.037947 -0.024876 -0.025153
v 0.037556 -0.024444 -0.025040
v 0.037670 -0.024330 -0.025200
v 0.037590 -0.024410 -0.025153
v 0.038280 -0.026616 -0.025200
v 0.038125 -0.026569 -0.025040
v 0.038171 -0.026584 -0.025153
v 0.038361 -0.025998 -0.025200
v 0.038200 -0.026000 -0.025040
v 0.038248 -0.025999 -0.025153
v 0.037838 -0.027450 -0.025200
v 0.037666 -0.027412 -0.025040
v 0.037726 -0.027411 -0.025153
v 0.037905 -0.027100 -0.025040
v 0.038047 -0.027179 -0.025200
v 0.037947 -0.027123 -0.025153
v 0.038281 -0.025389 -0.025200
v 0.038125 -0.025431 -0.025040
v 0.038171 -0.025418 -0.025153
v 0.036611 -0.023719 -0.025200
v 0.036569 -0.023875 -0.025040
v 0.036582 -0.023829 -0.025153
v 0.034095 -0.027100 -0.025040
v 0.033955 -0.027181 -0.025200
v 0.034053 -0.027124 -0.025153
v 0.037670 -0.027670 -0.025200
v 0.037556 -0.027556 -0.025040
v 0.037590 -0.027590 -0.025153
v 0.034444 -0.027556 -0.025040
v 0.034330 -0.027670 -0.025200
v 0.034410 -0.027590 -0.025153
v 0.035389 -0.028281 -0.025200
v 0.035431 -0.028125 -0.025040
v 0.035418 -0.028171 -0.025153
v 0.034819 -0.028045 -0.025200
v 0.034900 -0.027905 -0.025040
v 0.034876 -0.027947 -0.025153
v 0.036611 -0.028281 -0.025200
v 0.036569 -0.028125 -0.025040
v 0.036582 -0.028171 -0.025153
v 0.037181 -0.028045 -0.025200
v 0.037100 -0.027905 -0.025040
v 0.037124 -0.027947 -0.025153
v 0.036000 -0.028362 -0.025200
v 0.036000 -0.028200 -0.025040
v 0.036000 -0.028248 -0.025153
v -0.012339 0.029391 -0.013840
v -0.012245 0.029520 -0.013680
v -0.012374 0.029615 -0.013840
v -0.012311 0.029429 -0.013727
v -0.012374 0.029500 -0.013748
v -0.012336 0.029587 -0.013727
v -0.012403 0.029495 -0.013840
v -0.010082 0.032497 -0.013680
v -0.009988 0.032627 -0.013840
v -0.010212 0.032591 -0.013840
v -0.010015 0.032589 -0.013727
v -0.010103 0.032626 -0.013748
v -0.010107 0.032656 -0.013840
v -0.010174 0.032564 -0.013727
v -0.012339 0.029391 -0.026960
v -0.012374 0.029615 -0.026960
v -0.012245 0.029520 -0.027120
v -0.012403 0.029495 -0.026960
v -0.012374 0.029500 -0.027052
v -0.012336 0.029587 -0.027073
v -0.012311 0.029429 -0.027073
v -0.009988 0.032627 -0.026960
v -0.010082 0.032497 -0.027120
v -0.010212 0.032591 -0.026960
v -0.010015 0.032589 -0.027073
v -0.010103 0.032626 -0.027052
v -0.010174 0.032564 -0.027073
v -0.010107 0.032656 -0.026960
v 0.039988 -0.008627 -0.013840
v 0.040212 -0.008591 -0.013840
v 0.040082 -0.008497 -0.013680
v 0.040107 -0.008656 -0.013840
v 0.040102 -0.008626 -0.013748
v 0.040174 -0.008564 -0.013727
v 0.040015 -0.008589 -0.013727
v 0.042339 -0.005391 -0.013840
v 0.042245 -0.005520 -0.013680
v 0.042374 -0.005615 -0.013840
v 0.042311 -0.005429 -0.013727
v 0.042374 -0.005500 -0.013748
v 0.042336 -0.005587 -0.013727
v 0.042403 -0.005495 -0.013840
v 0.039988 -0.008627 -0.026960
v 0.040082 -0.008497 -0.027120
v 0.040212 -0.008591 -0.026960
v 0.040015 -0.008589 -0.027073
v 0.040102 -0.008626 -0.027052
v 0.040174 -0.008564 -0.027073
v 0.040107 -0.008656 -0.026960
v 0.042339 -0.005391 -0.026960
v 0.042374 -0.005615 -0.026960
v 0.042245 -0.005520 -0.027120
v 0.042403 -0.005495 -0.026960
v 0.042374 -0.005500 -0.027052
v 0.042336 -0.005587 -0.027073
v 0.042311 -0.005429 -0.027073
vn 0.0175 -0.1423 -0.9897
vn 0.1537 -0.1201 -0.9808
vn -0.1474 0.1142 -0.9825
vn -0.1697 0.0976 -0.9807
vn -0.1798 0.0745 -0.9809
vn -0.1785 0.0440 -0.9830
vn -0.1745 0.0267 -0.9843
vn 0.1928 -0.0298 -0.9808
vn 0.1157 0.0846 -0.9897
vn -0.0847 0.1157 -0.9897
vn -0.1157 -0.0846 -0.9897
vn 0.0846 -0.1157 -0.9897
vn -0.1936 0.0063 -0.9811
vn -0.2023 -0.0327 -0.9788
vn -0.1898 -0.0509 -0.9805
vn -0.1804 -0.0747 -0.9808
vn -0.1691 -0.0976 -0.9808
vn -0.1549 -0.1188 -0.9808
vn -0.1380 -0.1380 -0.9808
vn -0.1188 -0.1549 -0.9808
vn -0.0976 -0.1691 -0.9808
vn -0.0747 -0.1804 -0.9808
vn -0.0505 -0.1886 -0.9808
vn -0.0255 -0.1936 -0.9808
vn -0.0000 -0.1952 -0.9808
vn 0.0255 -0.1936 -0.9808
vn 0.0505 -0.1886 -0.9808
vn 0.0747 -0.1804 -0.9808
vn 0.0976 -0.1691 -0.9808
vn 0.1188 -0.1549 -0.9808
vn 0.1380 -0.1380 -0.9808
vn 0.1549 -0.1188 -0.9808
vn 0.1691 -0.0976 -0.9808
vn 0.1804 -0.0747 -0.9808
vn 0.1887 -0.0506 -0.9807
vn 0.1110 -0.2055 -0.9723
vn 0.0567 -0.1324 -0.9896
vn 0.0410 -0.2016 -0.9786
vn -0.2436 -0.1006 -0.9646
vn -0.2334 0.1221 -0.9647
vn 0.0524 0.2861 -0.9568
vn 0.0663 -0.0338 -0.9972
vn 0.1734 0.0505 -0.9835
vn -0.0717 -0.0300 -0.9970
vn 0.0748 -0.0213 -0.9970
vn -0.1799 0.0300 -0.9832
vn -0.0662 0.1824 -0.9810
vn 0.2510 0.0246 -0.9677
vn 0.1429 0.0115 -0.9897
vn -0.0115 0.1429 -0.9897
vn -0.0228 0.2564 -0.9663
vn 0.1840 -0.0299 -0.9825
vn 0.1309 -0.0610 -0.9895
vn 0.0597 0.1303 -0.9897
vn -0.1303 0.0597 -0.9897
vn -0.0606 0.0842 -0.9946
vn 0.2236 0.1306 -0.9659
vn 0.2052 -0.1519 -0.9669
vn -0.0686 -0.2730 -0.9596
vn -0.2131 0.0050 -0.9770
vn -0.1400 0.0328 -0.9896
vn -0.0322 -0.1397 -0.9897
vn 0.1397 -0.0322 -0.9897
vn 0.0491 -0.0535 -0.9974
vn -0.1045 0.0388 -0.9938
vn -0.0000 0.1952 -0.9808
vn -0.0255 0.1935 -0.9808
vn -0.0505 0.1886 -0.9808
vn -0.0747 0.1804 -0.9808
vn -0.0976 0.1691 -0.9808
vn -0.1189 0.1555 -0.9807
vn -0.1325 0.1313 -0.9825
vn 0.1423 0.0175 -0.9897
vn -0.0175 0.1423 -0.9897
vn -0.1423 -0.0175 -0.9897
vn 0.1170 -0.0044 -0.9931
vn 0.0765 -0.1084 -0.9912
vn -0.0631 -0.1166 -0.9912
vn -0.9833 -0.0293 0.1794
vn -0.9285 0.3252 0.1794
vn -0.9209 0.2979 0.2514
vn -0.9679 -0.0055 0.2514
vn -0.8727 0.4542 0.1794
vn -0.6518 0.7369 0.1794
vn -0.6586 0.7093 0.2514
vn -0.8476 0.4674 0.2514
vn -0.7572 -0.6292 0.1756
vn -0.7572 -0.6292 -0.1756
vn -0.5501 -0.8104 -0.2016
vn -0.5501 -0.8104 0.2016
vn -0.1280 0.9719 0.1976
vn -0.1280 0.9719 -0.1976
vn -0.0000 0.9803 -0.1974
vn -0.0000 0.9803 0.1974
vn -0.1010 0.9567 -0.2731
vn -0.1010 0.9567 0.2731
vn -0.5927 0.7729 -0.2265
vn -0.6034 0.7729 0.1961
vn -0.3914 0.8997 0.1934
vn -0.3896 0.8985 -0.2026
vn 0.9468 -0.2538 -0.1980
vn 0.9057 -0.3751 -0.1976
vn 0.9057 -0.3751 0.1976
vn 0.9468 -0.2538 0.1980
vn -0.1152 -0.2260 -0.9673
vn -0.2260 0.1152 -0.9673
vn 0.1152 0.2260 -0.9673
vn 0.2260 -0.1152 -0.9673
vn -0.9285 0.3252 -0.1794
vn -0.9833 -0.0293 -0.1794
vn -0.9679 -0.0055 -0.2514
vn -0.9209 0.2979 -0.2514
vn -0.9797 -0.0027 0.2002
vn -0.9860 -0.0161 -0.1659
vn -0.9703 0.1180 -0.2111
vn -0.9710 0.1311 0.2001
vn -0.9492 -0.1892 -0.2514
vn -0.9691 -0.1691 -0.1794
vn -0.9688 -0.2131 -0.1263
vn -0.9425 -0.1859 -0.2778
vn -0.9688 -0.2131 0.1263
vn -0.9691 -0.1691 0.1794
vn -0.9492 -0.1892 0.2514
vn -0.9425 -0.1859 0.2778
vn 0.8230 -0.5311 0.2016
vn 0.8230 -0.5311 -0.2016
vn 0.8275 -0.5001 -0.2553
vn 0.8275 -0.5001 0.2553
vn -0.1838 0.0230 0.9827
vn -0.1829 0.0481 0.9820
vn 0.1928 -0.0298 0.9808
vn -0.1280 -0.9719 -0.1976
vn -0.2537 -0.9469 -0.1976
vn -0.2537 -0.9469 0.1976
vn -0.1280 -0.9719 0.1976
vn -0.3751 -0.9057 -0.1976
vn -0.3751 -0.9057 0.1976
vn -0.4901 -0.8490 -0.1976
vn -0.4901 -0.8490 0.1976
vn -0.5968 -0.7777 -0.1976
vn -0.5968 -0.7777 0.1976
vn -0.6932 -0.6932 -0.1976
vn -0.6932 -0.6932 0.1976
vn -0.7777 -0.5968 0.1976
vn -0.7777 -0.5968 -0.1976
vn -0.8490 -0.4901 -0.1976
vn -0.8490 -0.4901 0.1976
vn -0.9057 -0.3751 -0.1976
vn -0.9057 -0.3751 0.1976
vn -0.9462 -0.2538 -0.2008
vn -0.9469 -0.2537 0.1976
vn -0.3751 0.9057 0.1976
vn -0.3751 0.9057 -0.1976
vn -0.2537 0.9469 -0.1976
vn -0.2537 0.9469 0.1976
vn -0.9428 0.2632 -0.2048
vn -0.9470 0.2561 0.1939
vn -0.9794 -0.1137 -0.1669
vn -0.9720 -0.1279 0.1972
vn -0.1474 0.1142 0.9825
vn -0.1325 0.1313 0.9825
vn 0.1537 -0.1201 0.9808
vn -0.9060 0.3751 -0.1961
vn -0.9072 0.3730 0.1948
vn -0.8488 0.4909 -0.1965
vn -0.8487 0.4909 0.1969
vn -0.5975 0.7774 0.1965
vn -0.5975 0.7774 -0.1965
vn -0.4901 0.8489 -0.1977
vn -0.4901 0.8489 0.1977
vn -0.7790 0.5949 0.1983
vn -0.7790 0.5949 -0.1982
vn -0.6914 0.6947 -0.1982
vn -0.6914 0.6947 0.1982
vn 0.4901 -0.8490 -0.1976
vn 0.3751 -0.9057 -0.1976
vn 0.3751 -0.9057 0.1976
vn 0.4901 -0.8490 0.1976
vn -0.4822 -0.8264 0.2906
vn -0.6995 -0.6604 0.2731
vn -0.6995 -0.6604 -0.2731
vn -0.4822 -0.8264 -0.2906
vn 0.8490 -0.4901 -0.1976
vn 0.8490 -0.4901 0.1976
vn 0.9086 -0.3738 -0.1862
vn 0.9086 -0.3738 0.1863
vn 0.7777 -0.5968 -0.1976
vn 0.7777 -0.5968 0.1976
vn 0.6932 -0.6932 -0.1976
vn 0.6932 -0.6932 0.1976
vn 0.5968 -0.7777 -0.1976
vn 0.5968 -0.7777 0.1976
vn 0.2537 -0.9469 -0.1976
vn 0.2537 -0.9469 0.1976
vn 0.1280 -0.9719 -0.1976
vn 0.1280 -0.9719 0.1976
vn -0.0000 -0.9803 -0.1976
vn -0.0000 -0.9803 0.1976
vn -0.2156 -0.9434 0.2522
vn -0.2156 -0.9434 -0.2522
vn -0.1857 -0.9648 -0.1861
vn -0.1857 -0.9648 0.1861
vn 0.8918 0.3762 0.2514
vn 0.8644 0.4104 0.2906
vn 0.8644 0.4103 -0.2906
vn 0.8918 0.3762 -0.2514
vn -0.6679 0.7173 -0.1987
vn -0.6679 0.7173 0.1987
vn -0.6362 0.7283 0.2546
vn -0.6362 0.7283 -0.2546
vn 0.1789 0.0736 0.9811
vn 0.1702 0.0009 0.9854
vn -0.2325 0.2679 0.9350
vn -0.1646 0.0619 0.9844
vn -0.1367 0.1367 0.9811
vn -0.0744 0.1797 0.9809
vn -0.0000 0.1945 0.9809
vn 0.0731 0.1824 0.9805
vn 0.0178 0.2828 0.9590
vn -0.2407 0.0842 0.9669
vn -0.0826 -0.2398 0.9673
vn 0.2398 -0.0826 0.9673
vn 0.0620 0.3570 0.9320
vn -0.0017 -0.1701 0.9854
vn -0.0729 -0.1782 0.9813
vn -0.1374 -0.1374 0.9809
vn -0.1796 -0.0744 0.9809
vn -0.1945 -0.0000 0.9809
vn -0.1797 0.0744 0.9809
vn -0.1375 0.1375 0.9809
vn 0.0744 0.1797 0.9809
vn 0.1375 0.1375 0.9809
vn 0.1796 0.0744 0.9809
vn 0.1940 -0.0000 0.9810
vn 0.1924 -0.0379 0.9806
vn -0.1203 -0.1203 0.9854
vn -0.1796 0.0744 0.9809
vn 0.1374 0.1374 0.9809
vn 0.6366 -0.7291 0.2514
vn 0.6366 -0.7291 -0.2514
vn 0.3762 -0.8918 -0.2514
vn 0.3762 -0.8918 0.2514
vn -0.8918 -0.3762 -0.2514
vn -0.8918 -0.3762 0.2514
vn -0.7291 -0.6366 0.2514
vn -0.7291 -0.6366 -0.2514
vn -0.0631 -0.1166 0.9912
vn -0.0717 -0.0300 0.9970
vn 0.0748 -0.0213 0.9970
vn 0.0765 -0.1084 0.9912
vn 0.1227 0.0019 0.9924
vn 0.0589 0.2889 0.9555
vn 0.0603 -0.1855 0.9808
vn 0.4674 0.8476 0.2514
vn 0.4542 0.8727 0.1794
vn 0.7369 0.6518 0.1794
vn 0.7093 0.6586 0.2514
vn -0.7254 -0.6566 -0.2064
vn -0.5314 -0.8212 -0.2081
vn -0.5314 -0.8212 0.2081
vn -0.7254 -0.6566 0.2064
vn 0.7729 -0.6038 0.1951
vn 0.8476 -0.4674 0.2514
vn 0.8727 -0.4542 0.1794
vn 0.6518 -0.7369 0.1794
vn 0.6586 -0.7093 0.2514
vn 0.9543 0.2434 -0.1733
vn 0.9543 0.2434 0.1733
vn 0.9836 -0.0189 0.1796
vn 0.9836 -0.0189 -0.1796
vn -0.0119 -0.9837 0.1794
vn -0.0653 -0.9898 0.1266
vn -0.0397 -0.9601 0.2769
vn -0.0359 -0.9666 0.2538
vn -0.0055 0.9679 0.2514
vn -0.0293 0.9833 0.1794
vn 0.3252 0.9285 0.1794
vn 0.2979 0.9209 0.2514
vn 0.3253 -0.9266 -0.1885
vn 0.3253 -0.9266 0.1885
vn 0.0819 -0.9751 0.2059
vn 0.0819 -0.9751 -0.2059
vn 0.9692 -0.1500 0.1951
vn 0.9679 0.0055 0.2514
vn 0.9833 0.0293 0.1794
vn 0.9285 -0.3252 0.1794
vn 0.9209 -0.2979 0.2514
vn 0.0309 -0.2518 0.9673
vn 0.2518 0.0309 0.9673
vn -0.0309 0.2518 0.9673
vn -0.2518 -0.0309 0.9673
vn 0.1498 -0.2047 0.9673
vn 0.2047 0.1498 0.9673
vn -0.1498 0.2047 0.9673
vn -0.2047 -0.1498 0.9673
vn -0.4770 0.8422 0.2514
vn -0.5053 0.8441 0.1794
vn -0.1691 0.9691 0.1794
vn -0.1892 0.9492 0.2514
vn -0.4542 -0.8727 0.1794
vn -0.7369 -0.6518 0.1794
vn -0.7093 -0.6586 0.2514
vn -0.4674 -0.8476 0.2514
vn 0.8441 0.5053 0.1794
vn 0.9691 0.1691 0.1794
vn 0.9492 0.1892 0.2514
vn 0.8422 0.4770 0.2514
vn 0.0293 -0.9833 0.1794
vn -0.3252 -0.9285 0.1794
vn -0.2979 -0.9209 0.2514
vn 0.0055 -0.9679 0.2514
vn 0.2752 0.0971 0.9565
vn 0.2528 0.0203 0.9673
vn -0.0203 0.2528 0.9673
vn 0.0401 0.2945 0.9548
vn 0.3031 -0.9328 0.1951
vn 0.4413 -0.8614 0.2514
vn 0.4695 -0.8645 0.1794
vn 0.1283 -0.9754 0.1794
vn 0.1501 -0.9556 0.2538
vn 0.5025 0.8272 0.2514
vn 0.4903 0.8529 0.1794
vn 0.7635 0.6204 0.1794
vn 0.7363 0.6283 0.2514
vn 0.1337 0.0434 0.9901
vn 0.2306 -0.1056 0.9673
vn 0.1056 0.2306 0.9673
vn -0.2306 0.1056 0.9673
vn 0.0242 0.0909 0.9956
vn 0.9623 -0.0317 0.2702
vn 0.9837 -0.0119 0.1794
vn 0.9140 -0.3638 0.1794
vn 0.8996 -0.3366 0.2784
vn -0.9253 0.3594 0.1208
vn -0.9140 0.3638 0.1794
vn -0.9081 0.3379 0.2474
vn -0.9066 0.3662 0.2096
vn 0.4766 -0.8404 0.2582
vn 0.5053 -0.8441 0.1794
vn 0.4986 -0.8583 0.1213
vn 0.5012 -0.8381 0.2152
vn 0.0892 0.9941 0.0618
vn 0.0119 0.9837 0.1794
vn 0.3638 0.9140 0.1794
vn 0.2958 0.9532 0.0623
vn -0.6204 0.7635 0.1794
vn -0.6283 0.7363 0.2514
vn -0.6222 0.7622 0.1789
vn -0.5664 0.8099 0.1525
vn -0.6586 0.7093 -0.2514
vn -0.6518 0.7369 -0.1794
vn -0.8727 0.4542 -0.1794
vn -0.8476 0.4674 -0.2514
vn -0.8645 -0.4695 0.1794
vn -0.9754 -0.1283 0.1794
vn -0.9518 -0.1454 0.2702
vn -0.8534 -0.4407 0.2784
vn 0.8272 -0.5025 0.2514
vn 0.8529 -0.4903 0.1794
vn 0.8912 -0.4264 0.1545
vn 0.8538 -0.4885 0.1799
vn -0.4066 0.9115 0.0623
vn -0.4695 0.8645 0.1794
vn -0.1283 0.9754 0.1794
vn -0.2063 0.9765 0.0618
vn 0.0139 0.1459 0.9892
vn 0.0792 0.0438 0.9959
vn 0.1411 -0.2108 0.9673
vn 0.2108 0.1411 0.9673
vn -0.1411 0.2108 0.9673
vn 0.1157 0.0846 0.9897
vn -0.1819 0.0764 0.9804
vn -0.1698 0.0977 0.9806
vn 0.0175 -0.1423 0.9897
vn -0.1423 -0.0175 0.9897
vn -0.0175 0.1423 0.9897
vn 0.1423 0.0175 0.9897
vn -0.1189 0.1555 0.9807
vn -0.0976 0.1691 0.9807
vn -0.0747 0.1804 0.9808
vn -0.0505 0.1886 0.9808
vn -0.0255 0.1935 0.9808
vn -0.0000 0.1952 0.9808
vn -0.1045 0.0388 0.9938
vn 0.0491 -0.0535 0.9974
vn 0.1396 -0.0322 0.9897
vn -0.0322 -0.1397 0.9897
vn -0.1400 0.0328 0.9896
vn -0.2131 0.0050 0.9770
vn -0.0686 -0.2730 0.9596
vn 0.2052 -0.1519 0.9669
vn 0.2236 0.1306 0.9659
vn -0.0606 0.0842 0.9946
vn -0.1303 0.0597 0.9897
vn 0.0597 0.1303 0.9897
vn 0.1309 -0.0610 0.9895
vn 0.1840 -0.0299 0.9825
vn -0.0228 0.2564 0.9663
vn -0.0115 0.1429 0.9897
vn 0.1429 0.0115 0.9897
vn 0.2510 0.0246 0.9677
vn -0.0662 0.1825 0.9810
vn -0.1799 0.0300 0.9832
vn 0.1734 0.0505 0.9835
vn 0.1277 -0.0651 0.9897
vn -0.2228 0.1119 0.9684
vn -0.2421 -0.1006 0.9650
vn 0.0410 -0.2016 0.9786
vn 0.0567 -0.1324 0.9896
vn 0.1110 -0.2055 0.9723
vn 0.1887 -0.0506 0.9807
vn 0.1804 -0.0747 0.9808
vn 0.1691 -0.0976 0.9808
vn 0.1549 -0.1188 0.9808
vn 0.1380 -0.1380 0.9808
vn 0.1188 -0.1549 0.9808
vn 0.0976 -0.1691 0.9808
vn 0.0747 -0.1804 0.9808
vn 0.0505 -0.1886 0.9808
vn 0.0255 -0.1936 0.9808
vn -0.0000 -0.1952 0.9808
vn -0.0255 -0.1936 0.9808
vn -0.0505 -0.1886 0.9808
vn -0.0747 -0.1804 0.9808
vn -0.0976 -0.1691 0.9808
vn -0.1188 -0.1549 0.9808
vn -0.1380 -0.1380 0.9808
vn -0.1549 -0.1188 0.9808
vn -0.1691 -0.0976 0.9808
vn -0.1804 -0.0747 0.9808
vn -0.1886 -0.0505 0.9808
vn -0.1934 -0.0255 0.9808
vn -0.1929 0.0010 0.9812
vn 0.0846 -0.1157 0.9897
vn -0.1157 -0.0847 0.9897
vn -0.0846 0.1157 0.9897
vn 0.8645 0.4695 0.1794
vn 0.9754 0.1283 0.1794
vn 0.9563 0.1493 0.2514
vn 0.8630 0.4433 0.2423
vn 0.7093 0.6586 -0.2514
vn 0.7369 0.6518 -0.1794
vn 0.4542 0.8727 -0.1794
vn 0.4674 0.8476 -0.2514
vn 0.7729 -0.6038 -0.1951
vn 0.6586 -0.7093 -0.2514
vn 0.6518 -0.7369 -0.1794
vn 0.8727 -0.4542 -0.1794
vn 0.8476 -0.4674 -0.2514
vn 0.5437 0.8326 0.1057
vn 0.4602 0.8627 0.2096
vn 0.7478 0.6381 0.1835
vn 0.7004 0.7065 0.1019
vn 0.5428 0.8338 0.1008
vn 0.4690 0.8640 0.1834
vn 0.7413 0.6358 0.2152
vn 0.6976 0.7087 0.1054
vn 0.5432 0.8340 0.0968
vn 0.4751 0.8349 0.2778
vn 0.6808 0.7117 0.1733
vn 0.6808 0.7117 -0.1733
vn 0.4751 0.8349 -0.2778
vn 0.5432 0.8340 -0.0968
vn 0.6976 0.7087 -0.1054
vn 0.7413 0.6358 -0.2152
vn 0.4690 0.8640 -0.1834
vn 0.5428 0.8338 -0.1008
vn 0.7004 0.7065 -0.1019
vn 0.7478 0.6381 -0.1835
vn 0.4602 0.8627 -0.2096
vn 0.5437 0.8326 -0.1057
vn 0.6997 0.7081 -0.0952
vn 0.7130 0.6552 -0.2497
vn 0.4977 0.8561 -0.1394
vn 0.4974 0.8570 0.1346
vn 0.7141 0.6559 0.2446
vn 0.6997 0.7081 0.0952
vn 0.5012 -0.8381 -0.2152
vn 0.4986 -0.8583 -0.1213
vn 0.5053 -0.8441 -0.1794
vn 0.4766 -0.8404 -0.2582
vn 0.2260 -0.1152 0.9673
vn 0.1152 0.2260 0.9673
vn -0.2260 0.1152 0.9673
vn -0.1152 -0.2260 0.9673
vn 0.2979 0.9209 -0.2514
vn 0.3252 0.9285 -0.1794
vn -0.0293 0.9833 -0.1794
vn -0.0055 0.9679 -0.2514
vn 0.9692 -0.1500 -0.1951
vn 0.9209 -0.2979 -0.2514
vn 0.9285 -0.3252 -0.1794
vn 0.9833 0.0293 -0.1794
vn 0.9679 0.0055 -0.2514
vn 0.0309 -0.2518 -0.9673
vn -0.2518 -0.0309 -0.9673
vn -0.0309 0.2518 -0.9673
vn 0.2518 0.0309 -0.9673
vn 0.1498 -0.2047 -0.9673
vn -0.2047 -0.1498 -0.9673
vn -0.1498 0.2047 -0.9673
vn 0.2047 0.1498 -0.9673
vn -0.7369 -0.6518 -0.1794
vn -0.4542 -0.8727 -0.1794
vn -0.4674 -0.8476 -0.2514
vn -0.7093 -0.6586 -0.2514
vn -0.1892 0.9492 -0.2514
vn -0.1691 0.9691 -0.1794
vn -0.5053 0.8441 -0.1794
vn -0.4770 0.8422 -0.2514
vn 0.9492 0.1892 -0.2514
vn 0.9691 0.1691 -0.1794
vn 0.8441 0.5053 -0.1794
vn 0.8422 0.4770 -0.2514
vn -0.0653 -0.9898 -0.1266
vn -0.0119 -0.9837 -0.1794
vn -0.0359 -0.9666 -0.2537
vn -0.0403 -0.9598 -0.2779
vn -0.6283 0.7363 -0.2514
vn -0.6204 0.7635 -0.1794
vn -0.5664 0.8099 -0.1525
vn -0.6222 0.7622 -0.1789
vn 0.7363 0.6283 -0.2514
vn 0.7635 0.6204 -0.1794
vn 0.4903 0.8529 -0.1794
vn 0.5025 0.8272 -0.2514
vn 0.8996 -0.3366 -0.2784
vn 0.9140 -0.3638 -0.1794
vn 0.9837 -0.0119 -0.1794
vn 0.9623 -0.0317 -0.2702
vn 0.1283 -0.9754 -0.1794
vn 0.4695 -0.8645 -0.1794
vn 0.4413 -0.8614 -0.2514
vn 0.1501 -0.9556 -0.2538
vn 0.0401 0.2945 -0.9548
vn -0.0203 0.2528 -0.9673
vn 0.2528 0.0203 -0.9673
vn 0.2752 0.0971 -0.9565
vn -0.3252 -0.9285 -0.1794
vn 0.0293 -0.9833 -0.1794
vn 0.0055 -0.9679 -0.2514
vn -0.2979 -0.9209 -0.2514
vn -0.9140 0.3638 -0.1794
vn -0.9253 0.3594 -0.1208
vn -0.9066 0.3662 -0.2096
vn -0.9081 0.3379 -0.2474
vn 0.2958 0.9532 -0.0623
vn 0.3638 0.9140 -0.1794
vn 0.0119 0.9837 -0.1794
vn 0.0892 0.9941 -0.0618
vn 0.8912 -0.4264 -0.1545
vn 0.8529 -0.4903 -0.1794
vn 0.8272 -0.5025 -0.2514
vn 0.8538 -0.4885 -0.1799
vn 0.9563 0.1493 -0.2514
vn 0.9754 0.1283 -0.1794
vn 0.8645 0.4695 -0.1794
vn 0.8630 0.4433 -0.2423
vn 0.0242 0.0909 -0.9956
vn -0.2306 0.1056 -0.9673
vn 0.1056 0.2306 -0.9673
vn 0.2306 -0.1056 -0.9673
vn 0.1337 0.0434 -0.9901
vn -0.9518 -0.1454 -0.2702
vn -0.9754 -0.1283 -0.1794
vn -0.8645 -0.4695 -0.1794
vn -0.8534 -0.4407 -0.2784
vn -0.2063 0.9765 -0.0618
vn -0.1283 0.9754 -0.1794
vn -0.4695 0.8645 -0.1794
vn -0.4066 0.9115 -0.0623
vn 0.1411 -0.2108 -0.9673
vn 0.0792 0.0438 -0.9959
vn 0.0139 0.1459 -0.9892
vn -0.1411 0.2108 -0.9673
vn 0.2108 0.1411 -0.9673
vn 0.2621 -0.9423 -0.2084
vn 0.5739 -0.7955 -0.1943
vn 0.5852 -0.7908 0.1794
vn 0.2628 -0.9480 0.1794
vn -0.0000 0.9780 0.2084
vn -0.0000 0.9780 -0.2084
vn 0.2040 0.9570 -0.2063
vn 0.2040 0.9570 0.2063
vn 0.9635 0.2562 -0.0774
vn 0.8073 0.5885 -0.0441
vn 0.7925 0.5890 0.1582
vn 0.9480 0.2628 0.1794
vn 0.1804 -0.0752 -0.9807
vn 0.1702 0.0009 -0.9854
vn -0.2409 0.2840 -0.9281
vn -0.0000 -0.0000 -1.0000
vn -0.1215 -0.1192 -0.9854
vn -0.0743 -0.1818 -0.9805
vn -0.0000 -0.1946 -0.9809
vn 0.0744 -0.1797 -0.9809
vn 0.1376 -0.1376 -0.9809
vn -0.0744 -0.1797 0.9809
vn 0.1804 -0.0752 0.9807
vn 0.1376 -0.1376 0.9809
vn 0.0744 -0.1797 0.9809
vn -0.0000 -0.1945 0.9809
vn -0.7908 -0.5852 0.1794
vn -0.9480 -0.2628 0.1794
vn -0.9480 -0.2628 -0.1794
vn -0.7877 -0.5874 -0.1855
vn -0.5429 0.8366 0.0737
vn -0.2174 0.9754 0.0361
vn -0.2682 0.9612 -0.0648
vn -0.5423 0.8352 -0.0910
vn 0.1793 -0.0738 0.9810
vn 0.0761 -0.1812 0.9805
vn -0.5850 0.7900 -0.1836
vn -0.5850 0.7900 0.1837
vn -0.3280 0.9254 0.1898
vn -0.3280 0.9254 -0.1897
vn -0.1776 -0.0744 -0.9813
vn -0.0017 -0.1701 -0.9854
vn 0.0761 -0.1812 -0.9805
vn 0.1796 -0.0744 -0.9809
vn 0.1945 -0.0000 -0.9809
vn 0.1796 0.0744 -0.9809
vn 0.1375 0.1375 -0.9809
vn 0.0744 0.1797 -0.9809
vn -0.0000 0.1944 -0.9809
vn -0.0744 0.1789 -0.9810
vn -0.1199 0.1207 -0.9854
vn 0.4161 0.0041 -0.9093
vn -0.0912 -0.2129 -0.9728
vn -0.2407 0.0842 -0.9669
vn 0.0178 0.2828 -0.9590
vn 0.0731 0.1824 -0.9805
vn -0.0000 0.1945 -0.9809
vn -0.0744 0.1797 -0.9809
vn -0.1367 0.1367 -0.9811
vn -0.1646 0.0619 -0.9844
vn 0.1789 0.0736 -0.9811
vn 0.1374 0.1374 -0.9809
vn -0.1375 0.1375 -0.9809
vn -0.1796 0.0744 -0.9809
vn -0.1943 -0.0000 -0.9809
vn -0.1804 0.0744 -0.9808
vn -0.1945 -0.0000 -0.9809
vn -0.1797 -0.0744 -0.9809
vn -0.1374 -0.1374 -0.9809
vn -0.0729 -0.1782 -0.9813
vn -0.8943 0.3884 0.2224
vn -0.8943 0.3884 -0.2224
vn -0.6925 0.6915 -0.2059
vn -0.6925 0.6915 0.2059
vn 0.6917 0.6916 -0.2082
vn 0.9027 0.3755 -0.2100
vn 0.9027 0.3755 0.2100
vn 0.6917 0.6916 0.2082
vn -0.9360 0.2847 0.2069
vn -0.9360 0.2847 -0.2069
vn -0.3743 0.9036 -0.2084
vn -0.3743 0.9036 0.2084
vn 0.2772 0.9427 0.1860
vn 0.2772 0.9427 -0.1859
vn 0.3743 -0.9036 -0.2084
vn 0.0001 -0.9780 -0.2088
vn -0.0000 -0.9780 0.2084
vn 0.3743 -0.9036 0.2084
vn 0.6916 0.6916 -0.2084
vn 0.9036 0.3743 -0.2084
vn 0.9036 0.3743 0.2084
vn 0.6916 0.6916 0.2084
vn -0.9036 -0.3743 0.2084
vn -0.9040 -0.3716 -0.2114
vn -0.9781 -0.0001 -0.2080
vn -0.9780 -0.0000 0.2084
vn -0.9036 0.3743 -0.2084
vn -0.9036 0.3743 0.2084
vn -0.3743 -0.9036 0.2084
vn -0.3771 -0.9032 -0.2050
vn -0.6879 -0.6954 -0.2079
vn -0.6916 -0.6916 0.2084
vn -0.6916 0.6916 -0.2084
vn -0.6916 0.6916 0.2084
vn 0.3743 0.9036 -0.2084
vn 0.3743 0.9036 0.2084
vn 0.9045 -0.3731 -0.2066
vn 0.6915 -0.6916 -0.2086
vn 0.6915 -0.6916 0.2086
vn 0.9045 -0.3731 0.2066
vn 0.9781 -0.0029 -0.2082
vn 0.9781 -0.0029 0.2082
vn 0.3718 -0.9054 -0.2049
vn 0.0056 -0.9782 -0.2078
vn 0.0056 -0.9782 0.2078
vn 0.3718 -0.9054 0.2049
vn 0.1951 0.0004 0.9808
vn 0.2585 0.1065 0.9601
vn -0.0479 0.2499 0.9671
vn -0.2304 -0.0308 0.9726
vn 0.1169 -0.2750 0.9543
vn 0.0011 0.1702 0.9854
vn 0.0734 0.1787 0.9812
vn 0.1944 -0.0000 0.9809
vn 0.1796 -0.0744 0.9809
vn 0.1375 -0.1375 0.9809
vn 0.0741 -0.1790 0.9811
vn -0.0037 -0.1847 0.9828
vn -0.0571 -0.1567 0.9860
vn -0.0019 0.1701 0.9854
vn 0.0763 0.1814 0.9804
vn 0.1376 0.1376 0.9809
vn 0.1945 -0.0000 0.9809
vn 0.0744 -0.1796 0.9809
vn -0.0000 -0.1944 0.9809
vn -0.0744 -0.1796 0.9809
vn -0.1375 -0.1375 0.9809
vn -0.1702 -0.0000 0.9854
vn 0.3196 0.0175 0.9474
vn 0.0007 0.2793 0.9602
vn -0.0743 0.1803 0.9808
vn -0.0000 0.1944 0.9809
vn 0.0744 0.1796 0.9809
vn 0.1797 0.0744 0.9809
vn -0.9780 -0.0000 -0.2085
vn -0.9035 0.3753 -0.2073
vn -0.6916 -0.6917 0.2080
vn -0.6916 -0.6917 -0.2080
vn -0.9036 -0.3743 -0.2084
vn -0.3766 -0.9019 0.2116
vn -0.3766 -0.9019 -0.2116
vn -0.6929 0.6903 -0.2083
vn -0.3733 0.9037 -0.2095
vn -0.0000 0.9781 -0.2083
vn 0.9036 -0.3743 -0.2084
vn 0.6916 -0.6914 -0.2088
vn 0.6916 -0.6914 0.2088
vn 0.9044 -0.3729 0.2072
vn 0.9780 -0.0000 -0.2084
vn 0.9617 -0.1900 0.1974
vn 0.9783 -0.0004 0.2072
vn -0.6808 -0.7024 -0.2078
vn -0.3967 -0.8958 -0.2003
vn -0.3958 -0.8948 0.2065
vn -0.6706 -0.7071 0.2243
vn -0.8493 -0.4903 -0.1955
vn -0.6935 -0.6935 -0.1955
vn -0.6925 -0.6925 -0.2020
vn -0.8482 -0.4897 -0.2020
vn -0.4903 -0.8493 -0.1955
vn -0.2538 -0.9473 -0.1955
vn -0.2535 -0.9460 -0.2020
vn -0.4897 -0.8482 -0.2020
vn 0.9783 0.0090 -0.2068
vn 0.9009 -0.3779 -0.2134
vn 0.9036 -0.3743 0.2084
vn 0.9780 -0.0000 0.2084
vn -0.1797 0.0745 -0.9809
vn -0.1702 -0.0000 -0.9854
vn 0.3115 0.0282 -0.9498
vn -0.1203 -0.1203 -0.9854
vn -0.0379 0.1924 -0.9806
vn -0.0738 0.1793 -0.9810
vn -0.0727 0.1780 0.9814
vn -0.1295 -0.1271 0.9834
vn -0.1797 0.0745 0.9809
vn -0.1374 0.1374 0.9809
vn 0.7035 -0.7003 -0.1211
vn 0.9258 -0.3671 -0.0905
vn 0.9146 -0.3847 0.1245
vn 0.7022 -0.6996 0.1320
vn 0.6889 0.7040 0.1727
vn 0.6919 0.7021 -0.1683
vn 0.4344 0.8819 -0.1834
vn 0.4344 0.8819 0.1834
vn -0.9006 0.3922 0.1874
vn -0.7016 0.6896 0.1794
vn -0.7016 0.6896 -0.1794
vn -0.9017 0.3907 -0.1853
vn 0.3919 0.9019 -0.1818
vn 0.3919 0.9019 0.1818
vn 0.6539 0.7340 0.1837
vn 0.6539 0.7340 -0.1837
vn -0.0000 -0.2100 -0.9777
vn -0.0543 -0.2028 -0.9777
vn -0.1050 -0.1818 -0.9777
vn -0.1485 -0.1485 -0.9777
vn -0.1818 -0.1050 -0.9777
vn -0.2028 -0.0543 -0.9777
vn -0.2100 -0.0000 -0.9777
vn -0.2028 0.0543 -0.9777
vn -0.1818 0.1050 -0.9777
vn -0.1485 0.1485 -0.9777
vn -0.1050 0.1818 -0.9777
vn -0.0543 0.2028 -0.9777
vn -0.0000 0.2100 -0.9777
vn 0.0543 0.2028 -0.9777
vn 0.1050 0.1818 -0.9777
vn 0.1485 0.1485 -0.9777
vn 0.1818 0.1050 -0.9777
vn 0.2028 0.0543 -0.9777
vn 0.2100 -0.0000 -0.9777
vn 0.2028 -0.0543 -0.9777
vn 0.1818 -0.1050 -0.9777
vn 0.1485 -0.1485 -0.9777
vn 0.1050 -0.1818 -0.9777
vn 0.0543 -0.2028 -0.9777
vn -0.3743 -0.9036 -0.2084
vn -0.6916 -0.6916 -0.2084
vn -0.6897 -0.6991 0.1887
vn -0.3961 -0.8953 0.2036
vn 0.6916 0.6917 0.2081
vn 0.6916 0.6917 -0.2081
vn -0.6935 0.6935 -0.1955
vn -0.8493 0.4903 -0.1955
vn -0.8479 0.4902 -0.2019
vn -0.7781 0.5967 -0.1961
vn -0.6929 0.6923 -0.2015
vn -0.9026 -0.3788 0.2046
vn -0.4903 0.8493 -0.1955
vn -0.4897 0.8482 -0.2020
vn -0.6916 0.6915 0.2087
vn -0.6916 0.6915 -0.2087
vn -0.3728 0.9047 -0.2063
vn -0.3728 0.9047 0.2063
vn -0.9779 0.0002 0.2092
vn -0.9780 -0.0000 -0.2084
vn -0.9473 0.2538 -0.1955
vn -0.9462 0.2527 -0.2020
vn -0.0035 0.9781 -0.2082
vn -0.0035 0.9781 0.2082
vn -0.9807 -0.0000 -0.1956
vn -0.9795 0.0004 -0.2015
vn -0.0000 -0.9780 -0.2084
vn 0.0129 -0.9750 0.2218
vn 0.3740 -0.9041 0.2067
vn -0.9473 -0.2538 -0.1956
vn -0.9460 -0.2535 -0.2020
vn 0.6916 0.6914 0.2089
vn 0.6913 0.6916 -0.2091
vn 0.9066 0.3702 -0.2025
vn -0.9036 0.3742 0.2083
vn -0.9036 0.3742 -0.2083
vn -0.6916 0.6917 0.2079
vn -0.9036 -0.3743 -0.2085
vn -0.9036 -0.3743 0.2085
vn 0.9810 -0.0590 0.1849
vn 0.9778 0.0019 0.2095
vn 0.9778 0.0019 -0.2095
vn 0.9810 -0.0590 -0.1849
vn -0.3728 0.9045 -0.2072
vn -0.3769 0.9017 0.2120
vn -0.9780 0.0001 0.2084
vn -0.9780 0.0001 -0.2084
vn 0.0064 0.9782 0.2076
vn -0.0004 0.9783 -0.2072
vn 0.3715 0.9057 0.2043
vn 0.2538 -0.9473 -0.1955
vn 0.4903 -0.8493 -0.1955
vn 0.4897 -0.8482 -0.2020
vn 0.2535 -0.9460 -0.2020
vn 0.6918 -0.6916 -0.2078
vn 0.6916 -0.6916 0.2084
vn -0.1726 0.0466 -0.9839
vn 0.1552 -0.0630 -0.9859
vn 0.1701 -0.0027 -0.9854
vn -0.1551 0.1190 -0.9807
vn -0.1685 0.0972 -0.9809
vn 0.6935 -0.6935 -0.1955
vn 0.8493 -0.4903 -0.1955
vn 0.8482 -0.4897 -0.2020
vn 0.6925 -0.6925 -0.2020
vn -0.3724 0.9041 0.2094
vn -0.3724 0.9041 -0.2094
vn -0.7137 -0.6771 -0.1794
vn -0.4235 -0.8880 -0.1794
vn -0.4235 -0.8880 0.1794
vn -0.7137 -0.6771 0.1794
vn -0.4286 0.8844 -0.1846
vn -0.4286 0.8844 0.1846
vn -0.0000 0.1940 -0.9810
vn -0.0744 -0.1796 -0.9809
vn -0.0000 -0.1944 -0.9809
vn 0.0744 -0.1796 -0.9809
vn 0.1375 -0.1375 -0.9809
vn 0.1944 -0.0000 -0.9809
vn 0.0734 0.1787 -0.9812
vn 0.0011 0.1702 -0.9854
vn 0.1112 -0.2691 -0.9567
vn -0.2302 -0.0277 -0.9728
vn -0.0479 0.2499 -0.9671
vn 0.2585 0.1065 -0.9601
vn 0.1951 0.0004 -0.9808
vn 0.1797 0.0744 -0.9809
vn 0.0744 0.1796 -0.9809
vn -0.0743 0.1803 -0.9808
vn 0.0007 0.2793 -0.9602
vn -0.1796 -0.0744 -0.9809
vn -0.1375 -0.1375 -0.9809
vn 0.1373 -0.1373 -0.9810
vn -0.1953 -0.0001 -0.9807
vn -0.1884 -0.0505 -0.9808
vn -0.1689 -0.0975 -0.9808
vn -0.1379 -0.1379 -0.9808
vn -0.0975 -0.1689 -0.9808
vn -0.0505 -0.1884 -0.9808
vn -0.0000 -0.1950 -0.9808
vn 0.0505 -0.1884 -0.9808
vn 0.0975 -0.1689 -0.9808
vn 0.1379 -0.1379 -0.9808
vn 0.1689 -0.0975 -0.9808
vn 0.1884 -0.0505 -0.9808
vn 0.1950 -0.0000 -0.9808
vn 0.1884 0.0505 -0.9808
vn 0.1689 0.0975 -0.9808
vn 0.1379 0.1379 -0.9808
vn 0.0975 0.1689 -0.9808
vn 0.0505 0.1884 -0.9808
vn -0.0000 0.1950 -0.9808
vn -0.0505 0.1884 -0.9808
vn -0.0975 0.1689 -0.9808
vn -0.1378 0.1377 -0.9808
vn 0.1822 0.0772 -0.9802
vn 0.1377 0.1377 -0.9809
vn -0.0754 0.1806 0.9807
vn -0.1847 -0.0747 0.9800
vn -0.1948 -0.0000 0.9808
vn -0.1376 0.1376 0.9809
vn -0.0754 0.1806 -0.9807
vn -0.1376 0.1376 -0.9809
vn 0.6916 -0.6916 -0.2084
vn 0.3757 0.9025 -0.2104
vn 0.3757 0.9025 0.2104
vn -0.2538 0.9473 -0.1955
vn -0.2535 0.9460 -0.2020
vn -0.0000 0.9794 -0.2020
vn -0.0000 0.9807 -0.1955
vn 0.2535 0.9460 -0.2020
vn 0.2538 0.9473 -0.1955
vn 0.4897 0.8482 -0.2020
vn 0.4903 0.8493 -0.1955
vn 0.6925 0.6925 -0.2020
vn 0.6935 0.6935 -0.1955
vn 0.8482 0.4897 -0.2020
vn 0.8493 0.4903 -0.1955
vn 0.9460 0.2535 -0.2020
vn 0.9473 0.2538 -0.1956
vn 0.9807 -0.0000 -0.1956
vn 0.9794 -0.0000 -0.2020
vn 0.9473 -0.2538 -0.1956
vn 0.9460 -0.2535 -0.2020
vn -0.0000 -0.9807 -0.1955
vn -0.0000 -0.9794 -0.2020
vn -0.1900 0.9617 -0.1974
vn 0.0397 -0.2505 0.9673
vn 0.2505 0.0397 0.9673
vn -0.0397 0.2505 0.9673
vn -0.2505 -0.0397 0.9673
vn 0.6771 -0.7137 -0.1794
vn 0.8880 -0.4235 -0.1794
vn 0.8880 -0.4235 0.1794
vn 0.6771 -0.7137 0.1794
vn 0.7137 0.6771 -0.1794
vn 0.4235 0.8880 -0.1794
vn 0.4235 0.8880 0.1794
vn 0.7137 0.6771 0.1794
vn -0.8880 0.4234 0.1794
vn -0.6771 0.7137 0.1794
vn -0.6771 0.7137 -0.1794
vn -0.8880 0.4234 -0.1794
vn -0.2505 -0.0397 -0.9673
vn -0.0397 0.2505 -0.9673
vn 0.2505 0.0397 -0.9673
vn 0.0397 -0.2505 -0.9673
vn -0.9743 0.1118 -0.1954
vn -0.8469 0.4906 -0.2053
vn -0.6893 0.3816 -0.6158
vn -0.9170 0.0933 -0.3879
vn -0.4319 0.5221 -0.7354
vn -0.4058 0.0945 -0.9090
vn -0.4348 0.8254 -0.3600
vn -0.5836 0.7442 -0.3251
vn -0.6265 0.7632 -0.1585
vn -0.3913 0.0395 -0.9194
vn -0.4096 0.2087 -0.8881
vn -0.2620 0.2934 -0.9194
vn -0.9856 0.0582 -0.1585
vn -0.9451 0.0347 -0.3251
vn -0.9234 -0.1334 -0.3600
vn 0.0582 0.9856 -0.1585
vn 0.0347 0.9451 -0.3251
vn -0.1334 0.9234 -0.3600
vn 0.8254 0.4348 -0.3600
vn 0.7442 0.5836 -0.3251
vn 0.7632 0.6265 -0.1585
vn 0.0395 0.3913 -0.9194
vn 0.2087 0.4096 -0.8881
vn 0.2934 0.2620 -0.9194
vn 0.0231 0.9327 -0.3600
vn -0.1464 0.9343 -0.3251
vn -0.1745 0.9718 -0.1585
vn -0.3223 0.2254 -0.9194
vn -0.2557 0.3820 -0.8881
vn -0.0855 0.3839 -0.9194
vn -0.8320 0.5317 -0.1585
vn -0.8080 0.4914 -0.3251
vn -0.8711 0.3340 -0.3600
vn -0.1714 0.3540 -0.9194
vn -0.0369 0.4582 -0.8881
vn 0.1126 0.3769 -0.9194
vn -0.4669 0.8700 -0.1585
vn -0.4656 0.8231 -0.3251
vn -0.5974 0.7166 -0.3600
vn 0.4752 0.8029 -0.3600
vn 0.3280 0.8870 -0.3251
vn 0.3218 0.9335 -0.1585
vn 0.2254 0.3223 -0.9194
vn 0.3820 0.2557 -0.8881
vn 0.3839 0.0856 -0.9194
vn 0.5317 0.8320 -0.1585
vn 0.4914 0.8080 -0.3251
vn 0.3340 0.8711 -0.3600
vn 0.9327 -0.0231 -0.3600
vn 0.9343 0.1464 -0.3250
vn 0.9718 0.1745 -0.1585
vn 0.8700 0.4669 -0.1585
vn 0.8231 0.4656 -0.3251
vn 0.7166 0.5975 -0.3600
vn 0.8029 -0.4752 -0.3600
vn 0.8870 -0.3280 -0.3251
vn 0.9335 -0.3218 -0.1585
vn 0.3540 0.1714 -0.9194
vn 0.4582 0.0369 -0.8881
vn 0.3769 -0.1126 -0.9194
vn -0.8254 -0.4348 -0.3600
vn -0.7442 -0.5836 -0.3251
vn -0.7632 -0.6265 -0.1585
vn -0.0395 -0.3913 -0.9194
vn -0.2087 -0.4096 -0.8881
vn -0.2934 -0.2620 -0.9194
vn -0.0582 -0.9856 -0.1585
vn -0.0347 -0.9451 -0.3251
vn 0.1334 -0.9234 -0.3600
vn 0.4348 -0.8254 -0.3600
vn 0.5836 -0.7442 -0.3250
vn 0.6265 -0.7632 -0.1585
vn 0.3913 -0.0395 -0.9194
vn 0.4096 -0.2087 -0.8881
vn 0.2620 -0.2934 -0.9194
vn 0.9856 -0.0582 -0.1585
vn 0.9451 -0.0347 -0.3251
vn 0.9234 0.1334 -0.3600
vn 0.8065 0.4690 -0.3600
vn 0.7191 0.6142 -0.3251
vn 0.7363 0.6579 -0.1585
vn 0.0231 0.3926 -0.9194
vn 0.1914 0.4180 -0.8881
vn 0.2821 0.2740 -0.9194
vn 0.0169 0.9872 -0.1585
vn -0.0049 0.9457 -0.3251
vn -0.1719 0.9170 -0.3600
vn 0.9328 0.0160 -0.3600
vn 0.9273 0.1854 -0.3251
vn 0.9637 0.2151 -0.1585
vn 0.2117 0.3315 -0.9194
vn 0.3710 0.2715 -0.8881
vn 0.3800 0.1016 -0.9194
vn 0.4964 0.8535 -0.1585
vn 0.4571 0.8279 -0.3251
vn 0.2973 0.8843 -0.3600
vn 0.9872 -0.0169 -0.1585
vn 0.9457 0.0049 -0.3250
vn 0.9170 0.1719 -0.3600
vn 0.4690 -0.8065 -0.3600
vn 0.6142 -0.7191 -0.3251
vn 0.6579 -0.7363 -0.1585
vn 0.3926 -0.0231 -0.9194
vn 0.4180 -0.1914 -0.8881
vn 0.2740 -0.2822 -0.9194
vn 0.3223 -0.2254 -0.9194
vn 0.2557 -0.3820 -0.8881
vn 0.0855 -0.3839 -0.9194
vn 0.8320 -0.5317 -0.1585
vn 0.8080 -0.4914 -0.3251
vn 0.8711 -0.3340 -0.3600
vn -0.0231 -0.9327 -0.3600
vn 0.1464 -0.9343 -0.3250
vn 0.1745 -0.9718 -0.1585
vn 0.3315 -0.2117 -0.9194
vn 0.2715 -0.3710 -0.8881
vn 0.1015 -0.3800 -0.9194
vn 0.8535 -0.4964 -0.1585
vn 0.8279 -0.4571 -0.3251
vn 0.8843 -0.2973 -0.3600
vn 0.0160 -0.9328 -0.3600
vn 0.1854 -0.9273 -0.3251
vn 0.2151 -0.9637 -0.1585
vn 0.8221 -0.4412 -0.3600
vn 0.8999 -0.2906 -0.3251
vn 0.9461 -0.2824 -0.1585
vn 0.3465 0.1861 -0.9194
vn 0.4563 0.0560 -0.8881
vn 0.3812 -0.0967 -0.9194
vn 0.8497 0.5029 -0.1585
vn 0.8029 0.4997 -0.3251
vn 0.6909 0.6269 -0.3600
vn -0.9780 0.1157 0.1735
vn -0.9332 0.1221 0.3379
vn -0.8335 0.4546 0.3139
vn -0.8595 0.4866 0.1564
vn -0.2726 0.2640 0.9252
vn -0.4140 0.2229 0.8826
vn -0.3991 0.0994 0.9115
vn -0.5971 0.7129 0.3677
vn -0.3926 0.0231 -0.9194
vn -0.4180 0.1914 -0.8881
vn -0.2740 0.2821 -0.9194
vn -0.9872 0.0169 -0.1585
vn -0.9457 -0.0049 -0.3251
vn -0.9170 -0.1719 -0.3600
vn -0.4690 0.8065 -0.3600
vn -0.6142 0.7191 -0.3250
vn -0.6579 0.7363 -0.1585
vn 0.1861 -0.3465 -0.9194
vn 0.0560 -0.4563 -0.8881
vn -0.0967 -0.3812 -0.9194
vn 0.5029 -0.8497 -0.1585
vn 0.4997 -0.8029 -0.3250
vn 0.6269 -0.6909 -0.3600
vn -0.4412 -0.8221 -0.3600
vn -0.2906 -0.8999 -0.3251
vn -0.2824 -0.9461 -0.1585
vn 0.0557 0.9887 -0.1392
vn 0.0856 0.9564 -0.2792
vn -0.3336 0.8685 -0.3667
vn 0.4899 0.8260 -0.2788
vn -0.0950 0.3875 -0.9170
vn 0.0567 0.5202 -0.8522
vn 0.1829 0.4440 -0.8772
vn -0.0160 0.9328 -0.3600
vn -0.1854 0.9274 -0.3250
vn -0.2151 0.9637 -0.1585
vn -0.3315 0.2117 -0.9194
vn -0.2715 0.3710 -0.8881
vn -0.1015 0.3800 -0.9194
vn -0.8535 0.4964 -0.1585
vn -0.8279 0.4571 -0.3251
vn -0.8843 0.2973 -0.3600
vn -0.9328 -0.0160 -0.3600
vn -0.9274 -0.1854 -0.3251
vn -0.9637 -0.2151 -0.1585
vn -0.2117 -0.3315 -0.9194
vn -0.3710 -0.2715 -0.8881
vn -0.3800 -0.1016 -0.9194
vn -0.4964 -0.8535 -0.1585
vn -0.4571 -0.8279 -0.3251
vn -0.2973 -0.8843 -0.3600
vn -0.6265 0.7632 0.1585
vn -0.5836 0.7442 0.3251
vn -0.4348 0.8254 0.3600
vn -0.9234 -0.1334 0.3600
vn -0.9451 0.0347 0.3250
vn -0.9856 0.0582 0.1585
vn -0.2620 0.2934 0.9194
vn -0.4096 0.2087 0.8881
vn -0.3913 0.0395 0.9194
vn 0.4412 0.8221 -0.3600
vn 0.2906 0.8999 -0.3251
vn 0.2824 0.9461 -0.1585
vn -0.1861 0.3465 -0.9194
vn -0.0560 0.4563 -0.8881
vn 0.0967 0.3812 -0.9194
vn -0.5029 0.8497 -0.1585
vn -0.4997 0.8029 -0.3251
vn -0.6269 0.6909 -0.3600
vn -0.1334 0.9234 0.3600
vn 0.0347 0.9451 0.3251
vn 0.0582 0.9856 0.1585
vn 0.2934 0.2620 0.9194
vn 0.2087 0.4096 0.8881
vn 0.0395 0.3913 0.9194
vn 0.7632 0.6265 0.1585
vn 0.7442 0.5836 0.3251
vn 0.8254 0.4348 0.3600
vn -0.8221 0.4412 -0.3600
vn -0.8999 0.2906 -0.3250
vn -0.9461 0.2824 -0.1585
vn -0.3465 -0.1861 -0.9194
vn -0.4563 -0.0560 -0.8881
vn -0.3812 0.0967 -0.9194
vn -0.8497 -0.5029 -0.1585
vn -0.8029 -0.4997 -0.3251
vn -0.6909 -0.6269 -0.3600
vn -0.1745 0.9718 0.1585
vn -0.1464 0.9343 0.3251
vn 0.0231 0.9327 0.3600
vn -0.8711 0.3341 0.3600
vn -0.8080 0.4914 0.3251
vn -0.8320 0.5317 0.1585
vn -0.0855 0.3839 0.9194
vn -0.2557 0.3820 0.8881
vn -0.3223 0.2254 0.9194
vn 0.3340 0.8711 0.3600
vn 0.4913 0.8080 0.3251
vn 0.5317 0.8320 0.1585
vn 0.3839 0.0856 0.9194
vn 0.3820 0.2557 0.8881
vn 0.2254 0.3223 0.9194
vn 0.9718 0.1745 0.1585
vn 0.9343 0.1464 0.3251
vn 0.9327 -0.0231 0.3600
vn -0.5974 0.7166 0.3600
vn -0.4656 0.8231 0.3251
vn -0.4669 0.8700 0.1585
vn 0.1126 0.3769 0.9194
vn -0.0369 0.4582 0.8881
vn -0.1714 0.3540 0.9194
vn 0.3218 0.9335 0.1585
vn 0.3280 0.8870 0.3251
vn 0.4752 0.8029 0.3600
vn -0.2934 -0.2620 0.9194
vn -0.2087 -0.4096 0.8881
vn -0.0395 -0.3913 0.9194
vn -0.7632 -0.6265 0.1585
vn -0.7442 -0.5836 0.3251
vn -0.8254 -0.4348 0.3600
vn 0.1334 -0.9234 0.3600
vn -0.0347 -0.9451 0.3251
vn -0.0583 -0.9856 0.1585
vn 0.3768 -0.1126 0.9194
vn 0.4582 0.0369 0.8881
vn 0.3540 0.1714 0.9194
vn 0.9335 -0.3218 0.1585
vn 0.8870 -0.3280 0.3250
vn 0.8029 -0.4752 0.3600
vn 0.7166 0.5975 0.3600
vn 0.8231 0.4656 0.3251
vn 0.8700 0.4669 0.1585
vn 0.6265 -0.7632 0.1585
vn 0.5836 -0.7442 0.3250
vn 0.4348 -0.8254 0.3600
vn 0.9234 0.1334 0.3600
vn 0.9451 -0.0347 0.3251
vn 0.9856 -0.0582 0.1585
vn 0.2620 -0.2934 0.9194
vn 0.4096 -0.2087 0.8881
vn 0.3913 -0.0395 0.9194
vn 0.7363 0.6579 0.1585
vn 0.7191 0.6142 0.3251
vn 0.8065 0.4690 0.3600
vn -0.1719 0.9170 0.3600
vn -0.0049 0.9457 0.3251
vn 0.0169 0.9872 0.1585
vn 0.2821 0.2740 0.9194
vn 0.1914 0.4180 0.8881
vn 0.0231 0.3926 0.9194
vn 0.9637 0.2151 0.1585
vn 0.9273 0.1854 0.3251
vn 0.9328 0.0160 0.3600
vn 0.2973 0.8843 0.3600
vn 0.4571 0.8279 0.3251
vn 0.4964 0.8535 0.1585
vn 0.3800 0.1016 0.9194
vn 0.3710 0.2715 0.8881
vn 0.2117 0.3315 0.9194
vn 0.0855 -0.3839 0.9194
vn 0.2557 -0.3820 0.8881
vn 0.3223 -0.2254 0.9194
vn 0.1745 -0.9718 0.1585
vn 0.1464 -0.9343 0.3250
vn -0.0231 -0.9327 0.3600
vn 0.8711 -0.3341 0.3600
vn 0.8080 -0.4914 0.3250
vn 0.8320 -0.5317 0.1585
vn 0.2740 -0.2822 0.9194
vn 0.4180 -0.1914 0.8881
vn 0.3926 -0.0231 0.9194
vn 0.6579 -0.7363 0.1585
vn 0.6142 -0.7191 0.3251
vn 0.4690 -0.8065 0.3600
vn 0.9170 0.1719 0.3600
vn 0.9457 0.0049 0.3250
vn 0.9872 -0.0169 0.1585
vn 0.8843 -0.2973 0.3600
vn 0.8279 -0.4571 0.3251
vn 0.8535 -0.4964 0.1585
vn 0.1015 -0.3800 0.9194
vn 0.2715 -0.3710 0.8881
vn 0.3315 -0.2117 0.9194
vn 0.2151 -0.9637 0.1585
vn 0.1854 -0.9274 0.3251
vn 0.0160 -0.9328 0.3600
vn 0.9461 -0.2824 0.1585
vn 0.8999 -0.2906 0.3251
vn 0.8221 -0.4412 0.3600
vn 0.6909 0.6269 0.3600
vn 0.8029 0.4997 0.3251
vn 0.8497 0.5029 0.1585
vn 0.3812 -0.0967 0.9194
vn 0.4563 0.0560 0.8881
vn 0.3465 0.1861 0.9194
vn 0.0549 0.9890 0.1374
vn 0.0887 0.9574 0.2748
vn 0.4929 0.8271 0.2701
vn -0.3340 0.8739 0.3533
vn 0.1884 0.4546 0.8706
vn 0.0606 0.5272 0.8476
vn -0.0905 0.3815 0.9199
vn -0.2740 0.2821 0.9194
vn -0.4180 0.1914 0.8881
vn -0.3926 0.0231 0.9194
vn -0.6579 0.7363 0.1585
vn -0.6142 0.7191 0.3251
vn -0.4690 0.8065 0.3600
vn -0.9170 -0.1719 0.3600
vn -0.9457 -0.0049 0.3251
vn -0.9872 0.0169 0.1585
vn 0.6269 -0.6909 0.3600
vn 0.4997 -0.8029 0.3250
vn 0.5029 -0.8497 0.1585
vn -0.0967 -0.3812 0.9194
vn 0.0560 -0.4563 0.8881
vn 0.1861 -0.3465 0.9194
vn -0.2824 -0.9461 0.1585
vn -0.2906 -0.8999 0.3251
vn -0.4412 -0.8221 0.3600
vn 0.8551 0.4995 -0.1392
vn 0.8291 0.4843 -0.2794
vn 0.6684 0.6717 -0.3196
vn 0.9134 0.2522 -0.3196
vn 0.3168 0.2820 -0.9056
vn 0.4335 0.2533 -0.8648
vn 0.4013 0.1374 -0.9056
vn -0.2151 0.9637 0.1585
vn -0.1854 0.9274 0.3250
vn -0.0160 0.9328 0.3600
vn -0.8843 0.2973 0.3600
vn -0.8279 0.4571 0.3251
vn -0.8535 0.4964 0.1585
vn -0.1015 0.3800 0.9194
vn -0.2715 0.3710 0.8881
vn -0.3315 0.2117 0.9194
vn 0.6684 0.6717 0.3196
vn 0.8291 0.4843 0.2794
vn 0.8551 0.4995 0.1392
vn 0.4013 0.1374 0.9056
vn 0.4335 0.2532 0.8648
vn 0.3168 0.2820 0.9056
vn 0.9134 0.2522 0.3196
vn -0.9637 -0.2151 0.1585
vn -0.9273 -0.1854 0.3251
vn -0.9328 -0.0160 0.3600
vn -0.2973 -0.8843 0.3600
vn -0.4571 -0.8279 0.3251
vn -0.4964 -0.8535 0.1585
vn -0.3800 -0.1016 0.9194
vn -0.3710 -0.2715 0.8881
vn -0.2117 -0.3315 0.9194
vn 0.3794 -0.0989 -0.9199
vn 0.3705 -0.2682 -0.8893
vn 0.2136 -0.3369 -0.9170
vn 0.9657 -0.2055 -0.1590
vn 0.9288 -0.1759 -0.3263
vn 0.9327 -0.0052 -0.3607
vn 0.2953 -0.8775 -0.3779
vn 0.4573 -0.8273 -0.3263
vn 0.4969 -0.8531 -0.1590
vn 0.2824 0.9461 0.1585
vn 0.2906 0.8999 0.3251
vn 0.4412 0.8221 0.3600
vn -0.6269 0.6909 0.3600
vn -0.4997 0.8029 0.3251
vn -0.5029 0.8497 0.1585
vn 0.0967 0.3812 0.9194
vn -0.0560 0.4563 0.8881
vn -0.1861 0.3465 0.9194
vn 0.4969 -0.8531 0.1590
vn 0.4573 -0.8273 0.3263
vn 0.2953 -0.8775 0.3779
vn 0.9327 -0.0052 0.3607
vn 0.9288 -0.1759 0.3263
vn 0.9657 -0.2055 0.1590
vn 0.2136 -0.3369 0.9170
vn 0.3705 -0.2682 0.8893
vn 0.3794 -0.0989 0.9199
vn -0.9461 0.2824 0.1585
vn -0.8999 0.2906 0.3250
vn -0.8221 0.4412 0.3600
vn -0.6909 -0.6269 0.3600
vn -0.8029 -0.4997 0.3251
vn -0.8497 -0.5029 0.1585
vn -0.3812 0.0967 0.9194
vn -0.4563 -0.0560 0.8881
vn -0.3465 -0.1861 0.9194
vn 0.0367 -0.7079 -0.7054
vn -0.1934 -0.7722 -0.6052
vn -0.3656 -0.6068 -0.7058
vn -0.2380 -0.9501 -0.2019
vn 0.0367 -0.7079 0.7054
vn -0.1934 -0.7722 0.6052
vn -0.2380 -0.9501 0.2019
vn -0.3656 -0.6068 0.7058
vn -0.3503 -0.2432 -0.9045
vn -0.4654 -0.1927 -0.8639
vn -0.4217 -0.0757 -0.9036
vn -0.9150 -0.3790 -0.1382
vn -0.8875 -0.3676 -0.2778
vn -0.7405 -0.5893 -0.3229
vn -0.9798 -0.0906 -0.1782
vn -0.9392 -0.1069 -0.3262
vn -0.7405 -0.5893 0.3229
vn -0.8875 -0.3676 0.2778
vn -0.9150 -0.3790 0.1382
vn -0.4173 -0.0757 0.9056
vn -0.4653 -0.1928 0.8639
vn -0.3502 -0.2432 0.9045
vn -0.9808 -0.0905 0.1726
vn -0.9417 -0.1069 0.3191
vn -0.7897 -0.5743 -0.2160
vn -0.6251 -0.5312 -0.5719
vn -0.5689 -0.7097 -0.4154
vn 0.0303 0.9090 -0.4158
vn -0.1287 0.8102 -0.5719
vn -0.2256 0.9500 -0.2160
vn -0.1865 -0.0041 -0.9825
vn -0.1742 0.0645 -0.9826
vn -0.1389 0.1245 -0.9824
vn -0.5689 -0.7097 0.4154
vn -0.6251 -0.5312 0.5719
vn -0.7897 -0.5743 0.2160
vn -0.1389 0.1245 0.9824
vn -0.1742 0.0645 0.9826
vn -0.1865 -0.0041 0.9825
vn -0.2256 0.9500 0.2160
vn -0.1287 0.8102 0.5719
vn 0.0303 0.9090 0.4158
vn -0.4002 -0.8966 0.1897
vn -0.3978 -0.8230 0.4054
vn -0.5546 -0.7286 0.4019
vn 0.7951 -0.4541 0.4020
vn 0.6878 -0.6022 0.4054
vn 0.7187 -0.6689 0.1897
vn -0.0580 -0.3312 0.9418
vn 0.0729 -0.3581 0.9308
vn 0.1828 -0.2822 0.9418
vn -0.5546 -0.7286 -0.4019
vn -0.3978 -0.8230 -0.4054
vn -0.4002 -0.8966 -0.1897
vn 0.1828 -0.2822 -0.9418
vn 0.0729 -0.3581 -0.9308
vn -0.0580 -0.3312 -0.9418
vn 0.7187 -0.6689 -0.1897
vn 0.6878 -0.6022 -0.4054
vn 0.7951 -0.4541 -0.4020
vn 0.3547 -0.2992 -0.8858
vn 0.2500 -0.5889 -0.7686
vn 0.2839 -0.6689 -0.6870
vn -0.0310 -0.4625 -0.8861
vn -0.2021 -0.9045 -0.3755
vn -0.0217 -0.9355 -0.3527
vn 0.0025 -0.9855 -0.1699
vn 0.2850 -0.2385 -0.9284
vn 0.2000 -0.3703 -0.9071
vn 0.0432 -0.3690 -0.9284
vn 0.8228 -0.5424 -0.1699
vn 0.7943 -0.4947 -0.3527
vn 0.8671 -0.3271 -0.3758
vn 0.2839 -0.6689 0.6870
vn 0.2500 -0.5889 0.7686
vn 0.3547 -0.2992 0.8858
vn -0.0310 -0.4625 0.8861
vn 0.0025 -0.9855 0.1699
vn -0.0217 -0.9355 0.3527
vn -0.2021 -0.9045 0.3755
vn 0.8671 -0.3271 0.3758
vn 0.7943 -0.4947 0.3527
vn 0.8228 -0.5424 0.1699
vn 0.0432 -0.3690 0.9284
vn 0.2000 -0.3703 0.9071
vn 0.2850 -0.2385 0.9284
vn 0.1047 -0.0538 -0.9930
vn 0.0774 -0.0843 -0.9934
vn 0.0448 -0.1089 -0.9930
vn 0.9268 0.3347 -0.1703
vn 0.7341 0.3389 -0.5884
vn 0.7813 0.4777 -0.4018
vn -0.5423 -0.7379 -0.4018
vn -0.3999 -0.7027 -0.5884
vn -0.4121 -0.8951 -0.1703
vn -0.3272 -0.1166 -0.9377
vn -0.3743 0.0159 -0.9272
vn -0.3130 0.1391 -0.9395
vn -0.8347 -0.5182 -0.1865
vn -0.7653 -0.5072 -0.3963
vn -0.6426 -0.6432 -0.4164
vn -0.5906 0.7022 -0.3976
vn -0.7195 0.5703 -0.3963
vn -0.7877 0.5872 -0.1865
vn 0.7813 0.4777 0.4018
vn 0.7341 0.3389 0.5884
vn 0.9268 0.3347 0.1703
vn 0.0448 -0.1089 0.9930
vn 0.0774 -0.0843 0.9934
vn 0.1047 -0.0538 0.9930
vn -0.4121 -0.8951 0.1703
vn -0.4000 -0.7027 0.5884
vn -0.5423 -0.7379 0.4017
vn -0.6426 -0.6432 0.4164
vn -0.7653 -0.5072 0.3963
vn -0.8347 -0.5182 0.1865
vn -0.3130 0.1391 0.9395
vn -0.3743 0.0159 0.9272
vn -0.3272 -0.1166 0.9377
vn -0.7877 0.5872 0.1865
vn -0.7195 0.5703 0.3963
vn -0.5906 0.7022 0.3976
vn 0.4499 0.1107 -0.8862
vn 0.6234 -0.1439 -0.7686
vn 0.7080 -0.1635 -0.6870
vn 0.3559 -0.2967 -0.8862
vn -0.7080 0.1635 -0.6870
vn -0.6234 0.1439 -0.7686
vn -0.3562 0.2973 -0.8859
vn -0.4499 -0.1107 -0.8862
vn -0.1635 -0.7080 -0.6870
vn -0.1439 -0.6234 -0.7686
vn -0.2967 -0.3559 -0.8862
vn 0.1107 -0.4499 -0.8862
vn 0.7080 -0.1635 0.6870
vn 0.6234 -0.1439 0.7686
vn 0.4499 0.1107 0.8862
vn 0.3559 -0.2967 0.8862
vn -0.3562 0.2973 0.8859
vn -0.6234 0.1439 0.7686
vn -0.7080 0.1635 0.6870
vn -0.4499 -0.1107 0.8862
vn -0.2967 -0.3559 0.8862
vn -0.1439 -0.6234 0.7686
vn -0.1635 -0.7080 0.6870
vn 0.1107 -0.4499 0.8862
vn -0.4359 0.1571 0.8862
vn -0.6350 -0.0779 0.7685
vn -0.7213 -0.0885 0.6870
vn -0.3849 -0.2579 0.8862
vn -0.2579 0.3849 0.8862
vn -0.0780 0.6350 0.7685
vn 0.1571 0.4359 0.8862
vn -0.0885 0.7212 0.6870
vn 0.4359 -0.1571 0.8862
vn 0.6350 0.0780 0.7685
vn 0.7212 0.0886 0.6870
vn 0.3849 0.2579 0.8862
vn -0.1571 -0.4359 0.8862
vn 0.0780 -0.6350 0.7685
vn 0.0886 -0.7212 0.6870
vn 0.2579 -0.3849 0.8862
vn -0.5864 -0.4292 0.6870
vn -0.5163 -0.3779 0.7685
vn -0.2102 -0.4129 0.8862
vn -0.4572 -0.0755 0.8862
vn 0.4571 0.0755 0.8862
vn 0.5163 0.3779 0.7686
vn 0.5864 0.4292 0.6870
vn 0.2102 0.4129 0.8862
vn 0.4292 -0.5864 0.6870
vn 0.3779 -0.5163 0.7686
vn 0.4129 -0.2102 0.8862
vn 0.0755 -0.4571 0.8862
vn -0.4129 0.2102 0.8862
vn -0.3779 0.5163 0.7685
vn -0.0755 0.4571 0.8862
vn -0.4292 0.5864 0.6870
vn 0.6342 -0.7467 0.2005
vn 0.5425 -0.7130 0.4443
vn 0.4044 -0.8130 0.4190
vn 0.6413 0.6429 0.4189
vn 0.7405 0.5042 0.4443
vn 0.8386 0.5065 0.2005
vn 0.2659 -0.1545 0.9515
vn 0.3214 -0.0523 0.9455
vn 0.3012 0.0622 0.9515
vn 0.8758 0.0418 0.4808
vn 0.8557 0.1036 0.5070
vn 0.8753 0.2271 0.4269
vn 0.8949 0.4196 0.1517
vn 0.8251 0.1792 0.5359
vn 0.7609 0.5677 0.3143
vn -0.1681 0.9247 0.3415
vn -0.1740 0.8899 0.4216
vn -0.0929 0.9562 0.2775
vn 0.0309 0.9979 0.0561
vn -0.1774 0.8609 0.4769
vn 0.1554 0.9831 0.0971
vn -0.8617 -0.2947 0.4131
vn -0.8066 -0.1231 0.5782
vn -0.9751 -0.0711 0.2102
vn -0.0432 0.1675 0.9849
vn -0.1001 0.1390 0.9852
vn -0.1452 0.0940 0.9849
vn 0.3765 0.9022 0.2102
vn 0.3725 0.7259 0.5782
vn 0.5527 0.7238 0.4131
vn 0.3622 0.2889 0.8862
vn 0.2663 0.5817 0.7685
vn 0.3025 0.6607 0.6870
vn -0.0180 0.4630 0.8862
vn 0.4630 0.0180 0.8862
vn 0.5817 -0.2663 0.7685
vn 0.2893 -0.3636 0.8855
vn 0.6607 -0.3025 0.6870
vn -0.4630 -0.0180 0.8862
vn -0.5817 0.2663 0.7685
vn -0.2889 0.3622 0.8862
vn -0.6607 0.3025 0.6870
vn 0.6983 0.6136 0.3686
vn 0.8111 0.4844 0.3277
vn 0.8589 0.4867 0.1596
vn 0.3756 -0.1076 0.9205
vn 0.4528 0.0425 0.8906
vn 0.3508 0.1778 0.9194
vn 0.9344 -0.3185 0.1596
vn 0.8871 -0.3251 0.3277
vn 0.8024 -0.4748 0.3615
vn 0.1098 0.3837 0.9169
vn -0.0434 0.4624 0.8856
vn -0.1765 0.3543 0.9183
vn 0.3005 0.9407 0.1576
vn 0.3077 0.8951 0.3228
vn 0.4523 0.8128 0.3671
vn -0.5981 0.7168 0.3586
vn -0.4688 0.8222 0.3228
vn -0.4702 0.8684 0.1576
vn 0.8323 0.2059 0.5146
vn 0.8355 0.3096 0.4540
vn 0.9010 0.4085 0.1458
vn 0.6703 0.5978 0.4397
vn 0.2190 0.9652 0.1432
vn 0.1351 0.8825 0.4505
vn 0.0379 0.8576 0.5129
vn 0.4453 0.7795 0.4407
vn 0.7243 0.0583 0.6870
vn 0.6377 0.0513 0.7685
vn 0.3954 0.2416 0.8862
vn 0.4289 -0.1752 0.8862
vn -0.2416 0.3954 0.8862
vn -0.0513 0.6377 0.7685
vn 0.1752 0.4289 0.8862
vn -0.0583 0.7243 0.6870
vn 0.1408 -0.0968 0.9853
vn 0.1841 -0.0361 0.9822
vn 0.2056 0.0289 0.9782
vn 0.0704 -0.9756 0.2079
vn 0.0065 -0.8172 0.5763
vn -0.1524 -0.8975 0.4137
vn 0.6088 0.7228 0.3269
vn 0.6498 0.5578 0.5163
vn 0.7947 0.5803 0.1781
vn 0.3057 0.9316 0.1968
vn 0.3232 0.8435 0.4290
vn 0.4846 0.7714 0.4125
vn -0.8666 0.2808 0.4125
vn -0.7891 0.4396 0.4290
vn -0.8325 0.5179 0.1967
vn 0.0066 0.3194 0.9476
vn -0.1166 0.3211 0.9398
vn -0.2100 0.2407 0.9476
vn 0.0144 0.8355 0.5493
vn -0.0704 0.8569 0.5107
vn 0.0466 0.8991 0.4353
vn 0.4026 0.8565 0.3230
vn -0.1395 0.8686 0.4755
vn 0.2242 0.9622 0.1548
vn 0.9496 0.0114 0.3131
vn 0.9768 0.2122 0.0302
vn 0.9625 0.0948 0.2544
vn 0.9136 0.0085 0.4065
vn 0.9295 0.3580 0.0890
vn 0.8827 0.0065 0.4699
vn 0.4102 -0.5826 0.7017
vn 0.3658 -0.5033 0.7829
vn 0.4006 -0.2102 0.8918
vn 0.0667 -0.4285 0.9011
vn 0.4125 -0.0865 0.9068
vn 0.6126 0.1912 0.7670
vn 0.5556 -0.0573 0.8295
vn 0.5397 0.3844 0.7490
vn 0.8060 0.2852 0.5187
vn -0.3372 0.6255 0.7036
vn -0.4239 0.1554 0.8923
vn -0.4938 0.4615 0.7371
vn -0.6328 0.6010 0.4883
vn -0.5554 0.1826 0.8113
vn 0.2735 -0.3740 0.8862
vn 0.5701 -0.2905 0.7685
vn 0.6475 -0.3299 0.6870
vn 0.4633 -0.0014 0.8862
vn -0.8341 0.1877 0.5187
vn -0.6309 0.1173 0.7670
vn -0.5449 -0.1227 0.8295
vn -0.5814 0.3177 0.7490
vn -0.3994 -0.1347 0.9069
vn 0.5295 0.2470 0.8116
vn 0.4356 0.5167 0.7371
vn 0.5571 0.6717 0.4883
vn 0.4025 0.2045 0.8923
vn 0.2608 0.6610 0.7036
vn -0.3729 -0.2562 0.8918
vn -0.3036 -0.5431 0.7829
vn -0.3383 -0.6270 0.7017
vn -0.0154 -0.4334 0.9011
vn -0.2579 0.3849 -0.8862
vn -0.0779 0.6350 -0.7685
vn -0.0885 0.7212 -0.6870
vn 0.1571 0.4359 -0.8862
vn -0.3849 -0.2579 -0.8862
vn -0.6350 -0.0779 -0.7685
vn -0.7212 -0.0885 -0.6870
vn -0.4359 0.1571 -0.8862
vn 0.4359 -0.1571 -0.8862
vn 0.6350 0.0780 -0.7685
vn 0.3849 0.2579 -0.8862
vn 0.7212 0.0885 -0.6870
vn 0.0886 -0.7212 -0.6870
vn 0.0780 -0.6350 -0.7685
vn -0.1571 -0.4359 -0.8862
vn 0.2579 -0.3849 -0.8862
vn 0.4572 0.0755 -0.8862
vn 0.5163 0.3779 -0.7685
vn 0.2102 0.4129 -0.8862
vn 0.5864 0.4292 -0.6870
vn -0.5864 -0.4292 -0.6870
vn -0.5163 -0.3779 -0.7686
vn -0.4572 -0.0755 -0.8862
vn -0.2102 -0.4129 -0.8862
vn 0.4292 -0.5864 -0.6870
vn 0.3779 -0.5163 -0.7686
vn 0.0755 -0.4571 -0.8862
vn 0.4129 -0.2102 -0.8862
vn -0.0755 0.4571 -0.8862
vn -0.3779 0.5163 -0.7685
vn -0.4129 0.2102 -0.8862
vn -0.4292 0.5864 -0.6870
vn 0.8758 0.0418 -0.4808
vn 0.8950 0.4196 -0.1517
vn 0.8753 0.2271 -0.4269
vn 0.8557 0.1035 -0.5070
vn 0.7609 0.5677 -0.3143
vn 0.8250 0.1792 -0.5359
vn 0.8386 0.5065 -0.2005
vn 0.7405 0.5042 -0.4443
vn 0.6413 0.6429 -0.4189
vn 0.4044 -0.8130 -0.4190
vn 0.5425 -0.7130 -0.4443
vn 0.6342 -0.7467 -0.2005
vn 0.3012 0.0622 -0.9515
vn 0.3214 -0.0523 -0.9455
vn 0.2659 -0.1545 -0.9515
vn -0.1452 0.0941 -0.9849
vn -0.1001 0.1390 -0.9852
vn -0.0432 0.1675 -0.9849
vn -0.9751 -0.0711 -0.2102
vn -0.8066 -0.1231 -0.5782
vn -0.8617 -0.2947 -0.4131
vn 0.5527 0.7238 -0.4131
vn 0.3724 0.7260 -0.5782
vn 0.3765 0.9023 -0.2101
vn -0.1775 0.8609 -0.4769
vn -0.1740 0.8899 -0.4216
vn -0.0929 0.9562 -0.2775
vn 0.1553 0.9831 -0.0971
vn -0.1681 0.9247 -0.3415
vn 0.0309 0.9979 -0.0561
vn -0.0180 0.4630 -0.8862
vn 0.2663 0.5817 -0.7686
vn 0.3025 0.6607 -0.6870
vn 0.3622 0.2889 -0.8862
vn 0.4630 0.0179 -0.8862
vn 0.5817 -0.2663 -0.7686
vn 0.6607 -0.3025 -0.6870
vn 0.2893 -0.3636 -0.8855
vn -0.4630 -0.0180 -0.8862
vn -0.5817 0.2663 -0.7686
vn -0.6607 0.3025 -0.6870
vn -0.2889 0.3622 -0.8862
vn 0.8589 0.4867 -0.1596
vn 0.8111 0.4844 -0.3277
vn 0.6983 0.6136 -0.3686
vn 0.8024 -0.4748 -0.3615
vn 0.8871 -0.3251 -0.3277
vn 0.9344 -0.3185 -0.1596
vn 0.3508 0.1778 -0.9194
vn 0.4528 0.0425 -0.8906
vn 0.3756 -0.1076 -0.9205
vn 0.4523 0.8128 -0.3671
vn 0.3077 0.8951 -0.3228
vn 0.3005 0.9407 -0.1576
vn -0.1765 0.3543 -0.9183
vn -0.0434 0.4624 -0.8856
vn 0.1098 0.3837 -0.9169
vn -0.4702 0.8684 -0.1576
vn -0.4688 0.8222 -0.3228
vn -0.5981 0.7167 -0.3586
vn 0.6703 0.5978 -0.4397
vn 0.8355 0.3096 -0.4540
vn 0.9010 0.4085 -0.1458
vn 0.8323 0.2059 -0.5146
vn 0.4453 0.7795 -0.4407
vn 0.1351 0.8825 -0.4505
vn 0.0379 0.8576 -0.5129
vn 0.2190 0.9652 -0.1432
vn 0.7243 0.0583 -0.6870
vn 0.6377 0.0513 -0.7685
vn 0.4289 -0.1752 -0.8862
vn 0.3954 0.2416 -0.8862
vn -0.2416 0.3954 -0.8862
vn -0.0513 0.6377 -0.7686
vn -0.0583 0.7243 -0.6870
vn 0.1752 0.4289 -0.8862
vn 0.1982 0.0233 -0.9799
vn 0.1776 -0.0399 -0.9833
vn 0.1362 -0.0987 -0.9858
vn 0.7943 0.5799 -0.1810
vn 0.6454 0.5545 -0.5253
vn 0.6063 0.7200 -0.3376
vn -0.1534 -0.8976 -0.4133
vn 0.0041 -0.8163 -0.5777
vn 0.0697 -0.9758 -0.2071
vn -0.2100 0.2407 -0.9476
vn -0.1166 0.3211 -0.9398
vn 0.0066 0.3194 -0.9476
vn -0.8325 0.5179 -0.1967
vn -0.7891 0.4396 -0.4290
vn -0.8666 0.2808 -0.4125
vn 0.4846 0.7714 -0.4125
vn 0.3232 0.8435 -0.4290
vn 0.3057 0.9316 -0.1968
vn 0.8827 0.0065 -0.4699
vn 0.9295 0.3580 -0.0890
vn 0.9625 0.0948 -0.2544
vn 0.9136 0.0086 -0.4065
vn 0.9768 0.2122 -0.0302
vn 0.9496 0.0114 -0.3131
vn 0.2242 0.9622 -0.1548
vn 0.0466 0.8991 -0.4353
vn 0.4026 0.8565 -0.3230
vn -0.1395 0.8686 -0.4755
vn -0.0704 0.8569 -0.5107
vn 0.0144 0.8355 -0.5493
vn 0.4006 -0.2102 -0.8918
vn 0.3658 -0.5033 -0.7829
vn 0.4102 -0.5826 -0.7017
vn 0.0667 -0.4285 -0.9011
vn -0.5554 0.1826 -0.8113
vn -0.4937 0.4615 -0.7371
vn -0.6328 0.6010 -0.4883
vn -0.4239 0.1554 -0.8923
vn -0.3372 0.6255 -0.7036
vn 0.5397 0.3844 -0.7490
vn 0.4125 -0.0865 -0.9068
vn 0.6126 0.1912 -0.7670
vn 0.8060 0.2852 -0.5187
vn 0.5556 -0.0573 -0.8295
vn 0.5571 0.6717 -0.4883
vn 0.4356 0.5167 -0.7371
vn 0.5295 0.2470 -0.8116
vn 0.2608 0.6610 -0.7036
vn 0.4025 0.2045 -0.8923
vn 0.6474 -0.3299 -0.6870
vn 0.5701 -0.2905 -0.7686
vn 0.2735 -0.3740 -0.8862
vn 0.4634 -0.0014 -0.8862
vn -0.5449 -0.1227 -0.8295
vn -0.6309 0.1173 -0.7670
vn -0.8341 0.1877 -0.5187
vn -0.3994 -0.1347 -0.9068
vn -0.5814 0.3177 -0.7490
vn -0.3729 -0.2562 -0.8918
vn -0.3036 -0.5431 -0.7829
vn -0.0154 -0.4334 -0.9011
vn -0.3383 -0.6270 -0.7017
vn -0.2541 -0.3003 0.9194
vn -0.1497 -0.4347 0.8881
vn 0.0153 -0.3930 0.9194
vn -0.6686 -0.7266 0.1585
vn -0.6557 -0.6815 0.3251
vn -0.7569 -0.5455 0.3600
vn 0.2606 -0.8958 0.3599
vn 0.0972 -0.9407 0.3250
vn 0.0795 -0.9842 0.1585
vn -0.3018 0.2572 0.9180
vn -0.4347 0.1497 0.8881
vn -0.3930 -0.0154 0.9194
vn -0.7266 0.6686 0.1585
vn -0.6815 0.6557 0.3251
vn -0.5440 0.7540 0.3682
vn -0.8958 -0.2606 0.3600
vn -0.9407 -0.0972 0.3251
vn -0.9842 -0.0795 0.1585
vn 0.0805 -0.9789 -0.1880
vn 0.0980 -0.9198 -0.3799
vn 0.2542 -0.8728 -0.4166
vn -0.7621 -0.5282 -0.3744
vn -0.6552 -0.6676 -0.3535
vn -0.6702 -0.7226 -0.1692
vn 0.0058 -0.3478 -0.9375
vn -0.1448 -0.3929 -0.9081
vn -0.2430 -0.2884 -0.9262
vn -0.3930 -0.0153 -0.9194
vn -0.4347 0.1497 -0.8881
vn -0.3018 0.2572 -0.9180
vn -0.9842 -0.0795 -0.1585
vn -0.9407 -0.0971 -0.3251
vn -0.8958 -0.2606 -0.3600
vn -0.5440 0.7540 -0.3682
vn -0.6815 0.6557 -0.3251
vn -0.7266 0.6686 -0.1585
vn 0.7266 -0.6686 0.1585
vn 0.6815 -0.6557 0.3251
vn 0.5455 -0.7569 0.3600
vn 0.8958 0.2606 0.3600
vn 0.9407 0.0971 0.3250
vn 0.9842 0.0795 0.1585
vn 0.3002 -0.2541 0.9194
vn 0.4347 -0.1497 0.8881
vn 0.3930 0.0153 0.9194
vn 0.3740 0.9254 0.0621
vn 0.3217 0.9416 0.0999
vn 0.7351 0.6180 0.2787
vn -0.2224 0.9720 0.0756
vn 0.2991 0.3329 0.8943
vn 0.2027 0.5888 0.7825
vn -0.0511 0.5763 0.8156
vn 0.5972 -0.7218 -0.3499
vn 0.7161 -0.6406 -0.2772
vn 0.7392 -0.6577 -0.1450
vn 0.8563 0.1984 -0.4769
vn 0.6389 -0.1349 -0.7574
vn 0.3312 -0.2493 -0.9100
vn 0.9944 0.0797 -0.0700
vn 0.9828 0.1018 -0.1543
vn 0.4827 0.6767 -0.5559
vn -0.1476 0.8986 -0.4131
vn 0.3325 0.9308 -0.1517
vn 0.6971 0.6231 -0.3545
vn 0.3315 0.9434 0.0134
vn -0.0957 0.4148 -0.9049
vn 0.0350 0.5163 -0.8557
vn 0.1486 0.4006 -0.9041
vn 0.0665 0.9817 -0.1784
vn 0.0630 0.9303 -0.3613
vn -0.3059 0.8757 -0.3736
vn 0.3738 0.8501 -0.3710
vn -0.7946 0.5970 -0.1105
vn -0.6694 0.5920 -0.4488
vn -0.6763 0.2814 -0.6807
vn -0.4754 0.7147 -0.5131
vn 0.0665 0.9817 0.1784
vn 0.0630 0.9303 0.3613
vn 0.3738 0.8501 0.3710
vn -0.3058 0.8757 0.3736
vn 0.1486 0.4006 0.9041
vn 0.0350 0.5162 0.8557
vn -0.0957 0.4148 0.9049
vn -0.7946 0.5970 0.1105
vn -0.6693 0.5921 0.4488
vn -0.5135 0.8460 0.1437
vn -0.6763 0.2814 0.6807
vn -0.3770 0.4914 0.7851
vn -0.3703 0.0618 0.9269
vn -0.4107 -0.0798 0.9083
vn -0.3015 -0.1835 0.9356
vn -0.9592 0.2268 0.1688
vn -0.9014 0.2400 0.3604
vn -0.8360 0.3985 0.3773
vn -0.6021 -0.6620 0.4464
vn -0.7053 -0.5682 0.4240
vn -0.7839 -0.5838 0.2113
vn 0.0710 0.3887 0.9186
vn -0.0877 0.4513 0.8881
vn -0.2098 0.3327 0.9194
vn 0.2157 0.9635 0.1585
vn 0.2271 0.9180 0.3250
vn 0.3817 0.8493 0.3647
vn -0.6736 0.6455 0.3600
vn -0.5545 0.7661 0.3251
vn -0.5609 0.8126 0.1585
vn -0.8386 0.3958 -0.3742
vn -0.9060 0.2335 -0.3532
vn -0.9598 0.2239 -0.1691
vn -0.2987 -0.1793 -0.9374
vn -0.4131 -0.0712 -0.9079
vn -0.3714 0.0663 -0.9261
vn -0.8006 -0.5690 -0.1876
vn -0.7478 -0.5449 -0.3793
vn -0.6290 -0.6568 -0.4159
vn -0.2098 0.3327 -0.9194
vn -0.0877 0.4513 -0.8881
vn 0.0710 0.3887 -0.9186
vn -0.5609 0.8126 -0.1585
vn -0.5545 0.7661 -0.3251
vn -0.6736 0.6455 -0.3600
vn 0.3817 0.8493 -0.3647
vn 0.2271 0.9180 -0.3251
vn 0.2157 0.9635 -0.1585
vn -0.2085 -0.9634 0.1687
vn -0.2116 -0.9196 0.3309
vn -0.3473 -0.8501 0.3958
vn 0.7103 -0.6511 0.2673
vn 0.5717 -0.7800 0.2546
vn 0.5658 -0.8160 0.1184
vn -0.0569 -0.3764 0.9247
vn 0.1341 -0.4961 0.8578
vn 0.2801 -0.4079 0.8690
vn 0.9753 -0.1943 0.1049
vn 0.9479 -0.2298 0.2205
vn 0.8828 -0.3975 0.2505
vn 0.6769 0.6582 0.3296
vn 0.7910 0.5501 0.2678
vn 0.8251 0.5487 0.1347
vn 0.5026 -0.1145 0.8569
vn 0.5540 0.0811 0.8285
vn 0.3625 0.2273 0.9038
vn 0.5658 -0.8160 -0.1184
vn 0.5717 -0.7800 -0.2546
vn 0.7160 -0.6552 -0.2412
vn -0.3496 -0.8534 -0.3866
vn -0.2116 -0.9196 -0.3309
vn -0.2085 -0.9634 -0.1687
vn 0.2699 -0.4009 -0.8754
vn 0.1341 -0.4962 -0.8578
vn -0.0550 -0.3736 -0.9260
vn 0.8303 0.5423 -0.1282
vn 0.8054 0.5390 -0.2467
vn 0.6865 0.6536 -0.3186
vn 0.9120 -0.3669 -0.1836
vn 0.9799 -0.1526 -0.1286
vn 0.9858 -0.1568 -0.0601
vn 0.3576 0.2370 -0.9033
vn 0.5442 0.1058 -0.8323
vn 0.4847 -0.1033 -0.8686
vn 0.3187 0.2740 -0.9074
vn 0.4714 0.1941 -0.8603
vn 0.4205 0.0303 -0.9068
vn 0.9112 0.3751 -0.1702
vn 0.8677 0.3572 -0.3457
vn 0.6226 0.6935 -0.3626
vn 0.9298 -0.0506 -0.3645
vn 0.0022 0.9855 -0.1699
vn 0.0020 0.9386 -0.3450
vn -0.4014 0.8405 -0.3639
vn 0.4088 0.8377 -0.3621
vn -0.1317 0.4000 -0.9070
vn 0.0011 0.5092 -0.8607
vn 0.1334 0.3981 -0.9076
vn 0.6226 0.6935 0.3626
vn 0.8677 0.3572 0.3457
vn 0.9112 0.3751 0.1703
vn 0.4204 0.0303 0.9068
vn 0.4714 0.1941 0.8603
vn 0.3187 0.2740 0.9074
vn 0.9298 -0.0506 0.3645
vn -0.4014 0.8405 0.3639
vn 0.0020 0.9386 0.3450
vn 0.0021 0.9855 0.1699
vn 0.1334 0.3981 0.9076
vn 0.0011 0.5092 0.8607
vn -0.1317 0.4000 0.9070
vn 0.4088 0.8377 0.3621
vn -0.6686 -0.6507 0.3600
vn -0.7850 -0.5274 0.3251
vn -0.8316 -0.5322 0.1585
vn -0.3844 0.0834 0.9194
vn -0.4540 -0.0719 0.8881
vn -0.3398 -0.1981 0.9194
vn -0.9554 0.2492 0.1585
vn -0.9095 0.2590 0.3250
vn -0.8370 0.4122 0.3600
vn 0.0834 0.3844 0.9194
vn -0.0719 0.4540 0.8881
vn -0.1981 0.3398 0.9194
vn 0.2492 0.9554 0.1585
vn 0.2590 0.9095 0.3251
vn 0.4122 0.8370 0.3600
vn -0.6507 0.6686 0.3600
vn -0.5274 0.7850 0.3251
vn -0.5322 0.8316 0.1585
vn -0.8316 -0.5322 -0.1585
vn -0.7850 -0.5274 -0.3251
vn -0.6686 -0.6507 -0.3600
vn -0.8370 0.4122 -0.3600
vn -0.9095 0.2590 -0.3251
vn -0.9554 0.2492 -0.1585
vn -0.3398 -0.1981 -0.9194
vn -0.4540 -0.0719 -0.8881
vn -0.3844 0.0834 -0.9194
vn 0.4122 0.8370 -0.3600
vn 0.2590 0.9095 -0.3251
vn 0.2492 0.9554 -0.1585
vn -0.1981 0.3398 -0.9194
vn -0.0719 0.4541 -0.8881
vn 0.0834 0.3844 -0.9194
vn -0.5322 0.8316 -0.1585
vn -0.5274 0.7850 -0.3251
vn -0.6507 0.6686 -0.3600
vn -0.2492 -0.9554 0.1585
vn -0.2590 -0.9095 0.3251
vn -0.4122 -0.8370 0.3600
vn 0.6507 -0.6686 0.3600
vn 0.5274 -0.7850 0.3250
vn 0.5322 -0.8316 0.1585
vn -0.0834 -0.3844 0.9194
vn 0.0719 -0.4540 0.8881
vn 0.1981 -0.3398 0.9194
vn 0.6686 0.6507 0.3600
vn 0.7850 0.5274 0.3251
vn 0.8316 0.5322 0.1585
vn 0.3844 -0.0834 0.9194
vn 0.4541 0.0719 0.8881
vn 0.3398 0.1981 0.9194
vn 0.9554 -0.2492 0.1585
vn 0.9095 -0.2590 0.3251
vn 0.8370 -0.4122 0.3600
vn -0.4122 -0.8370 -0.3600
vn -0.2590 -0.9095 -0.3251
vn -0.2492 -0.9554 -0.1585
vn 0.1981 -0.3398 -0.9194
vn 0.0719 -0.4540 -0.8881
vn -0.0834 -0.3844 -0.9194
vn 0.5322 -0.8316 -0.1585
vn 0.5274 -0.7850 -0.3251
vn 0.6507 -0.6686 -0.3600
vn 0.8316 0.5323 -0.1585
vn 0.7850 0.5274 -0.3250
vn 0.6686 0.6507 -0.3600
vn 0.8370 -0.4122 -0.3600
vn 0.9095 -0.2590 -0.3251
vn 0.9554 -0.2492 -0.1585
vn 0.3398 0.1981 -0.9194
vn 0.4541 0.0719 -0.8881
vn 0.3844 -0.0834 -0.9194
vn -0.4555 0.8902 -0.0000
vn 0.3074 0.9516 -0.0000
vn 0.0001 0.9233 -0.3841
vn -0.0000 0.3823 -0.9240
vn 0.1463 -0.3533 -0.9240
vn 0.1912 -0.3312 -0.9240
vn 0.4616 -0.7995 -0.3844
vn 0.3533 -0.8529 -0.3844
vn -0.0000 -0.9232 -0.3844
vn -0.1205 -0.9153 -0.3844
vn -0.0499 -0.3791 -0.9240
vn -0.0000 -0.3824 -0.9240
vn -0.0990 -0.3694 -0.9240
vn -0.2389 -0.8917 -0.3844
vn -0.4616 -0.7995 -0.3844
vn -0.5620 -0.7324 -0.3844
vn -0.2328 -0.3034 -0.9240
vn -0.1912 -0.3312 -0.9240
vn -0.2704 -0.2704 -0.9240
vn -0.6528 -0.6528 -0.3844
vn -0.6553 0.6491 -0.3864
vn -0.5613 0.7339 -0.3825
vn -0.2339 0.3038 -0.9236
vn -0.2685 0.2712 -0.9243
vn -0.1912 0.3312 -0.9240
vn -0.4615 0.7994 -0.3846
vn 0.3312 -0.1912 -0.9240
vn 0.3533 -0.1463 -0.9240
vn 0.8529 -0.3533 -0.3844
vn 0.7995 -0.4616 -0.3844
vn 0.5620 -0.7324 -0.3844
vn 0.2328 -0.3034 -0.9240
vn -0.9162 -0.1495 -0.3718
vn -0.9272 0.0316 -0.3733
vn -0.4238 -0.0146 -0.9057
vn -0.4224 -0.0416 -0.9054
vn 0.3782 -0.0585 -0.9239
vn 0.9130 -0.1413 -0.3827
vn -0.3693 0.0405 -0.9284
vn -0.8961 0.1378 -0.4220
vn -0.1205 -0.9153 0.3844
vn -0.0000 -0.9232 0.3844
vn -0.0000 -0.3824 0.9240
vn -0.0499 -0.3791 0.9240
vn 0.0499 -0.3791 0.9240
vn 0.1205 -0.9153 0.3844
vn -0.4616 -0.7995 0.3844
vn -0.3533 -0.8529 0.3844
vn -0.1463 -0.3533 0.9240
vn -0.1912 -0.3312 0.9240
vn -0.2704 -0.2704 0.9240
vn -0.3034 -0.2328 0.9240
vn -0.7324 -0.5620 0.3844
vn -0.6528 -0.6528 0.3844
vn -0.8917 -0.2389 0.3844
vn -0.8529 -0.3533 0.3844
vn -0.3533 -0.1463 0.9240
vn -0.3694 -0.0990 0.9240
vn -0.7995 -0.4616 0.3844
vn -0.3312 -0.1912 0.9240
vn -0.2389 0.8917 0.3844
vn -0.3533 0.8529 0.3844
vn -0.1463 0.3533 0.9240
vn -0.0990 0.3694 0.9240
vn -0.1912 0.3312 0.9240
vn -0.4615 0.7994 0.3846
vn -0.5807 -0.8141 -0.0000
vn 0.1651 -0.9863 -0.0000
vn 0.9636 -0.2672 -0.0000
vn 0.8704 0.4924 -0.0000
vn -0.7604 -0.6495 -0.0000
vn -0.0785 -0.9969 -0.0000
vn 0.9715 0.2368 -0.0000
vn 0.5195 0.8545 -0.0000
vn 0.6757 -0.7371 -0.0007
vn -0.3320 0.1924 0.9235
vn -0.3039 0.2307 0.9243
vn -0.7291 0.5649 0.3865
vn -0.8006 0.4607 0.3833
vn 0.1183 -0.3639 0.9239
vn 0.2855 -0.8787 0.3827
vn -0.8703 -0.4924 -0.0000
vn -0.9636 0.2673 -0.0000
vn 0.3016 -0.2356 -0.9239
vn 0.3015 -0.2356 -0.9239
vn 0.7280 -0.5688 -0.3827
vn -0.5195 -0.8545 -0.0000
vn -0.9716 -0.2368 -0.0000
vn -0.3587 -0.1334 -0.9239
vn -0.8659 -0.3220 -0.3827
vn -0.9993 0.0366 -0.0000
vn -0.6807 0.7326 -0.0000
vn -0.2914 0.2480 -0.9239
vn -0.7036 0.5988 -0.3827
vn -0.1794 -0.9063 -0.3827
vn -0.0743 -0.3754 -0.9239
vn 0.5800 0.7192 -0.3827
vn 0.2402 0.2979 -0.9239
vn 0.8320 -0.5548 -0.0000
vn 0.1959 -0.9806 -0.0000
vn 0.9969 -0.0785 -0.0000
vn 0.6494 -0.7604 -0.0000
vn 0.7280 -0.5688 0.3827
vn 0.3016 -0.2356 0.9239
vn 0.8545 -0.5195 -0.0000
vn 0.2368 -0.9715 -0.0000
vn -0.6495 0.7604 -0.0000
vn 0.0990 -0.3693 -0.9240
vn 0.2389 -0.8917 -0.3844
vn 0.7324 -0.5620 -0.3844
vn 0.3034 -0.2328 -0.9240
vn 0.2704 -0.2704 -0.9240
vn 0.6528 -0.6528 -0.3844
vn -0.7291 0.5649 -0.3865
vn -0.3039 0.2308 -0.9243
vn -0.8009 0.4608 -0.3825
vn -0.3317 0.1923 -0.9236
vn -0.0743 -0.3754 0.9239
vn -0.1794 -0.9063 0.3827
vn -0.8891 -0.2388 -0.3905
vn -0.3717 -0.0996 -0.9230
vn -0.0000 0.3823 0.9240
vn 0.0001 0.9233 0.3841
vn -0.0499 0.3791 0.9240
vn -0.1205 0.9153 0.3844
vn 0.5620 -0.7324 0.3844
vn 0.6528 -0.6528 0.3844
vn 0.2704 -0.2704 0.9240
vn 0.2328 -0.3034 0.9240
vn -0.0990 -0.3694 0.9240
vn -0.2389 -0.8917 0.3844
vn 0.0366 0.9993 -0.0000
vn 0.7325 0.6807 -0.0000
vn -0.5620 -0.7324 0.3844
vn -0.2328 -0.3034 0.9240
vn -0.9135 0.1139 0.3905
vn -0.9206 0.0051 0.3905
vn -0.3786 -0.0023 0.9256
vn -0.3760 0.0522 0.9252
vn -0.3788 -0.0499 0.9241
vn -0.9156 -0.1205 0.3836
vn -0.5613 0.7339 0.3825
vn -0.6553 0.6491 0.3864
vn -0.2685 0.2712 0.9243
vn -0.2339 0.3038 0.9236
vn 0.2673 0.9636 -0.0000
vn -0.4924 0.8704 -0.0000
vn 0.4924 -0.8704 -0.0000
vn -0.2672 -0.9636 -0.0000
vn 0.9130 -0.1413 0.3827
vn 0.3782 -0.0585 0.9239
vn -0.2368 0.9715 -0.0000
vn -0.8545 0.5195 -0.0000
vn 0.2402 0.2979 0.9239
vn 0.5800 0.7192 0.3827
vn 0.2914 -0.2480 0.9239
vn 0.7036 -0.5988 0.3827
vn 0.9516 -0.3074 -0.0000
vn 0.8902 0.4555 -0.0000
vn -0.9063 0.1795 0.3827
vn -0.3754 0.0743 0.9239
vn 0.0994 -0.9950 -0.0000
vn -0.1959 0.9806 -0.0000
vn -0.6494 0.7604 -0.0000
vn 0.6757 -0.7372 0.0007
vn 0.3034 -0.2328 0.9240
vn 0.7324 -0.5620 0.3844
vn 0.5548 0.8320 -0.0000
vn -0.2579 0.7923 -0.5530
vn -0.2590 0.7957 -0.5475
vn -0.2445 0.7510 -0.6133
vn -0.9993 -0.0386 -0.0000
vn 0.3533 -0.8529 0.3844
vn 0.4616 -0.7995 0.3844
vn 0.1912 -0.3312 0.9240
vn 0.1463 -0.3533 0.9240
vn -0.1205 0.9153 -0.3844
vn -0.0499 0.3791 -0.9240
vn 0.0499 -0.3791 -0.9240
vn 0.1205 -0.9153 -0.3844
vn -0.1463 -0.3533 -0.9240
vn -0.3533 -0.8529 -0.3844
vn -0.3312 -0.1912 -0.9240
vn -0.3034 -0.2328 -0.9240
vn -0.7324 -0.5620 -0.3844
vn -0.7995 -0.4616 -0.3844
vn -0.0990 0.3694 -0.9240
vn -0.1463 0.3533 -0.9240
vn -0.3533 0.8529 -0.3844
vn -0.2389 0.8917 -0.3844
vn -0.3522 0.1459 -0.9245
vn -0.8541 0.3535 -0.3816
vn -0.8831 0.2168 -0.4162
vn -0.3554 0.1040 -0.9289
vn 0.0990 -0.3693 0.9240
vn 0.2389 -0.8917 0.3844
vn -0.8953 0.2351 0.3783
vn -0.3731 0.1020 0.9222
vn 0.0087 -1.0000 -0.0000
vn 0.7132 -0.7009 -0.0000
vn 0.8141 -0.5807 -0.0000
vn 0.9863 0.1650 -0.0000
vn 0.1334 -0.3587 0.9239
vn 0.3220 -0.8659 0.3827
vn -0.8659 -0.3220 0.3827
vn -0.3587 -0.1334 0.9239
vn 0.6807 -0.7325 -0.0000
vn 0.9993 -0.0366 -0.0000
vn -0.6807 0.7325 -0.0000
vn -0.8299 0.5579 -0.0006
vn 0.1539 0.7747 0.6134
vn 0.1630 0.8208 0.5475
vn 0.1623 0.8172 0.5530
vn -0.2590 0.7957 0.5475
vn -0.2579 0.7923 0.5530
vn -0.2445 0.7510 0.6133
vn -0.4924 0.8703 -0.0000
vn 0.7036 -0.5988 -0.3827
vn 0.2914 -0.2480 -0.9239
vn 0.0785 0.9969 -0.0000
vn 0.3312 -0.1912 0.9240
vn 0.7995 -0.4616 0.3844
vn -0.3754 0.0743 -0.9239
vn -0.9063 0.1794 -0.3827
vn 0.3696 -0.0991 0.9239
vn 0.8914 -0.2391 0.3851
vn -0.8529 -0.3533 -0.3844
vn -0.3533 -0.1463 -0.9240
vn 0.3696 -0.0991 -0.9239
vn 0.8914 -0.2391 -0.3851
vn 0.8529 -0.3533 0.3844
vn 0.3533 -0.1463 0.9240
vn -0.3581 0.1460 0.9222
vn -0.8526 0.3584 0.3802
vn -0.8141 0.5807 -0.0000
vn -0.9863 -0.1650 -0.0000
vn -0.7036 0.5988 0.3827
vn -0.2914 0.2480 0.9239
vn 0.3220 -0.8659 -0.3827
vn 0.1334 -0.3587 -0.9239
vn -0.8299 0.5579 0.0006
vn 0.1539 0.7747 -0.6133
vn 0.1623 0.8172 -0.5530
vn 0.1630 0.8208 -0.5475
vn -0.0000 0.9174 -0.3979
vn 0.3015 0.8667 -0.3973
vn 0.1407 0.3570 -0.9235
vn -0.0000 0.3800 -0.9250
vn -0.8441 0.3090 -0.4382
vn -0.3219 0.1504 -0.9348
vn -0.2673 0.2672 -0.9258
vn -0.6510 0.6492 -0.3934
vn -0.0000 0.3800 0.9250
vn 0.1406 0.3570 0.9235
vn 0.3015 0.8667 0.3973
vn -0.0000 0.9174 0.3979
vn -0.3511 0.8476 0.3979
vn -0.6510 0.6492 0.3934
vn -0.2673 0.2672 0.9258
vn -0.1454 0.3511 0.9250
vn 0.6489 0.6488 -0.3975
vn 0.8472 0.3485 -0.4009
vn 0.3489 0.1459 -0.9257
vn 0.2686 0.2686 -0.9250
vn 0.3802 -0.0026 -0.9249
vn 0.9174 0.0052 -0.3980
vn 0.8479 -0.3538 -0.3949
vn 0.6485 -0.6487 -0.3983
vn 0.2688 -0.2689 -0.9249
vn 0.3534 -0.1450 -0.9242
vn -0.3511 0.1454 -0.9250
vn -0.3797 -0.0000 -0.9251
vn -0.9177 -0.0002 -0.3972
vn -0.8476 0.3511 -0.3979
vn -0.1493 -0.3537 -0.9234
vn -0.0000 -0.3803 -0.9248
vn 0.0002 -0.9171 -0.3986
vn -0.3477 -0.8516 -0.3923
vn 0.3511 -0.8476 -0.3979
vn 0.1454 -0.3511 -0.9250
vn 0.1454 0.3511 0.9250
vn 0.2686 0.2686 0.9250
vn 0.6489 0.6488 0.3975
vn 0.3511 0.8476 0.3979
vn 0.1454 -0.3511 0.9250
vn -0.0000 -0.3800 0.9250
vn -0.0000 -0.9174 0.3979
vn 0.3511 -0.8476 0.3979
vn -0.3511 -0.8476 0.3979
vn -0.1454 -0.3511 0.9250
vn -0.2687 0.2687 0.9250
vn -0.6487 0.6487 0.3979
vn 0.6487 0.6487 -0.3979
vn 0.8476 0.3511 -0.3979
vn 0.3511 0.1454 -0.9250
vn 0.2687 0.2687 -0.9250
vn 0.3800 -0.0000 -0.9250
vn 0.9174 -0.0000 -0.3979
vn 0.8476 -0.3511 -0.3979
vn 0.6486 -0.6483 -0.3987
vn 0.2690 -0.2690 -0.9248
vn 0.3511 -0.1454 -0.9250
vn -0.3520 0.1467 -0.9244
vn -0.3801 -0.0000 -0.9249
vn -0.9173 -0.0001 -0.3981
vn -0.8490 0.3500 -0.3959
vn -0.1464 -0.3469 -0.9264
vn 0.0051 -0.3808 -0.9247
vn -0.0102 -0.9171 -0.3984
vn -0.3460 -0.8468 -0.4040
vn 0.1445 -0.3559 -0.9233
vn 0.3566 -0.8480 -0.3920
vn 0.8476 0.3511 0.3979
vn 0.6487 0.6487 0.3979
vn 0.2687 0.2687 0.9250
vn 0.3511 0.1454 0.9250
vn 0.6486 -0.6483 0.3987
vn 0.8495 -0.3488 0.3959
vn 0.3506 -0.1441 0.9254
vn 0.2690 -0.2690 0.9248
vn 0.3566 -0.8480 0.3920
vn 0.1445 -0.3559 0.9233
vn -0.2685 -0.2685 0.9251
vn -0.3511 -0.1454 0.9250
vn -0.8476 -0.3511 0.3979
vn -0.6488 -0.6491 0.3972
vn -0.9174 -0.0000 0.3979
vn -0.3800 -0.0000 0.9250
vn -0.8476 0.3511 0.3979
vn -0.3511 0.1454 0.9250
vn -0.2687 -0.2687 0.9250
vn -0.6487 -0.6487 0.3979
vn -0.6554 -0.6416 -0.3984
vn -0.8436 -0.3540 -0.4037
vn -0.3489 -0.1420 -0.9263
vn -0.2658 -0.2726 -0.9247
vn -0.1454 0.3511 -0.9250
vn -0.2687 0.2687 -0.9250
vn -0.6487 0.6487 -0.3979
vn -0.3511 0.8476 -0.3979
vn 0.9048 -0.1777 0.3870
vn 0.9184 -0.0007 0.3957
vn 0.3791 -0.0001 0.9254
vn 0.3774 -0.0742 0.9231
vn -0.3219 0.1504 0.9348
vn -0.8441 0.3090 0.4382
vn -0.2855 0.5856 -0.7586
vn 0.3511 0.8476 -0.3979
vn 0.1454 0.3511 -0.9250
vn 0.9174 0.0052 0.3980
vn 0.8472 0.3485 0.4009
vn 0.3489 0.1459 0.9257
vn 0.3802 -0.0026 0.9249
vn 0.8479 -0.3538 0.3949
vn 0.3534 -0.1450 0.9242
vn 0.6485 -0.6487 0.3983
vn 0.2688 -0.2688 0.9249
vn -0.3511 -0.1454 -0.9250
vn -0.8476 -0.3511 -0.3979
vn -0.6488 -0.6491 -0.3972
vn -0.2685 -0.2685 -0.9251
vn -0.6463 0.6511 -0.3980
vn -0.2700 0.2676 -0.9249
vn -0.1464 -0.3469 0.9264
vn -0.3460 -0.8468 0.4040
vn -0.3522 0.8462 -0.3999
vn -0.0001 0.9175 -0.3976
vn -0.0000 0.3799 -0.9250
vn -0.1442 0.3503 -0.9255
vn 0.0051 -0.3808 0.9247
vn -0.0102 -0.9171 0.3984
vn -0.2384 -0.8897 -0.3894
vn -0.0000 -0.9211 -0.3894
vn -0.0000 -0.3815 -0.9244
vn -0.0987 -0.3685 -0.9244
vn -0.6513 -0.6513 -0.3894
vn -0.4605 -0.7977 -0.3894
vn -0.1908 -0.3304 -0.9244
vn -0.2698 -0.2698 -0.9244
vn 0.2687 -0.2687 -0.9250
vn 0.6487 -0.6487 -0.3979
vn -0.0000 -0.9174 -0.3979
vn -0.3511 -0.8476 -0.3979
vn -0.1454 -0.3511 -0.9250
vn -0.0000 -0.3800 -0.9250
vn -0.8897 0.2384 -0.3895
vn -0.9210 -0.0000 -0.3895
vn -0.3816 -0.0000 -0.9243
vn -0.3685 0.0987 -0.9244
vn 0.1460 0.3484 -0.9259
vn -0.0032 0.3803 -0.9249
vn 0.0064 0.9173 -0.3981
vn 0.3479 0.8471 -0.4017
vn -0.6513 0.6513 -0.3894
vn -0.7977 0.4605 -0.3894
vn -0.3304 0.1908 -0.9244
vn -0.2698 0.2698 -0.9244
vn -0.3544 0.8479 -0.3942
vn -0.1449 0.3540 -0.9240
vn -0.9174 -0.0000 -0.3979
vn -0.3800 -0.0000 -0.9250
vn 0.2686 0.2686 -0.9251
vn 0.6488 0.6490 -0.3974
vn -0.2384 0.8897 -0.3894
vn -0.4605 0.7977 -0.3894
vn -0.1908 0.3304 -0.9244
vn -0.0987 0.3685 -0.9244
vn 0.6487 -0.6487 0.3979
vn 0.8476 -0.3511 0.3979
vn 0.3511 -0.1454 0.9250
vn 0.2687 -0.2687 0.9250
vn 0.3800 -0.0000 0.9250
vn 0.9174 -0.0000 0.3979
vn 0.3508 -0.8492 0.3948
vn 0.1448 -0.3498 0.9255
vn 0.4605 0.7977 -0.3894
vn 0.2384 0.8897 -0.3894
vn 0.0987 0.3685 -0.9244
vn 0.1908 0.3304 -0.9244
vn 0.6488 0.6490 0.3974
vn 0.2686 0.2686 0.9251
vn -0.1449 0.3525 -0.9245
vn -0.3476 0.8482 -0.3997
vn 0.7976 0.4605 -0.3895
vn 0.6513 0.6513 -0.3894
vn 0.2698 0.2698 -0.9244
vn 0.3304 0.1908 -0.9244
vn 0.8896 0.2384 -0.3895
vn 0.3685 0.0987 -0.9244
vn -0.1449 0.3540 0.9240
vn -0.0032 0.3803 0.9249
vn 0.0064 0.9173 0.3981
vn -0.3544 0.8479 0.3942
vn -0.3807 -0.0000 0.9247
vn -0.9168 0.0004 0.3994
vn 0.3479 0.8471 0.4017
vn 0.1460 0.3484 0.9259
vn 0.2683 -0.2683 -0.9252
vn 0.3446 -0.1469 -0.9272
vn 0.8461 -0.3431 -0.4079
vn 0.6493 -0.6488 -0.3969
vn 0.9167 -0.0165 -0.3992
vn 0.3820 0.0082 -0.9241
vn 0.6513 -0.6513 -0.3894
vn 0.7976 -0.4605 -0.3895
vn 0.3304 -0.1908 -0.9244
vn 0.2698 -0.2698 -0.9244
vn 0.0987 -0.3685 -0.9244
vn 0.2384 -0.8897 -0.3894
vn -0.1775 0.9048 -0.3870
vn -0.0007 0.9184 -0.3957
vn -0.0001 0.3791 -0.9254
vn -0.0742 0.3774 -0.9231
vn -0.3487 0.8495 -0.3958
vn -0.1440 0.3506 -0.9254
vn -0.9174 -0.0002 -0.3979
vn -0.8476 0.3512 -0.3977
vn -0.3512 0.1454 -0.9249
vn -0.3800 0.0001 -0.9250
vn -0.6487 -0.6487 -0.3979
vn -0.8476 -0.3510 -0.3980
vn -0.3510 -0.1455 -0.9250
vn -0.2687 -0.2687 -0.9250
vn 0.6486 0.6483 0.3988
vn 0.3574 0.8481 0.3912
vn 0.1444 0.3566 0.9230
vn 0.2690 0.2690 0.9248
vn -0.8476 -0.3510 0.3980
vn -0.3510 -0.1455 0.9250
vn -0.3512 0.1454 0.9249
vn -0.2685 0.2685 0.9251
vn -0.6488 0.6491 0.3971
vn -0.8476 0.3512 0.3977
vn -0.3453 0.8467 0.4048
vn -0.1465 0.3464 0.9266
vn -0.7979 0.4602 -0.3894
vn -0.7325 0.5618 -0.3845
vn -0.3043 0.2333 -0.9236
vn -0.3293 0.1907 -0.9248
vn 0.1908 -0.3304 -0.9244
vn 0.4605 -0.7976 -0.3894
vn 0.3815 -0.0000 -0.9244
vn 0.8897 0.2384 -0.3894
vn 0.9211 -0.0000 -0.3894
vn -0.7977 -0.4605 -0.3894
vn -0.3304 -0.1908 -0.9244
vn -0.9214 -0.0007 -0.3886
vn -0.8892 0.2399 -0.3895
vn -0.3687 0.0981 -0.9243
vn -0.3821 0.0004 -0.9241
vn -0.3686 -0.0988 -0.9243
vn -0.8896 -0.2384 -0.3896
vn 0.7977 0.4605 -0.3894
vn -0.2696 0.2693 -0.9245
vn -0.6520 0.6511 -0.3886
vn 0.4605 0.7976 -0.3895
vn -0.1449 0.3525 0.9245
vn -0.3476 0.8482 0.3997
vn 0.0058 0.3810 0.9246
vn -0.0117 0.9171 0.3986
vn 0.6480 0.6486 -0.3992
vn 0.8481 0.3601 -0.3885
vn 0.3592 0.1440 -0.9221
vn 0.2691 0.2692 -0.9247
vn -0.8897 -0.2384 -0.3895
vn -0.3685 -0.0987 -0.9244
vn -0.6487 0.6485 -0.3984
vn -0.2689 0.2689 -0.9249
vn -0.0000 0.9211 -0.3894
vn -0.0000 0.3815 -0.9244
vn -0.0200 -0.9024 0.4304
vn 0.0113 -0.3653 0.9308
vn -0.2689 0.2689 0.9249
vn -0.6487 0.6485 0.3984
vn -0.8537 -0.3428 0.3921
vn -0.3582 -0.1535 0.9209
vn -0.1682 -0.3501 0.9215
vn -0.2818 -0.2908 0.9143
vn -0.6655 -0.6512 0.3647
vn -0.3072 -0.8553 0.4173
vn 0.8896 -0.2384 -0.3895
vn 0.3686 -0.0988 -0.9243
vn 0.4605 -0.7977 -0.3894
vn 0.3812 0.0010 -0.9245
vn 0.9166 0.0032 -0.3998
vn 0.9166 0.0032 0.3998
vn 0.3812 0.0010 0.9245
vn 0.7977 -0.4605 -0.3894
vn 0.8897 -0.2384 -0.3894
vn 0.3685 -0.0987 -0.9244
vn -0.4605 -0.7976 -0.3895
vn 0.2384 0.8897 -0.3895
vn -0.4605 0.7976 -0.3895
vn -0.9174 -0.0002 0.3979
vn -0.3800 0.0001 0.9250
vn 0.9210 -0.0000 -0.3895
vn 0.3816 -0.0000 -0.9243
vt 0.000000 0.000000
vt 0.000000 0.000000
vt 0.000000 0.000000
vt 0.000000 0.000000
vt 0.000000 0.000000
vt 0.000000 0.000000
vt 0.000000 0.000000
vt 0.384537 0.006676
vt 0.384537 0.995549
vt 0.129451 0.743324
vt 0.384537 0.000000
vt 0.384537 1.000000
vt 0.379031 0.000000
vt 0.375000 0.998119
vt 0.125000 0.747178
vt 0.375000 0.995549
vt 0.129451 0.750000
vt 0.125000 0.743324
vt 0.375000 0.006676
vt 0.615463 0.006676
vt 0.870549 0.743324
vt 0.615463 0.995549
vt 0.625000 0.006676
vt 0.875000 0.743324
vt 0.625000 0.002822
vt 0.873119 0.750000
vt 0.620969 1.000000
vt 0.870549 0.750000
vt 0.625000 0.995549
vt 0.615463 0.000000
vt 0.615463 1.000000
vt 0.384537 0.006676
vt 0.384537 0.995549
vt 0.129451 0.743324
vt 0.384537 0.000000
vt 0.384537 1.000000
vt 0.379031 0.000000
vt 0.375000 0.998119
vt 0.125000 0.747178
vt 0.375000 0.995549
vt 0.129451 0.750000
vt 0.125000 0.743324
vt 0.375000 0.006676
vt 0.384537 0.995549
vt 0.129451 0.743324
vt 0.384537 0.006676
vt 0.375000 0.995549
vt 0.129451 0.750000
vt 0.375000 0.998119
vt 0.125000 0.747178
vt 0.379031 0.000000
vt 0.125000 0.743324
vt 0.375000 0.006676
vt 0.384537 0.000000
vt 0.384537 1.000000
vt 0.615463 0.995549
vt 0.615463 0.006676
vt 0.870549 0.743324
vt 0.615463 0.000000
vt 0.615463 1.000000
vt 0.620969 1.000000
vt 0.625000 0.002822
vt 0.873119 0.750000
vt 0.625000 0.006676
vt 0.875000 0.743324
vt 0.870549 0.750000
vt 0.625000 0.995549
vt 0.615463 0.006676
vt 0.870549 0.743324
vt 0.615463 0.995549
vt 0.625000 0.006676
vt 0.875000 0.743324
vt 0.625000 0.002822
vt 0.873119 0.750000
vt 0.620969 1.000000
vt 0.870549 0.750000
vt 0.625000 0.995549
vt 0.615463 0.000000
vt 0.615463 1.000000
vt 0.370549 0.743324
vt 0.384537 0.754451
vt 0.384537 0.743324
vt 0.375000 0.754451
vt 0.370549 0.750000
vt 0.375717 0.749059
vt 0.384537 0.750000
vt 0.375000 0.743324
vt 0.615463 0.743324
vt 0.615463 0.754451
vt 0.629451 0.743324
vt 0.615463 0.750000
vt 0.623656 0.749686
vt 0.629451 0.750000
vt 0.625000 0.754451
vt 0.625000 0.743324
vt 0.384537 0.006676
vt 0.384537 0.995549
vt 0.129451 0.743324
vt 0.384537 0.000000
vt 0.384537 1.000000
vt 0.379031 0.000000
vt 0.375000 0.998119
vt 0.125000 0.747178
vt 0.375000 0.995549
vt 0.129451 0.750000
vt 0.125000 0.743324
vt 0.375000 0.006676
vt 0.384537 0.006676
vt 0.384537 0.995549
vt 0.129451 0.743324
vt 0.384537 0.000000
vt 0.384537 1.000000
vt 0.379031 0.000000
vt 0.375000 0.998119
vt 0.125000 0.747178
vt 0.375000 0.995549
vt 0.129451 0.750000
vt 0.125000 0.743324
vt 0.375000 0.006676
vt 0.615463 0.006676
vt 0.870549 0.743324
vt 0.615463 0.995549
vt 0.625000 0.006676
vt 0.875000 0.743324
vt 0.625000 0.002822
vt 0.873119 0.750000
vt 0.620969 1.000000
vt 0.870549 0.750000
vt 0.625000 0.995549
vt 0.615463 0.000000
vt 0.615463 1.000000
vt 0.615463 0.754451
vt 0.629451 0.743324
vt 0.615463 0.743324
vt 0.629451 0.750000
vt 0.625000 0.754451
vt 0.623656 0.749686
vt 0.625000 0.743324
vt 0.615463 0.750000
vt 0.615463 0.995549
vt 0.615463 0.006676
vt 0.870549 0.743324
vt 0.615463 0.000000
vt 0.615463 1.000000
vt 0.620969 1.000000
vt 0.625000 0.002822
vt 0.873119 0.750000
vt 0.625000 0.006676
vt 0.875000 0.743324
vt 0.870549 0.750000
vt 0.625000 0.995549
vt 0.384537 0.006676
vt 0.384537 0.995549
vt 0.129451 0.743324
vt 0.384537 0.000000
vt 0.384537 1.000000
vt 0.379031 0.000000
vt 0.375000 0.998119
vt 0.125000 0.747178
vt 0.375000 0.995549
vt 0.129451 0.750000
vt 0.125000 0.743324
vt 0.375000 0.006676
vt 0.000000 0.000000
vt 0.000000 0.000000
vt 0.000000 0.000000
vt 0.000000 0.000000
vt 0.000000 0.000000
vt 0.000000 0.000000
vt 0.000000 0.000000
vt 0.384537 0.754451
vt 0.384537 0.743324
vt 0.370549 0.743324
vt 0.384537 0.750000
vt 0.375717 0.749059
vt 0.375000 0.743324
vt 0.375000 0.754451
vt 0.370549 0.750000
vt 0.615463 0.995549
vt 0.615463 0.006676
vt 0.870549 0.743324
vt 0.615463 0.000000
vt 0.615463 1.000000
vt 0.620969 1.000000
vt 0.625000 0.002822
vt 0.873119 0.750000
vt 0.625000 0.006676
vt 0.875000 0.743324
vt 0.870549 0.750000
vt 0.625000 0.995549
vt 0.000000 0.000000
vt 0.000000 0.000000
vt 0.000000 0.000000
vt 0.000000 0.000000
vt 0.000000 0.000000
vt 0.000000 0.000000
vt 0.000000 0.000000
vt 0.370549 0.743324
vt 0.384537 0.754451
vt 0.384537 0.743324
vt 0.375000 0.754451
vt 0.370549 0.750000
vt 0.375717 0.749059
vt 0.384537 0.750000
vt 0.375000 0.743324
vt 0.615463 0.743324
vt 0.615463 0.754451
vt 0.629451 0.743324
vt 0.615463 0.750000
vt 0.623656 0.749686
vt 0.629451 0.750000
vt 0.625000 0.754451
vt 0.625000 0.743324
vt 0.384537 0.243324
vt 0.129451 0.506676
vt 0.384537 0.254451
vt 0.375000 0.243324
vt 0.125000 0.506676
vt 0.375000 0.247178
vt 0.126881 0.500000
vt 0.379031 0.250000
vt 0.129451 0.500000
vt 0.375000 0.254451
vt 0.384537 0.250000
vt 0.370549 0.743324
vt 0.384537 0.754451
vt 0.384537 0.743324
vt 0.375000 0.754451
vt 0.370549 0.750000
vt 0.375717 0.749059
vt 0.384537 0.750000
vt 0.375000 0.743324
vt 0.615463 0.243324
vt 0.615463 0.254451
vt 0.870549 0.506676
vt 0.615463 0.250000
vt 0.620969 0.250000
vt 0.625000 0.251881
vt 0.875000 0.502822
vt 0.625000 0.254451
vt 0.870549 0.500000
vt 0.875000 0.506676
vt 0.625000 0.243324
vt 0.615463 0.743324
vt 0.615463 0.754451
vt 0.629451 0.743324
vt 0.615463 0.750000
vt 0.623656 0.749686
vt 0.629451 0.750000
vt 0.625000 0.754451
vt 0.625000 0.743324
vt 0.384537 0.243324
vt 0.129451 0.506676
vt 0.384537 0.254451
vt 0.375000 0.243324
vt 0.125000 0.506676
vt 0.375000 0.247178
vt 0.126881 0.500000
vt 0.379031 0.250000
vt 0.129451 0.500000
vt 0.375000 0.254451
vt 0.384537 0.250000
vt 0.615463 0.243324
vt 0.615463 0.254451
vt 0.870549 0.506676
vt 0.615463 0.250000
vt 0.620969 0.250000
vt 0.625000 0.251881
vt 0.875000 0.502822
vt 0.625000 0.254451
vt 0.870549 0.500000
vt 0.875000 0.506676
vt 0.625000 0.243324
vt 0.129451 0.506676
vt 0.384537 0.254451
vt 0.384537 0.243324
vt 0.129451 0.500000
vt 0.375000 0.254451
vt 0.126881 0.500000
vt 0.379031 0.250000
vt 0.375000 0.247178
vt 0.384537 0.250000
vt 0.375000 0.243324
vt 0.125000 0.506676
vt 0.384537 0.495549
vt 0.370549 0.506676
vt 0.384537 0.506676
vt 0.370549 0.500000
vt 0.375000 0.495549
vt 0.376344 0.500314
vt 0.375000 0.506676
vt 0.384537 0.500000
vt 0.615463 0.254451
vt 0.870549 0.506676
vt 0.615463 0.243324
vt 0.625000 0.254451
vt 0.870549 0.500000
vt 0.625000 0.251881
vt 0.875000 0.502822
vt 0.620969 0.250000
vt 0.875000 0.506676
vt 0.625000 0.243324
vt 0.615463 0.250000
vt 0.615463 0.506676
vt 0.629451 0.506676
vt 0.615463 0.495549
vt 0.625000 0.506676
vt 0.624283 0.500941
vt 0.625000 0.495549
vt 0.629451 0.500000
vt 0.615463 0.500000
vt 0.384537 0.243324
vt 0.129451 0.506676
vt 0.384537 0.254451
vt 0.375000 0.243324
vt 0.125000 0.506676
vt 0.375000 0.247178
vt 0.126881 0.500000
vt 0.379031 0.250000
vt 0.129451 0.500000
vt 0.375000 0.254451
vt 0.384537 0.250000
vt 0.384537 0.243324
vt 0.129451 0.506676
vt 0.384537 0.254451
vt 0.375000 0.243324
vt 0.125000 0.506676
vt 0.375000 0.247178
vt 0.126881 0.500000
vt 0.379031 0.250000
vt 0.129451 0.500000
vt 0.375000 0.254451
vt 0.384537 0.250000
vt 0.615463 0.495549
vt 0.615463 0.506676
vt 0.629451 0.506676
vt 0.615463 0.500000
vt 0.624283 0.500941
vt 0.625000 0.506676
vt 0.625000 0.495549
vt 0.629451 0.500000
vt 0.615463 0.254451
vt 0.870549 0.506676
vt 0.615463 0.243324
vt 0.625000 0.254451
vt 0.870549 0.500000
vt 0.625000 0.251881
vt 0.875000 0.502822
vt 0.620969 0.250000
vt 0.875000 0.506676
vt 0.625000 0.243324
vt 0.615463 0.250000
vt 0.615463 0.243324
vt 0.615463 0.254451
vt 0.870549 0.506676
vt 0.615463 0.250000
vt 0.620969 0.250000
vt 0.625000 0.251881
vt 0.875000 0.502822
vt 0.625000 0.254451
vt 0.870549 0.500000
vt 0.875000 0.506676
vt 0.625000 0.243324
vt 0.384537 0.243324
vt 0.129451 0.506676
vt 0.384537 0.254451
vt 0.375000 0.243324
vt 0.125000 0.506676
vt 0.375000 0.247178
vt 0.126881 0.500000
vt 0.379031 0.250000
vt 0.129451 0.500000
vt 0.375000 0.254451
vt 0.384537 0.250000
vt 0.000000 0.000000
vt 0.000000 0.000000
vt 0.000000 0.000000
vt 0.000000 0.000000
vt 0.000000 0.000000
vt 0.000000 0.000000
vt 0.000000 0.000000
vt 0.384537 0.495549
vt 0.370549 0.506676
vt 0.384537 0.506676
vt 0.370549 0.500000
vt 0.375000 0.495549
vt 0.376344 0.500314
vt 0.375000 0.506676
vt 0.384537 0.500000
vt 0.615463 0.243324
vt 0.615463 0.254451
vt 0.870549 0.506676
vt 0.615463 0.250000
vt 0.620969 0.250000
vt 0.625000 0.251881
vt 0.875000 0.502822
vt 0.625000 0.254451
vt 0.870549 0.500000
vt 0.875000 0.506676
vt 0.625000 0.243324
vt 0.000000 0.000000
vt 0.000000 0.000000
vt 0.000000 0.000000
vt 0.000000 0.000000
vt 0.000000 0.000000
vt 0.000000 0.000000
vt 0.000000 0.000000
vt 0.370549 0.506676
vt 0.384537 0.506676
vt 0.384537 0.495549
vt 0.375000 0.506676
vt 0.376344 0.500314
vt 0.384537 0.500000
vt 0.370549 0.500000
vt 0.375000 0.495549
vt 0.000000 0.000000
vt 0.000000 0.000000
vt 0.000000 0.000000
vt 0.000000 0.000000
vt 0.000000 0.000000
vt 0.000000 0.000000
vt 0.000000 0.000000
vt 0.615463 0.506676
vt 0.629451 0.506676
vt 0.615463 0.495549
vt 0.625000 0.506676
vt 0.624283 0.500941
vt 0.625000 0.495549
vt 0.629451 0.500000
vt 0.615463 0.500000
vt 0.000000 0.000000
vt 0.000000 0.000000
vt 0.000000 0.000000
vt 0.000000 0.000000
vt 0.000000 0.000000
vt 0.000000 0.000000
vt 0.000000 0.000000
vt 0.370549 0.506676
vt 0.384537 0.506676
vt 0.384537 0.495549
vt 0.375000 0.506676
vt 0.376344 0.500314
vt 0.384537 0.500000
vt 0.370549 0.500000
vt 0.375000 0.495549
vt 0.000000 0.000000
vt 0.000000 0.000000
vt 0.000000 0.000000
vt 0.000000 0.000000
vt 0.000000 0.000000
vt 0.000000 0.000000
vt 0.000000 0.000000
vt 0.615463 0.506676
vt 0.629451 0.506676
vt 0.615463 0.495549
vt 0.625000 0.506676
vt 0.624283 0.500941
vt 0.625000 0.495549
vt 0.629451 0.500000
vt 0.615463 0.500000
vt 0.000000 0.000000
vt 0.000000 0.000000
vt 0.000000 0.000000
vt 0.000000 0.000000
vt 0.000000 0.000000
vt 0.000000 0.000000
vt 0.000000 0.000000
vt 0.000000 0.000000
vt 0.000000 0.000000
vt 0.000000 0.000000
vt 0.000000 0.000000
vt 0.000000 0.000000
vt 0.000000 0.000000
vt 0.000000 0.000000
vt 0.000000 0.000000
vt 0.000000 0.000000
vt 0.000000 0.000000
vt 0.000000 0.000000
vt 0.000000 0.000000
vt 0.000000 0.000000
vt 0.000000 0.000000
vt 0.000000 0.000000
vt 0.000000 0.000000
vt 0.000000 0.000000
vt 0.000000 0.000000
vt 0.000000 0.000000
vt 0.000000 0.000000
vt 0.000000 0.000000
vt 0.000000 0.000000
vt 0.494308 0.650667
vt 0.000000 0.000000
vt 0.000000 0.000000
vt 0.492713 0.650667
vt 0.494659 0.650000
vt 0.000000 0.000000
vt 0.496193 0.650000
vt 0.000000 0.000000
vt 0.000000 0.000000
vt 0.000000 0.000000
vt 0.000000 0.000000
vt 0.494308 0.849332
vt 0.000000 0.000000
vt 0.000000 0.000000
vt 0.492713 0.849717
vt 0.000000 0.000000
vt 0.496193 0.850000
vt 0.000000 0.000000
vt 0.492713 0.849332
vt 0.500000 0.650668
vt 0.000000 0.000000
vt 0.500000 0.650000
vt 0.000000 0.000000
vt 0.520834 0.650668
vt 0.000000 0.000000
vt 0.520834 0.650000
vt 0.000000 0.000000
vt 0.083334 0.650668
vt 0.000000 0.000000
vt 0.083334 0.650000
vt 0.000000 0.000000
vt 0.000000 0.000000
vt 0.062500 0.650668
vt 0.000000 0.000000
vt 0.062500 0.650000
vt 0.000000 0.000000
vt 0.041667 0.650668
vt 0.000000 0.000000
vt 0.041667 0.650000
vt 0.000000 0.000000
vt 0.020834 0.650668
vt 0.000000 0.000000
vt 0.020834 0.650000
vt 0.000000 0.000000
vt 0.979167 0.650668
vt 0.000000 0.000000
vt 0.979167 0.650000
vt 0.000000 0.000000
vt 1.000000 0.650668
vt 0.000000 0.650668
vt 1.000000 0.650000
vt 0.000000 0.000000
vt 0.000000 0.650000
vt 0.000000 0.000000
vt 0.958333 0.650668
vt 0.000000 0.000000
vt 0.958333 0.650000
vt 0.000000 0.000000
vt 0.937500 0.650668
vt 0.000000 0.000000
vt 0.937500 0.650000
vt 0.000000 0.000000
vt 0.895833 0.650668
vt 0.000000 0.000000
vt 0.895833 0.650000
vt 0.000000 0.000000
vt 0.916667 0.650668
vt 0.000000 0.000000
vt 0.916667 0.650000
vt 0.854167 0.650668
vt 0.000000 0.000000
vt 0.854167 0.650000
vt 0.000000 0.000000
vt 0.000000 0.000000
vt 0.812500 0.650668
vt 0.000000 0.000000
vt 0.812500 0.650000
vt 0.000000 0.000000
vt 0.833333 0.650668
vt 0.833333 0.650000
vt 0.000000 0.000000
vt 0.000000 0.000000
vt 0.875000 0.650668
vt 0.875000 0.650000
vt 0.000000 0.000000
vt 0.562500 0.650668
vt 0.000000 0.000000
vt 0.562500 0.650000
vt 0.000000 0.000000
vt 0.000000 0.000000
vt 0.541667 0.650668
vt 0.541667 0.650000
vt 0.000000 0.000000
vt 0.000000 0.000000
vt 0.604167 0.650668
vt 0.000000 0.000000
vt 0.604150 0.650000
vt 0.625000 0.650668
vt 0.000000 0.000000
vt 0.625000 0.650000
vt 0.625111 0.650000
vt 0.000000 0.000000
vt 0.000000 0.000000
vt 0.583334 0.650668
vt 0.583334 0.650000
vt 0.000000 0.000000
vt 0.000000 0.000000
vt 0.208334 0.650668
vt 0.208334 0.650000
vt 0.000000 0.000000
vt 0.000000 0.000000
vt 0.187500 0.650668
vt 0.000000 0.000000
vt 0.187500 0.650000
vt 0.000000 0.000000
vt 0.145834 0.650668
vt 0.000000 0.000000
vt 0.145834 0.650000
vt 0.000000 0.000000
vt 0.166667 0.650668
vt 0.166667 0.650000
vt 0.000000 0.000000
vt 0.104167 0.650668
vt 0.000000 0.000000
vt 0.104167 0.650000
vt 0.000000 0.000000
vt 0.000000 0.000000
vt 0.125000 0.650668
vt 0.125000 0.650000
vt 0.000000 0.000000
vt 0.645834 0.650668
vt 0.000000 0.000000
vt 0.645724 0.650000
vt 0.645834 0.650000
vt 0.000000 0.000000
vt 0.687500 0.650668
vt 0.000000 0.000000
vt 0.687500 0.650000
vt 0.000000 0.000000
vt 0.666667 0.650668
vt 0.000000 0.000000
vt 0.000000 0.000000
vt 0.666682 0.650000
vt 0.000000 0.000000
vt 0.750000 0.650668
vt 0.750000 0.650000
vt 0.000000 0.000000
vt 0.748786 0.650000
vt 0.770834 0.650668
vt 0.000000 0.000000
vt 0.770834 0.650000
vt 0.771908 0.650000
vt 0.000000 0.000000
vt 0.708334 0.650668
vt 0.000000 0.000000
vt 0.708334 0.650000
vt 0.708997 0.650000
vt 0.000000 0.000000
vt 0.000000 0.000000
vt 0.729167 0.650668
vt 0.729167 0.650000
vt 0.728505 0.650000
vt 0.000000 0.000000
vt 0.000000 0.000000
vt 0.791667 0.650668
vt 0.000000 0.000000
vt 0.791667 0.650000
vt 0.000000 0.000000
vt 0.500000 0.849332
vt 0.000000 0.000000
vt 0.500000 0.850000
vt 0.000000 0.000000
vt 0.520834 0.849332
vt 0.000000 0.000000
vt 0.520834 0.850000
vt 0.000000 0.000000
vt 0.187500 0.849332
vt 0.000000 0.000000
vt 0.187500 0.850000
vt 0.000000 0.000000
vt 0.208334 0.849332
vt 0.000000 0.000000
vt 0.208334 0.850000
vt 0.000000 0.000000
vt 0.125000 0.849332
vt 0.000000 0.000000
vt 0.125000 0.850000
vt 0.000000 0.000000
vt 0.145834 0.849332
vt 0.000000 0.000000
vt 0.145834 0.850000
vt 0.000000 0.000000
vt 0.104167 0.849332
vt 0.104167 0.850000
vt 0.000000 0.000000
vt 0.000000 0.000000
vt 0.166667 0.849332
vt 0.166667 0.850000
vt 0.000000 0.000000
vt 0.000000 0.000000
vt 0.083334 0.849332
vt 0.083334 0.850000
vt 0.000000 0.000000
vt 0.000000 0.000000
vt 0.041667 0.849332
vt 0.041667 0.850000
vt 0.000000 0.000000
vt 0.062500 0.849332
vt 0.000000 0.000000
vt 0.000000 0.000000
vt 0.062500 0.850000
vt 0.000000 0.000000
vt 1.000000 0.849332
vt 0.000000 0.849332
vt 1.000000 0.850000
vt 0.000000 0.000000
vt 0.000000 0.850000
vt 0.958333 0.849332
vt 0.000000 0.000000
vt 0.958333 0.850000
vt 0.000000 0.000000
vt 0.979167 0.849332
vt 0.000000 0.000000
vt 0.000000 0.000000
vt 0.979167 0.850000
vt 0.000000 0.000000
vt 0.020834 0.849332
vt 0.020834 0.850000
vt 0.000000 0.000000
vt 0.000000 0.000000
vt 0.937500 0.849332
vt 0.937500 0.850000
vt 0.000000 0.000000
vt 0.000000 0.000000
vt 0.916667 0.849332
vt 0.916667 0.850000
vt 0.000000 0.000000
vt 0.000000 0.000000
vt 0.895834 0.849332
vt 0.895833 0.850000
vt 0.000000 0.000000
vt 0.645834 0.849332
vt 0.000000 0.000000
vt 0.645834 0.850000
vt 0.645724 0.850000
vt 0.000000 0.000000
vt 0.854167 0.849332
vt 0.000000 0.000000
vt 0.854167 0.850000
vt 0.000000 0.000000
vt 0.000000 0.000000
vt 0.625000 0.849332
vt 0.625000 0.850000
vt 0.625111 0.850000
vt 0.000000 0.000000
vt 0.000000 0.000000
vt 0.875000 0.849332
vt 0.875000 0.850000
vt 0.000000 0.000000
vt 0.000000 0.000000
vt 0.687500 0.849332
vt 0.687500 0.850000
vt 0.687376 0.850000
vt 0.000000 0.000000
vt 0.000000 0.000000
vt 0.812500 0.849332
vt 0.000000 0.000000
vt 0.812500 0.850000
vt 0.000000 0.000000
vt 0.750000 0.849332
vt 0.749866 0.850000
vt 0.000000 0.000000
vt 0.750000 0.850000
vt 0.729167 0.849332
vt 0.000000 0.000000
vt 0.729337 0.850000
vt 0.729167 0.850000
vt 0.000000 0.000000
vt 0.000000 0.000000
vt 0.770834 0.849332
vt 0.000000 0.000000
vt 0.770834 0.850000
vt 0.708334 0.849332
vt 0.000000 0.000000
vt 0.708448 0.850000
vt 0.000000 0.000000
vt 0.708334 0.850000
vt 0.000000 0.000000
vt 0.791667 0.849332
vt 0.000000 0.000000
vt 0.791667 0.850000
vt 0.000000 0.000000
vt 0.666667 0.849332
vt 0.666682 0.850000
vt 0.000000 0.000000
vt 0.833333 0.849332
vt 0.000000 0.000000
vt 0.000000 0.000000
vt 0.833333 0.850000
vt 0.000000 0.000000
vt 0.562500 0.849332
vt 0.000000 0.000000
vt 0.562500 0.850000
vt 0.541667 0.849332
vt 0.000000 0.000000
vt 0.000000 0.000000
vt 0.541667 0.850000
vt 0.000000 0.000000
vt 0.583334 0.849332
vt 0.000000 0.000000
vt 0.583334 0.850000
vt 0.000000 0.000000
vt 0.604167 0.849332
vt 0.000000 0.000000
vt 0.604150 0.850000
vt 0.000000 0.000000
vt 0.564608 0.075334
vt 0.000000 0.000000
vt 0.000000 0.000000
vt 0.562500 0.075334
vt 0.563793 0.075000
vt 0.000000 0.000000
vt 0.564976 0.075000
vt 0.000000 0.000000
vt 0.000000 0.000000
vt 0.000000 0.000000
vt 0.000000 0.000000
vt 0.564608 0.174666
vt 0.000000 0.000000
vt 0.000000 0.000000
vt 0.562500 0.174859
vt 0.000000 0.000000
vt 0.564976 0.175000
vt 0.000000 0.000000
vt 0.562500 0.174666
vt 0.622892 0.174666
vt 0.000000 0.000000
vt 0.873459 0.575334
vt 0.000000 0.000000
vt 0.625000 0.175000
vt 0.625000 0.175000
vt 0.000000 0.000000
vt 0.875000 0.575141
vt 0.000000 0.000000
vt 0.875000 0.575000
vt 0.875000 0.575334
vt 0.625000 0.174666
vt 0.742707 0.575334
vt 0.000000 0.000000
vt 0.213610 0.650668
vt 0.000000 0.000000
vt 0.742808 0.575000
vt 0.741946 0.575000
vt 0.000000 0.000000
vt 0.215205 0.650282
vt 0.213506 0.650000
vt 0.000000 0.000000
vt 0.215205 0.650668
vt 0.741167 0.575334
vt 0.622892 0.075334
vt 0.873459 0.674666
vt 0.000000 0.000000
vt 0.875000 0.674666
vt 0.625000 0.075334
vt 0.625000 0.075141
vt 0.875000 0.675000
vt 0.000000 0.000000
vt 0.875000 0.675000
vt 0.000000 0.000000
vt 0.625000 0.075000
vt 0.000000 0.000000
vt 0.742707 0.674666
vt 0.213610 0.849332
vt 0.000000 0.000000
vt 0.215205 0.849332
vt 0.741167 0.674666
vt 0.741167 0.674859
vt 0.214398 0.850000
vt 0.000000 0.000000
vt 0.000000 0.000000
vt 0.213506 0.850000
vt 0.742808 0.675000
vt 0.000000 0.000000
vt 0.000000 0.000000
vt 0.469622 0.174666
vt 0.000000 0.000000
vt 0.000000 0.000000
vt 0.477564 0.175000
vt 0.465981 0.174859
vt 0.000000 0.000000
vt 0.465981 0.174666
vt 0.000000 0.000000
vt 0.000000 0.000000
vt 0.000000 0.000000
vt 0.000000 0.000000
vt 0.144402 0.575334
vt 0.000000 0.000000
vt 0.000000 0.000000
vt 0.143665 0.575000
vt 0.000000 0.000000
vt 0.142581 0.575334
vt 0.144683 0.575000
vt 0.000000 0.000000
vt 0.469622 0.075334
vt 0.000000 0.000000
vt 0.000000 0.000000
vt 0.477564 0.075000
vt 0.000000 0.000000
vt 0.472377 0.075000
vt 0.000000 0.000000
vt 0.000000 0.000000
vt 0.465981 0.075334
vt 0.000000 0.000000
vt 0.000000 0.000000
vt 0.000000 0.000000
vt 0.144402 0.674666
vt 0.000000 0.000000
vt 0.000000 0.000000
vt 0.142581 0.674859
vt 0.000000 0.000000
vt 0.144683 0.675000
vt 0.000000 0.000000
vt 0.142581 0.674666
vt 0.621359 0.174666
vt 0.000000 0.000000
vt 0.873179 0.575334
vt 0.000000 0.000000
vt 0.625000 0.175000
vt 0.625000 0.175000
vt 0.000000 0.000000
vt 0.875000 0.575141
vt 0.000000 0.000000
vt 0.875000 0.575000
vt 0.875000 0.575334
vt 0.625000 0.174666
vt 0.373179 0.575334
vt 0.378641 0.575334
vt 0.000000 0.000000
vt 0.375000 0.575334
vt 0.375000 0.575141
vt 0.375000 0.575000
vt 0.000000 0.000000
vt 0.375000 0.575000
vt 0.000000 0.000000
vt 0.375000 0.575000
vt 0.000000 0.000000
vt 0.621358 0.575334
vt 0.626821 0.575334
vt 0.000000 0.000000
vt 0.625000 0.575334
vt 0.625000 0.575141
vt 0.625000 0.575000
vt 0.000000 0.000000
vt 0.000000 0.000000
vt 0.625000 0.575000
vt 0.625000 0.575000
vt 0.000000 0.000000
vt 0.621359 0.075334
vt 0.873179 0.674666
vt 0.000000 0.000000
vt 0.875000 0.674666
vt 0.625000 0.075334
vt 0.625000 0.075141
vt 0.875000 0.675000
vt 0.000000 0.000000
vt 0.875000 0.675000
vt 0.000000 0.000000
vt 0.625000 0.075000
vt 0.000000 0.000000
vt 0.373179 0.674666
vt 0.000000 0.000000
vt 0.378642 0.674666
vt 0.000000 0.000000
vt 0.375000 0.675000
vt 0.375000 0.675000
vt 0.000000 0.000000
vt 0.375000 0.674859
vt 0.000000 0.000000
vt 0.375000 0.675000
vt 0.375000 0.674666
vt 0.621359 0.674666
vt 0.000000 0.000000
vt 0.626821 0.674666
vt 0.000000 0.000000
vt 0.625000 0.675000
vt 0.625000 0.675000
vt 0.000000 0.000000
vt 0.625000 0.674859
vt 0.625000 0.675000
vt 0.000000 0.000000
vt 0.625000 0.674666
vt 0.615463 0.709991
vt 0.000000 0.000000
vt 0.629451 0.709991
vt 0.625000 0.716667
vt 0.000000 0.000000
vt 0.625000 0.716667
vt 0.000000 0.000000
vt 0.625000 0.713845
vt 0.000000 0.000000
vt 0.625000 0.716667
vt 0.625000 0.709991
vt 0.000000 0.000000
vt 0.384537 0.709991
vt 0.370549 0.709991
vt 0.375000 0.716667
vt 0.000000 0.000000
vt 0.000000 0.000000
vt 0.375000 0.713845
vt 0.375000 0.716667
vt 0.375000 0.709991
vt 0.375000 0.716667
vt 0.000000 0.000000
vt 0.384537 0.040009
vt 0.000000 0.000000
vt 0.129451 0.709991
vt 0.375000 0.033333
vt 0.000000 0.000000
vt 0.375000 0.033333
vt 0.000000 0.000000
vt 0.125000 0.713845
vt 0.125000 0.716667
vt 0.000000 0.000000
vt 0.375000 0.040009
vt 0.125000 0.709991
vt 0.392239 0.040009
vt 0.000000 0.000000
vt 0.391985 0.033333
vt 0.392239 0.033333
vt 0.000000 0.000000
vt 0.483554 0.040009
vt 0.000000 0.000000
vt 0.484347 0.033333
vt 0.483554 0.033333
vt 0.000000 0.000000
vt 0.870549 0.709991
vt 0.000000 0.000000
vt 0.615463 0.040009
vt 0.000000 0.000000
vt 0.875000 0.716667
vt 0.875000 0.716667
vt 0.000000 0.000000
vt 0.625000 0.036155
vt 0.625000 0.033333
vt 0.000000 0.000000
vt 0.875000 0.709991
vt 0.625000 0.040009
vt 0.629451 0.709991
vt 0.615463 0.709991
vt 0.000000 0.000000
vt 0.625000 0.709991
vt 0.625000 0.713845
vt 0.625000 0.716667
vt 0.000000 0.000000
vt 0.625000 0.716667
vt 0.000000 0.000000
vt 0.000000 0.000000
vt 0.625000 0.716667
vt 0.408333 0.040009
vt 0.000000 0.000000
vt 0.407988 0.033333
vt 0.408333 0.033333
vt 0.000000 0.000000
vt 0.384537 0.040009
vt 0.000000 0.000000
vt 0.129451 0.709991
vt 0.000000 0.000000
vt 0.375000 0.033333
vt 0.375000 0.033333
vt 0.000000 0.000000
vt 0.125000 0.713845
vt 0.000000 0.000000
vt 0.125000 0.716667
vt 0.375000 0.040009
vt 0.125000 0.709991
vt 0.562541 0.040009
vt 0.000000 0.000000
vt 0.562541 0.033333
vt 0.561232 0.033333
vt 0.000000 0.000000
vt 0.615463 0.040009
vt 0.870549 0.709991
vt 0.000000 0.000000
vt 0.875000 0.709991
vt 0.625000 0.040009
vt 0.625000 0.036155
vt 0.875000 0.716667
vt 0.000000 0.000000
vt 0.000000 0.000000
vt 0.875000 0.716667
vt 0.625000 0.033333
vt 0.000000 0.000000
vt 0.000000 0.000000
vt 0.384537 0.709991
vt 0.370549 0.709991
vt 0.375000 0.716667
vt 0.000000 0.000000
vt 0.000000 0.000000
vt 0.375000 0.713845
vt 0.375000 0.716667
vt 0.375000 0.709991
vt 0.000000 0.000000
vt 0.375000 0.716667
vt 0.655621 0.709991
vt 0.000000 0.000000
vt 0.000000 0.000000
vt 0.651170 0.709991
vt 0.000000 0.000000
vt 0.651170 0.713845
vt 0.000000 0.000000
vt 0.000000 0.000000
vt 0.000000 0.000000
vt 0.656835 0.716667
vt 0.655621 0.506676
vt 0.615463 0.471297
vt 0.000000 0.000000
vt 0.625000 0.470338
vt 0.654662 0.500000
vt 0.653070 0.500000
vt 0.625000 0.473830
vt 0.000000 0.000000
vt 0.625000 0.473830
vt 0.000000 0.000000
vt 0.651170 0.500000
vt 0.000000 0.000000
vt 0.527992 0.495549
vt 0.521074 0.506676
vt 0.000000 0.000000
vt 0.524533 0.500000
vt 0.526407 0.500000
vt 0.530611 0.500000
vt 0.000000 0.000000
vt 0.530611 0.500000
vt 0.000000 0.000000
vt 0.530611 0.500000
vt 0.000000 0.000000
vt 0.521074 0.709991
vt 0.000000 0.000000
vt 0.000000 0.000000
vt 0.508480 0.716667
vt 0.000000 0.000000
vt 0.518241 0.716667
vt 0.000000 0.000000
vt 0.000000 0.000000
vt 0.530611 0.709991
vt 0.000000 0.000000
vt 0.384537 0.040009
vt 0.000000 0.000000
vt 0.129451 0.709991
vt 0.375000 0.033333
vt 0.000000 0.000000
vt 0.375000 0.033333
vt 0.000000 0.000000
vt 0.125000 0.713845
vt 0.000000 0.000000
vt 0.125000 0.716667
vt 0.375000 0.040009
vt 0.125000 0.709991
vt 0.000000 0.000000
vt 0.615463 0.040009
vt 0.870549 0.709991
vt 0.625000 0.033333
vt 0.000000 0.000000
vt 0.000000 0.000000
vt 0.625000 0.036155
vt 0.875000 0.716667
vt 0.875000 0.709991
vt 0.625000 0.040009
vt 0.000000 0.000000
vt 0.875000 0.716667
vt 0.000000 0.000000
vt 0.384537 0.709991
vt 0.370549 0.709991
vt 0.375000 0.716667
vt 0.000000 0.000000
vt 0.000000 0.000000
vt 0.375000 0.713845
vt 0.375000 0.716667
vt 0.375000 0.709991
vt 0.000000 0.000000
vt 0.375000 0.716667
vt 0.000000 0.000000
vt 0.000000 0.000000
vt 0.730628 0.709991
vt 0.000000 0.000000
vt 0.000000 0.000000
vt 0.726177 0.713845
vt 0.000000 0.000000
vt 0.730663 0.716667
vt 0.726177 0.709991
vt 0.000000 0.000000
vt 0.000000 0.000000
vt 0.000000 0.000000
vt 0.272459 0.709991
vt 0.000000 0.000000
vt 0.000000 0.000000
vt 0.275078 0.716667
vt 0.000000 0.000000
vt 0.276909 0.709991
vt 0.272492 0.716667
vt 0.000000 0.000000
vt 0.730628 0.506676
vt 0.615463 0.394488
vt 0.000000 0.000000
vt 0.625000 0.394430
vt 0.730570 0.500000
vt 0.728054 0.500000
vt 0.625000 0.398823
vt 0.000000 0.000000
vt 0.625000 0.398823
vt 0.000000 0.000000
vt 0.726177 0.500000
vt 0.000000 0.000000
vt 0.272459 0.506676
vt 0.000000 0.000000
vt 0.384537 0.397339
vt 0.000000 0.000000
vt 0.276909 0.500000
vt 0.276909 0.500000
vt 0.000000 0.000000
vt 0.375000 0.400023
vt 0.375128 0.401908
vt 0.000000 0.000000
vt 0.272399 0.500000
vt 0.375000 0.397399
vt 0.615463 0.040009
vt 0.870549 0.709991
vt 0.000000 0.000000
vt 0.875000 0.709991
vt 0.625000 0.040009
vt 0.625000 0.036155
vt 0.875000 0.716667
vt 0.000000 0.000000
vt 0.000000 0.000000
vt 0.875000 0.716667
vt 0.000000 0.000000
vt 0.625000 0.033333
vt 0.000000 0.000000
vt 0.129451 0.709991
vt 0.384537 0.040009
vt 0.125000 0.716667
vt 0.000000 0.000000
vt 0.000000 0.000000
vt 0.125000 0.713845
vt 0.375000 0.033333
vt 0.375000 0.040009
vt 0.125000 0.709991
vt 0.000000 0.000000
vt 0.375000 0.033333
vt 0.000000 0.000000
vt 0.566802 0.709991
vt 0.000000 0.000000
vt 0.000000 0.000000
vt 0.578819 0.716667
vt 0.557265 0.713845
vt 0.000000 0.000000
vt 0.557265 0.709991
vt 0.000000 0.000000
vt 0.000000 0.000000
vt 0.000000 0.000000
vt 0.325923 0.709991
vt 0.000000 0.000000
vt 0.000000 0.000000
vt 0.330374 0.709991
vt 0.327440 0.716667
vt 0.000000 0.000000
vt 0.324896 0.716667
vt 0.000000 0.000000
vt 0.000000 0.000000
vt 0.384537 0.452683
vt 0.325923 0.506676
vt 0.000000 0.000000
vt 0.326803 0.500000
vt 0.375000 0.451803
vt 0.375000 0.453481
vt 0.330373 0.500000
vt 0.000000 0.000000
vt 0.000000 0.000000
vt 0.330373 0.500000
vt 0.000000 0.000000
vt 0.375000 0.455373
vt 0.559615 0.495549
vt 0.000000 0.000000
vt 0.566802 0.506676
vt 0.000000 0.000000
vt 0.557265 0.500000
vt 0.557265 0.500000
vt 0.000000 0.000000
vt 0.561472 0.500000
vt 0.557265 0.500000
vt 0.000000 0.000000
vt 0.563209 0.500000
vt 0.629451 0.709991
vt 0.615463 0.709991
vt 0.000000 0.000000
vt 0.625000 0.709991
vt 0.625000 0.713845
vt 0.625000 0.716667
vt 0.000000 0.000000
vt 0.000000 0.000000
vt 0.625000 0.716667
vt 0.000000 0.000000
vt 0.625302 0.716667
vt 0.000000 0.000000
vt 0.615463 0.040009
vt 0.870549 0.709991
vt 0.000000 0.000000
vt 0.625000 0.033333
vt 0.000000 0.000000
vt 0.625000 0.036155
vt 0.874308 0.716667
vt 0.875000 0.709991
vt 0.625000 0.040009
vt 0.000000 0.000000
vt 0.873251 0.716667
vt 0.384537 0.040009
vt 0.000000 0.000000
vt 0.129451 0.709991
vt 0.000000 0.000000
vt 0.375000 0.033333
vt 0.375000 0.033333
vt 0.000000 0.000000
vt 0.125000 0.713845
vt 0.126482 0.716667
vt 0.000000 0.000000
vt 0.375000 0.040009
vt 0.125000 0.709991
vt 0.591667 0.709991
vt 0.000000 0.000000
vt 0.591667 0.716667
vt 0.591325 0.716667
vt 0.000000 0.000000
vt 0.615463 0.709991
vt 0.000000 0.000000
vt 0.629451 0.709991
vt 0.000000 0.000000
vt 0.625000 0.716667
vt 0.625000 0.716667
vt 0.000000 0.000000
vt 0.625000 0.713845
vt 0.000000 0.000000
vt 0.625000 0.716667
vt 0.625000 0.709991
vt 0.129451 0.709991
vt 0.384537 0.040009
vt 0.000000 0.000000
vt 0.375000 0.040009
vt 0.125000 0.709991
vt 0.125000 0.713845
vt 0.375000 0.033333
vt 0.000000 0.000000
vt 0.375000 0.033333
vt 0.000000 0.000000
vt 0.000000 0.000000
vt 0.126749 0.716667
vt 0.870549 0.709991
vt 0.000000 0.000000
vt 0.615463 0.040009
vt 0.000000 0.000000
vt 0.873518 0.716667
vt 0.874374 0.716667
vt 0.000000 0.000000
vt 0.625000 0.036155
vt 0.625000 0.033333
vt 0.000000 0.000000
vt 0.875000 0.709991
vt 0.625000 0.040009
vt 0.370549 0.709991
vt 0.000000 0.000000
vt 0.384537 0.709991
vt 0.000000 0.000000
vt 0.374698 0.716667
vt 0.374939 0.716667
vt 0.000000 0.000000
vt 0.375000 0.713845
vt 0.375000 0.716667
vt 0.000000 0.000000
vt 0.375000 0.709991
vt 0.384537 0.540009
vt 0.000000 0.000000
vt 0.370549 0.540009
vt 0.375000 0.533333
vt 0.000000 0.000000
vt 0.375000 0.533333
vt 0.000000 0.000000
vt 0.375000 0.536155
vt 0.000000 0.000000
vt 0.375000 0.533333
vt 0.375000 0.540009
vt 0.629451 0.540009
vt 0.000000 0.000000
vt 0.615463 0.540009
vt 0.625000 0.533333
vt 0.000000 0.000000
vt 0.625000 0.533333
vt 0.000000 0.000000
vt 0.625000 0.536155
vt 0.625000 0.533333
vt 0.000000 0.000000
vt 0.625000 0.540009
vt 0.000000 0.000000
vt 0.384537 0.209991
vt 0.129451 0.540009
vt 0.000000 0.000000
vt 0.375000 0.216667
vt 0.000000 0.000000
vt 0.375000 0.213845
vt 0.125000 0.533333
vt 0.125000 0.540009
vt 0.375000 0.209991
vt 0.000000 0.000000
vt 0.125000 0.533333
vt 0.392239 0.209991
vt 0.000000 0.000000
vt 0.392239 0.216667
vt 0.000000 0.000000
vt 0.391985 0.216667
vt 0.483554 0.209991
vt 0.000000 0.000000
vt 0.483554 0.216667
vt 0.000000 0.000000
vt 0.484347 0.216667
vt 0.870549 0.540009
vt 0.615463 0.209991
vt 0.000000 0.000000
vt 0.625000 0.209991
vt 0.875000 0.540009
vt 0.875000 0.536155
vt 0.625000 0.216667
vt 0.000000 0.000000
vt 0.000000 0.000000
vt 0.625000 0.216667
vt 0.875000 0.533333
vt 0.000000 0.000000
vt 0.000000 0.000000
vt 0.384537 0.209991
vt 0.129451 0.540009
vt 0.000000 0.000000
vt 0.375000 0.216667
vt 0.000000 0.000000
vt 0.375000 0.213845
vt 0.125000 0.533333
vt 0.125000 0.540009
vt 0.375000 0.209991
vt 0.125000 0.533333
vt 0.000000 0.000000
vt 0.000000 0.000000
vt 0.402138 0.209991
vt 0.402138 0.216667
vt 0.000000 0.000000
vt 0.405960 0.216667
vt 0.456412 0.209991
vt 0.000000 0.000000
vt 0.456412 0.216667
vt 0.000000 0.000000
vt 0.462053 0.216667
vt 0.615463 0.540009
vt 0.629451 0.540009
vt 0.000000 0.000000
vt 0.625000 0.540009
vt 0.625000 0.536155
vt 0.625000 0.533333
vt 0.000000 0.000000
vt 0.625000 0.533333
vt 0.000000 0.000000
vt 0.000000 0.000000
vt 0.625000 0.533333
vt 0.870549 0.540009
vt 0.615463 0.209991
vt 0.000000 0.000000
vt 0.625000 0.209991
vt 0.875000 0.540009
vt 0.875000 0.536155
vt 0.625000 0.216667
vt 0.000000 0.000000
vt 0.000000 0.000000
vt 0.625000 0.216667
vt 0.875000 0.533333
vt 0.000000 0.000000
vt 0.000000 0.000000
vt 0.370549 0.540009
vt 0.384537 0.540009
vt 0.375000 0.533333
vt 0.000000 0.000000
vt 0.000000 0.000000
vt 0.375000 0.536155
vt 0.375000 0.533333
vt 0.375000 0.540009
vt 0.000000 0.000000
vt 0.375000 0.533333
vt 0.655621 0.743324
vt 0.000000 0.000000
vt 0.615463 0.778703
vt 0.651170 0.750000
vt 0.000000 0.000000
vt 0.651170 0.750000
vt 0.000000 0.000000
vt 0.625000 0.778070
vt 0.000000 0.000000
vt 0.625000 0.776170
vt 0.654662 0.750000
vt 0.625000 0.779662
vt 0.000000 0.000000
vt 0.655621 0.540009
vt 0.000000 0.000000
vt 0.651170 0.540009
vt 0.000000 0.000000
vt 0.654244 0.533333
vt 0.000000 0.000000
vt 0.656835 0.533333
vt 0.000000 0.000000
vt 0.000000 0.000000
vt 0.000000 0.000000
vt 0.521074 0.540009
vt 0.000000 0.000000
vt 0.000000 0.000000
vt 0.508480 0.533333
vt 0.530611 0.536155
vt 0.000000 0.000000
vt 0.530611 0.540010
vt 0.000000 0.000000
vt 0.000000 0.000000
vt 0.521074 0.743324
vt 0.527992 0.754451
vt 0.000000 0.000000
vt 0.524533 0.750000
vt 0.526407 0.750000
vt 0.530611 0.750000
vt 0.000000 0.000000
vt 0.000000 0.000000
vt 0.530611 0.750000
vt 0.530611 0.750000
vt 0.000000 0.000000
vt 0.129451 0.540009
vt 0.000000 0.000000
vt 0.384537 0.209991
vt 0.125000 0.533333
vt 0.000000 0.000000
vt 0.125000 0.533333
vt 0.000000 0.000000
vt 0.375000 0.213845
vt 0.000000 0.000000
vt 0.375000 0.216667
vt 0.125000 0.540009
vt 0.375000 0.209991
vt 0.615463 0.209991
vt 0.000000 0.000000
vt 0.870549 0.540009
vt 0.000000 0.000000
vt 0.625000 0.216667
vt 0.625000 0.216667
vt 0.000000 0.000000
vt 0.875000 0.536155
vt 0.875000 0.533333
vt 0.000000 0.000000
vt 0.625000 0.209991
vt 0.875000 0.540009
vt 0.384537 0.540009
vt 0.000000 0.000000
vt 0.370549 0.540009
vt 0.000000 0.000000
vt 0.375000 0.533333
vt 0.375000 0.533333
vt 0.000000 0.000000
vt 0.375000 0.536155
vt 0.375000 0.533333
vt 0.000000 0.000000
vt 0.375000 0.540009
vt 0.000000 0.000000
vt 0.730628 0.540009
vt 0.000000 0.000000
vt 0.000000 0.000000
vt 0.726177 0.540010
vt 0.728108 0.533333
vt 0.000000 0.000000
vt 0.730663 0.533333
vt 0.000000 0.000000
vt 0.000000 0.000000
vt 0.000000 0.000000
vt 0.000000 0.000000
vt 0.272459 0.540010
vt 0.000000 0.000000
vt 0.000000 0.000000
vt 0.276909 0.536155
vt 0.000000 0.000000
vt 0.272492 0.533333
vt 0.276909 0.540009
vt 0.000000 0.000000
vt 0.000000 0.000000
vt 0.615463 0.855512
vt 0.730628 0.743324
vt 0.000000 0.000000
vt 0.625000 0.851177
vt 0.000000 0.000000
vt 0.625000 0.853054
vt 0.726177 0.750000
vt 0.730570 0.750000
vt 0.625000 0.855570
vt 0.000000 0.000000
vt 0.726177 0.750000
vt 0.384537 0.852661
vt 0.000000 0.000000
vt 0.272459 0.743324
vt 0.000000 0.000000
vt 0.375128 0.848092
vt 0.375118 0.848092
vt 0.000000 0.000000
vt 0.275023 0.750000
vt 0.276909 0.750000
vt 0.000000 0.000000
vt 0.375000 0.852601
vt 0.272399 0.750000
vt 0.870549 0.540009
vt 0.615463 0.209991
vt 0.000000 0.000000
vt 0.625000 0.209991
vt 0.875000 0.540009
vt 0.875000 0.536155
vt 0.625000 0.216667
vt 0.000000 0.000000
vt 0.625000 0.216667
vt 0.000000 0.000000
vt 0.875000 0.533333
vt 0.000000 0.000000
vt 0.129451 0.540010
vt 0.000000 0.000000
vt 0.384537 0.209991
vt 0.000000 0.000000
vt 0.125000 0.533333
vt 0.125000 0.533333
vt 0.000000 0.000000
vt 0.375000 0.213845
vt 0.375000 0.216667
vt 0.000000 0.000000
vt 0.125000 0.540009
vt 0.375000 0.209991
vt 0.000000 0.000000
vt 0.000000 0.000000
vt 0.566802 0.540009
vt 0.000000 0.000000
vt 0.000000 0.000000
vt 0.569849 0.533333
vt 0.000000 0.000000
vt 0.557265 0.540009
vt 0.579137 0.533333
vt 0.000000 0.000000
vt 0.000000 0.000000
vt 0.325923 0.540009
vt 0.000000 0.000000
vt 0.000000 0.000000
vt 0.324896 0.533333
vt 0.330374 0.536155
vt 0.000000 0.000000
vt 0.330374 0.540009
vt 0.000000 0.000000
vt 0.000000 0.000000
vt 0.566802 0.743324
vt 0.000000 0.000000
vt 0.559615 0.754451
vt 0.000000 0.000000
vt 0.557265 0.750000
vt 0.557265 0.750000
vt 0.000000 0.000000
vt 0.561472 0.750000
vt 0.000000 0.000000
vt 0.557265 0.750000
vt 0.563208 0.750000
vt 0.000000 0.000000
vt 0.325923 0.743324
vt 0.384537 0.797317
vt 0.330373 0.750000
vt 0.000000 0.000000
vt 0.000000 0.000000
vt 0.328481 0.750000
vt 0.375000 0.794627
vt 0.375000 0.798197
vt 0.326803 0.750000
vt 0.000000 0.000000
vt 0.375000 0.794627
vt 0.629451 0.540009
vt 0.000000 0.000000
vt 0.615463 0.540009
vt 0.625302 0.533333
vt 0.000000 0.000000
vt 0.625061 0.533333
vt 0.000000 0.000000
vt 0.625000 0.536155
vt 0.625000 0.533333
vt 0.000000 0.000000
vt 0.625000 0.540009
vt 0.129451 0.540009
vt 0.000000 0.000000
vt 0.384537 0.209991
vt 0.000000 0.000000
vt 0.126482 0.533333
vt 0.125626 0.533333
vt 0.000000 0.000000
vt 0.375000 0.213845
vt 0.000000 0.000000
vt 0.375000 0.216667
vt 0.125000 0.540009
vt 0.375000 0.209991
vt 0.615463 0.209991
vt 0.000000 0.000000
vt 0.870549 0.540009
vt 0.000000 0.000000
vt 0.625000 0.216667
vt 0.625000 0.216667
vt 0.000000 0.000000
vt 0.875000 0.536155
vt 0.873251 0.533333
vt 0.000000 0.000000
vt 0.625000 0.209991
vt 0.875000 0.540009
vt 0.870549 0.540009
vt 0.615463 0.209991
vt 0.000000 0.000000
vt 0.625000 0.209991
vt 0.875000 0.540009
vt 0.875000 0.536155
vt 0.625000 0.216667
vt 0.000000 0.000000
vt 0.625000 0.216667
vt 0.000000 0.000000
vt 0.000000 0.000000
vt 0.873518 0.533333
vt 0.615463 0.540009
vt 0.629451 0.540009
vt 0.000000 0.000000
vt 0.625000 0.540009
vt 0.625000 0.536155
vt 0.625000 0.533333
vt 0.000000 0.000000
vt 0.000000 0.000000
vt 0.625000 0.533333
vt 0.000000 0.000000
vt 0.625000 0.533333
vt 0.129451 0.540009
vt 0.000000 0.000000
vt 0.384537 0.209991
vt 0.126749 0.533333
vt 0.000000 0.000000
vt 0.125692 0.533333
vt 0.000000 0.000000
vt 0.375000 0.213845
vt 0.375000 0.216667
vt 0.000000 0.000000
vt 0.125000 0.540009
vt 0.375000 0.209991
vt 0.000000 0.000000
vt 0.370549 0.540009
vt 0.384537 0.540009
vt 0.374698 0.533333
vt 0.000000 0.000000
vt 0.000000 0.000000
vt 0.375000 0.536155
vt 0.375000 0.533333
vt 0.375000 0.540009
vt 0.000000 0.000000
vt 0.375000 0.533333
vt 0.377504 0.998516
vt 0.377504 0.000795
vt 0.126484 0.749205
vt 0.377504 1.000000
vt 0.377504 0.000000
vt 0.376058 1.000000
vt 0.375000 0.000336
vt 0.125627 0.750000
vt 0.375000 0.000795
vt 0.125000 0.749205
vt 0.126484 0.750000
vt 0.375000 0.998516
vt 0.622497 0.998517
vt 0.873516 0.749205
vt 0.622497 0.000795
vt 0.625000 0.998516
vt 0.873516 0.750000
vt 0.625000 0.999373
vt 0.875000 0.749664
vt 0.623942 0.000000
vt 0.875000 0.749205
vt 0.625000 0.000795
vt 0.622497 1.000000
vt 0.622496 0.000000
vt 0.126484 0.500795
vt 0.377504 0.249205
vt 0.377963 0.251484
vt 0.375000 0.249205
vt 0.125000 0.500795
vt 0.125000 0.500336
vt 0.376155 0.250000
vt 0.375000 0.250627
vt 0.377733 0.250000
vt 0.375000 0.251484
vt 0.126483 0.500000
vt 0.622497 0.251484
vt 0.622496 0.249205
vt 0.873516 0.500795
vt 0.622497 0.250000
vt 0.623942 0.250000
vt 0.625000 0.249664
vt 0.874373 0.500000
vt 0.875000 0.500795
vt 0.625000 0.249205
vt 0.873516 0.500000
vt 0.625000 0.251484
vt 0.373516 0.749205
vt 0.377504 0.749205
vt 0.377504 0.751483
vt 0.375000 0.749205
vt 0.375353 0.750097
vt 0.377504 0.750000
vt 0.373516 0.750000
vt 0.375000 0.751484
vt 0.622496 0.749205
vt 0.626484 0.749205
vt 0.623777 0.751484
vt 0.625000 0.749205
vt 0.624947 0.749888
vt 0.626484 0.750000
vt 0.625000 0.751484
vt 0.623137 0.750000
vt 0.373516 0.500795
vt 0.377981 0.499482
vt 0.377504 0.500795
vt 0.375000 0.498962
vt 0.373962 0.500000
vt 0.375248 0.500112
vt 0.377824 0.500000
vt 0.375000 0.500795
vt 0.623777 0.499445
vt 0.626484 0.500795
vt 0.622496 0.500795
vt 0.625000 0.499105
vt 0.625895 0.500000
vt 0.624751 0.499977
vt 0.625000 0.500795
vt 0.623347 0.500000
vt 0.621146 0.341251
vt 0.437500 0.576113
vt 0.622837 0.342384
vt 0.437500 0.575000
vt 0.500000 0.576113
vt 0.614639 0.346323
vt 0.500000 0.575000
vt 0.616933 0.346986
vt 0.622497 0.340785
vt 0.784847 0.500795
vt 0.437500 0.576113
vt 0.784686 0.500000
vt 0.625000 0.340314
vt 0.625000 0.341301
vt 0.783363 0.500336
vt 0.425088 0.575000
vt 0.783363 0.500795
vt 0.421459 0.576113
vt 0.623072 0.342303
vt 0.435761 0.575000
vt 0.562500 0.576113
vt 0.611902 0.352483
vt 0.562500 0.575000
vt 0.614450 0.352576
vt 0.619421 0.364963
vt 0.687500 0.576113
vt 0.690300 0.575000
vt 0.621027 0.363453
vt 0.620679 0.363297
vt 0.687500 0.575000
vt 0.706241 0.576113
vt 0.758273 0.500795
vt 0.623829 0.366964
vt 0.722282 0.576113
vt 0.759756 0.500795
vt 0.722282 0.575470
vt 0.759259 0.500000
vt 0.625000 0.365244
vt 0.625000 0.366879
vt 0.758121 0.500000
vt 0.716046 0.575000
vt 0.624225 0.364895
vt 0.613351 0.358796
vt 0.625000 0.576113
vt 0.625000 0.575000
vt 0.615765 0.358303
vt 0.437500 0.923887
vt 0.784847 0.749205
vt 0.622497 0.909216
vt 0.783363 0.749205
vt 0.421459 0.923887
vt 0.421459 0.924530
vt 0.783699 0.750000
vt 0.624511 0.908194
vt 0.625000 0.909686
vt 0.784686 0.750000
vt 0.623072 0.907697
vt 0.435761 0.925000
vt 0.621146 0.908748
vt 0.437500 0.923887
vt 0.622837 0.907616
vt 0.437500 0.925000
vt 0.614639 0.903678
vt 0.500000 0.923887
vt 0.616933 0.903014
vt 0.500000 0.925000
vt 0.613351 0.891204
vt 0.625000 0.923887
vt 0.615765 0.891697
vt 0.625000 0.925000
vt 0.758273 0.749205
vt 0.706240 0.923887
vt 0.623829 0.883036
vt 0.722281 0.923887
vt 0.759756 0.749205
vt 0.759756 0.749664
vt 0.722281 0.925000
vt 0.625000 0.884259
vt 0.716046 0.925000
vt 0.624225 0.885105
vt 0.758121 0.750000
vt 0.625000 0.883121
vt 0.619421 0.885037
vt 0.687500 0.923887
vt 0.620679 0.886703
vt 0.687500 0.925000
vt 0.690300 0.925000
vt 0.621027 0.886547
vt 0.611902 0.897517
vt 0.562500 0.923887
vt 0.614450 0.897424
vt 0.562500 0.925000
vt 0.593224 0.395431
vt 0.312500 0.576113
vt 0.592982 0.396948
vt 0.312500 0.575000
vt 0.375000 0.576113
vt 0.582486 0.396297
vt 0.375000 0.575000
vt 0.583317 0.397727
vt 0.603372 0.397014
vt 0.250000 0.576113
vt 0.602415 0.398420
vt 0.250000 0.575000
vt 0.566692 0.404578
vt 0.500000 0.576113
vt 0.568986 0.405241
vt 0.500000 0.575000
vt 0.617508 0.406419
vt 0.125000 0.576113
vt 0.615094 0.406912
vt 0.125000 0.575000
vt 0.573199 0.399507
vt 0.437500 0.576113
vt 0.574890 0.400639
vt 0.437500 0.575000
vt 0.612137 0.400962
vt 0.187500 0.576113
vt 0.610180 0.401919
vt 0.187500 0.575000
vt 0.565404 0.417051
vt 0.625000 0.576113
vt 0.625000 0.575000
vt 0.567818 0.416558
vt 1.000000 0.576113
vt 0.000000 0.576113
vt 0.616220 0.418893
vt 1.000000 0.575000
vt 0.000000 0.575000
vt 0.613926 0.418230
vt 0.589930 0.428056
vt 0.812500 0.576113
vt 0.589930 0.426522
vt 0.812500 0.575000
vt 0.579378 0.426410
vt 0.750000 0.576113
vt 0.580497 0.425051
vt 0.750000 0.575000
vt 0.875000 0.576113
vt 0.600106 0.427237
vt 0.874898 0.575000
vt 0.875000 0.575000
vt 0.599595 0.425743
vt 0.570820 0.422554
vt 0.687500 0.576113
vt 0.687500 0.575000
vt 0.572732 0.421552
vt 0.609816 0.423883
vt 0.937500 0.576113
vt 0.937500 0.575000
vt 0.608021 0.422831
vt 0.618957 0.412732
vt 0.062500 0.576113
vt 0.616409 0.412640
vt 0.062500 0.575000
vt 0.563955 0.410738
vt 0.562500 0.576113
vt 0.562500 0.575000
vt 0.566503 0.410831
vt 0.582486 0.853703
vt 0.375000 0.923887
vt 0.375000 0.925000
vt 0.583317 0.852273
vt 0.593224 0.854569
vt 0.312500 0.923887
vt 0.312500 0.925000
vt 0.592982 0.853052
vt 0.573199 0.850493
vt 0.437500 0.923887
vt 0.574891 0.849361
vt 0.437500 0.925000
vt 0.250000 0.923887
vt 0.603372 0.852986
vt 0.250000 0.925000
vt 0.602415 0.851580
vt 0.563955 0.839262
vt 0.562500 0.923887
vt 0.566503 0.839169
vt 0.562500 0.925000
vt 0.500000 0.923887
vt 0.566692 0.845422
vt 0.568986 0.844759
vt 0.500000 0.925000
vt 0.612137 0.849038
vt 0.187500 0.923887
vt 0.187500 0.925000
vt 0.610180 0.848081
vt 0.617508 0.843581
vt 0.125000 0.923887
vt 0.125000 0.925000
vt 0.615094 0.843088
vt 0.616220 0.831107
vt 0.000000 0.923887
vt 1.000000 0.923887
vt 0.000000 0.925000
vt 1.000000 0.925000
vt 0.613926 0.831770
vt 0.570820 0.827446
vt 0.687500 0.923887
vt 0.572732 0.828448
vt 0.687500 0.925000
vt 0.618957 0.837268
vt 0.062500 0.923887
vt 0.062500 0.925000
vt 0.616409 0.837360
vt 0.589774 0.821968
vt 0.812500 0.923887
vt 0.589930 0.823478
vt 0.812500 0.925000
vt 0.875000 0.923887
vt 0.600426 0.822827
vt 0.599595 0.824257
vt 0.875000 0.925000
vt 0.579378 0.823590
vt 0.750000 0.923887
vt 0.580497 0.824949
vt 0.750000 0.925000
vt 0.937500 0.923887
vt 0.609713 0.826036
vt 0.608022 0.827169
vt 0.937500 0.925000
vt 0.565405 0.832949
vt 0.625000 0.923887
vt 0.625000 0.925000
vt 0.567818 0.833442
vt 0.545191 0.453693
vt 0.312500 0.576113
vt 0.545035 0.455203
vt 0.312500 0.575000
vt 0.375000 0.576113
vt 0.534539 0.454552
vt 0.375000 0.575000
vt 0.535370 0.455983
vt 0.555587 0.455315
vt 0.250000 0.576113
vt 0.554469 0.456675
vt 0.250000 0.575000
vt 0.518745 0.462833
vt 0.500000 0.576113
vt 0.521039 0.463496
vt 0.500000 0.575000
vt 0.569561 0.464675
vt 0.125000 0.576113
vt 0.567147 0.465167
vt 0.125000 0.575000
vt 0.525252 0.457762
vt 0.437500 0.576113
vt 0.526944 0.458895
vt 0.437500 0.575000
vt 0.564145 0.459171
vt 0.187500 0.576113
vt 0.562233 0.460174
vt 0.187500 0.575000
vt 0.517420 0.475240
vt 0.625000 0.576113
vt 0.519871 0.474814
vt 0.625000 0.575000
vt 1.000000 0.576113
vt 0.000000 0.576113
vt 0.568116 0.477336
vt 0.999845 0.575000
vt 0.000000 0.575000
vt 0.565979 0.476485
vt 0.812500 0.576113
vt 0.541827 0.486287
vt 0.812500 0.575000
vt 0.541983 0.484777
vt 0.750000 0.576113
vt 0.531431 0.484665
vt 0.532550 0.483306
vt 0.750000 0.575000
vt 0.875000 0.576113
vt 0.552480 0.485428
vt 0.875000 0.575000
vt 0.551648 0.483998
vt 0.522920 0.480830
vt 0.687500 0.576113
vt 0.687500 0.575000
vt 0.524785 0.479807
vt 0.561912 0.482168
vt 0.937500 0.576113
vt 0.937500 0.575000
vt 0.560075 0.481086
vt 0.570986 0.470882
vt 0.062500 0.576113
vt 0.062500 0.575000
vt 0.568462 0.470895
vt 0.515993 0.469026
vt 0.562500 0.576113
vt 0.518556 0.469086
vt 0.562500 0.575000
vt 0.534539 0.795448
vt 0.375000 0.923887
vt 0.535370 0.794017
vt 0.375000 0.925000
vt 0.545191 0.796307
vt 0.312500 0.923887
vt 0.312500 0.925000
vt 0.545035 0.794797
vt 0.525252 0.792238
vt 0.437500 0.923887
vt 0.526944 0.791105
vt 0.437500 0.925000
vt 0.555587 0.794685
vt 0.250000 0.923887
vt 0.250000 0.925000
vt 0.554468 0.793325
vt 0.516008 0.781007
vt 0.562500 0.923887
vt 0.518556 0.780914
vt 0.562500 0.925000
vt 0.518745 0.787167
vt 0.500000 0.923887
vt 0.521039 0.786504
vt 0.500000 0.925000
vt 0.564145 0.790829
vt 0.187500 0.923887
vt 0.562233 0.789826
vt 0.187500 0.925000
vt 0.196875 0.923887
vt 0.562469 0.791584
vt 0.197337 0.925000
vt 0.561068 0.790351
vt 0.196875 0.925000
vt 0.125000 0.923887
vt 0.569561 0.785326
vt 0.125000 0.925000
vt 0.567147 0.784833
vt 0.000000 0.923887
vt 1.000000 0.923887
vt 0.568116 0.772664
vt 0.000000 0.925000
vt 0.999845 0.925000
vt 0.565964 0.773504
vt 0.522874 0.769191
vt 0.687500 0.923887
vt 0.524785 0.770193
vt 0.687500 0.925000
vt 0.062500 0.923887
vt 0.570986 0.779118
vt 0.568462 0.779105
vt 0.062500 0.925000
vt 0.812500 0.923887
vt 0.541827 0.763713
vt 0.812500 0.925000
vt 0.541983 0.765222
vt 0.552480 0.764572
vt 0.875000 0.923887
vt 0.551648 0.766002
vt 0.875000 0.925000
vt 0.750000 0.923887
vt 0.531431 0.765335
vt 0.532550 0.766694
vt 0.750000 0.925000
vt 0.561912 0.767832
vt 0.937500 0.923887
vt 0.937500 0.925000
vt 0.560075 0.768914
vt 0.625000 0.923887
vt 0.517458 0.774694
vt 0.519871 0.775186
vt 0.625000 0.925000
vt 0.377958 0.998619
vt 0.377504 0.000795
vt 0.126381 0.749205
vt 0.377731 1.000000
vt 0.377731 0.000000
vt 0.376154 1.000000
vt 0.375000 0.000336
vt 0.125584 0.750000
vt 0.375000 0.000795
vt 0.125000 0.749205
vt 0.126381 0.750000
vt 0.375000 0.998619
vt 0.622496 0.998618
vt 0.873619 0.749205
vt 0.622497 0.000795
vt 0.625000 0.998619
vt 0.873619 0.750000
vt 0.625000 0.999416
vt 0.875000 0.749664
vt 0.623942 0.000000
vt 0.875000 0.749205
vt 0.625000 0.000795
vt 0.622496 1.000000
vt 0.622496 0.000000
vt 0.248190 0.469686
vt 1.000000 0.986648
vt -0.000000 0.986648
vt 0.999546 1.000000
vt 0.250676 0.489911
vt 0.249324 0.489911
vt 0.000453 1.000000
vt 0.377504 0.249205
vt 0.377958 0.251381
vt 0.126381 0.500795
vt 0.377731 0.250000
vt 0.376154 0.250000
vt 0.375000 0.250584
vt 0.125000 0.500336
vt 0.375000 0.251381
vt 0.126381 0.500000
vt 0.375000 0.249205
vt 0.125000 0.500795
vt 0.622496 0.251381
vt 0.622497 0.249205
vt 0.873619 0.500795
vt 0.622496 0.250000
vt 0.623942 0.250000
vt 0.625000 0.249664
vt 0.874416 0.500000
vt 0.875000 0.500795
vt 0.625000 0.249205
vt 0.873619 0.500000
vt 0.625000 0.251381
vt 0.958333 0.986648
vt 0.302987 0.458022
vt 0.958787 1.000000
vt 0.311440 0.481911
vt 0.957880 1.000000
vt 0.312747 0.481561
vt 0.373619 0.749205
vt 0.377504 0.749205
vt 0.377976 0.750913
vt 0.375000 0.749205
vt 0.375389 0.750051
vt 0.377781 0.750000
vt 0.373835 0.750000
vt 0.375000 0.751165
vt 0.622496 0.749205
vt 0.626381 0.749205
vt 0.622497 0.750931
vt 0.625000 0.749205
vt 0.624810 0.749888
vt 0.626156 0.750000
vt 0.625000 0.751156
vt 0.622496 0.750000
vt 0.328414 0.393994
vt 0.916667 0.986648
vt 0.916213 1.000000
vt 0.367686 0.453199
vt 0.917120 1.000000
vt 0.369370 0.458107
vt 0.377504 0.500795
vt 0.373619 0.500795
vt 0.377976 0.499088
vt 0.375000 0.500795
vt 0.375226 0.500112
vt 0.375000 0.498835
vt 0.373835 0.500000
vt 0.377781 0.500000
vt 0.626381 0.500795
vt 0.622497 0.500795
vt 0.622496 0.499069
vt 0.625000 0.500795
vt 0.624647 0.499949
vt 0.622496 0.500000
vt 0.625000 0.498844
vt 0.626156 0.500000
vt 0.875000 0.986648
vt 0.197817 0.096757
vt 0.875453 1.000000
vt 0.159705 0.035456
vt 0.874546 1.000000
vt 0.158050 0.030628
vt 0.187500 0.576113
vt 0.461088 0.456688
vt 0.187500 0.575000
vt 0.461597 0.458069
vt 0.833333 0.986648
vt 0.225019 0.038639
vt 0.833787 1.000000
vt 0.217217 0.014410
vt 0.832879 1.000000
vt 0.218561 0.014227
vt 0.471229 0.456664
vt 0.125000 0.576113
vt 0.470742 0.458047
vt 0.125000 0.575000
vt 0.250000 0.576113
vt 0.451736 0.458852
vt 0.250000 0.575000
vt 0.453163 0.460020
vt 0.480614 0.458783
vt 0.062500 0.576113
vt 0.479205 0.459957
vt 0.062500 0.575000
vt 0.280391 0.034167
vt 0.791667 0.986648
vt 0.792120 1.000000
vt 0.280090 0.014054
vt 0.791213 1.000000
vt 0.281441 0.014231
vt 0.491738 0.467881
vt 0.937500 0.576113
vt 0.489236 0.468162
vt 0.937500 0.575000
vt 0.444597 0.462826
vt 0.312500 0.576113
vt 0.312500 0.575000
vt 0.446725 0.463603
vt 0.335691 0.047365
vt 0.750000 0.986648
vt 0.749546 1.000000
vt 0.342587 0.030907
vt 0.750454 1.000000
vt 0.341310 0.030367
vt 0.487816 0.462721
vt 1.000000 0.576113
vt 0.000000 0.576113
vt 1.000000 0.575000
vt 0.485700 0.463509
vt 0.000000 0.575000
vt 0.500000 0.576113
vt 0.444600 0.478657
vt 0.500000 0.575000
vt 0.446839 0.477971
vt 0.708333 0.986648
vt 0.387168 0.077363
vt 0.708787 1.000000
vt 0.397427 0.063308
vt 0.707880 1.000000
vt 0.398689 0.064390
vt 0.440802 0.473657
vt 0.437500 0.576113
vt 0.443302 0.473318
vt 0.437500 0.575000
vt 0.812500 0.576113
vt 0.487942 0.478654
vt 0.812500 0.575000
vt 0.485814 0.477877
vt 0.430058 0.120254
vt 0.666667 0.986648
vt 0.666213 1.000000
vt 0.457431 0.129459
vt 0.667120 1.000000
vt 0.457195 0.129278
vt 0.461310 0.484816
vt 0.625000 0.576113
vt 0.461797 0.483433
vt 0.625000 0.575000
vt 0.471451 0.484792
vt 0.687500 0.576113
vt 0.687500 0.575000
vt 0.470942 0.483411
vt 0.625000 0.986648
vt 0.404977 0.089406
vt 0.625454 1.000000
vt 0.420121 0.080836
vt 0.624546 1.000000
vt 0.419165 0.079879
vt 0.452026 0.482720
vt 0.562500 0.576113
vt 0.453333 0.481523
vt 0.562500 0.575000
vt 0.480803 0.482628
vt 0.750000 0.576113
vt 0.479376 0.481460
vt 0.750000 0.575000
vt 0.360543 0.056471
vt 0.583333 0.986648
vt 0.582879 1.000000
vt 0.369370 0.041893
vt 0.583787 1.000000
vt 0.370541 0.042569
vt 0.875000 0.576113
vt 0.491782 0.473476
vt 0.489276 0.473207
vt 0.875000 0.575000
vt 0.440757 0.468004
vt 0.375000 0.576113
vt 0.375000 0.575000
vt 0.443263 0.468273
vt 0.541666 0.986648
vt 0.308037 0.035923
vt 0.542120 1.000000
vt 0.312747 0.018439
vt 0.541213 1.000000
vt 0.311440 0.018089
vt 0.461088 0.793312
vt 0.187500 0.923887
vt 0.461597 0.791931
vt 0.187500 0.925000
vt 0.251810 0.030314
vt 0.500000 0.986648
vt 0.500454 1.000000
vt 0.250676 0.010089
vt 0.499546 1.000000
vt 0.249324 0.010089
vt 0.125000 0.923887
vt 0.471228 0.793336
vt 0.125000 0.925000
vt 0.470742 0.791953
vt 0.451736 0.791148
vt 0.250000 0.923887
vt 0.453163 0.789980
vt 0.250000 0.925000
vt 0.197013 0.041978
vt 0.458333 0.986648
vt 0.457880 1.000000
vt 0.187253 0.018439
vt 0.458787 1.000000
vt 0.188560 0.018089
vt 0.062500 0.923887
vt 0.480614 0.791217
vt 0.062500 0.925000
vt 0.479205 0.790043
vt 0.440757 0.781996
vt 0.375000 0.923887
vt 0.443263 0.781727
vt 0.375000 0.925000
vt 0.171586 0.106006
vt 0.416666 0.986648
vt 0.417120 1.000000
vt 0.130630 0.041893
vt 0.416213 1.000000
vt 0.132315 0.046804
vt 0.444597 0.787174
vt 0.312500 0.923887
vt 0.446725 0.786397
vt 0.312500 0.925000
vt 0.488400 0.786959
vt 0.000000 0.923887
vt 1.000000 0.923887
vt 0.000000 0.925000
vt 0.485700 0.786491
vt 0.998450 0.925000
vt 0.485788 0.786375
vt 0.302183 0.403243
vt 0.375000 0.986648
vt 0.374546 1.000000
vt 0.341950 0.469372
vt 0.375453 1.000000
vt 0.340295 0.464544
vt 0.487718 0.771221
vt 0.812500 0.923887
vt 0.485814 0.772123
vt 0.812500 0.925000
vt 0.500000 0.923887
vt 0.444600 0.771343
vt 0.500000 0.925000
vt 0.446839 0.772029
vt 0.875000 0.923887
vt 0.491516 0.776350
vt 0.875000 0.925000
vt 0.489260 0.776770
vt 0.874702 0.925000
vt 0.333333 0.986648
vt 0.274982 0.461361
vt 0.333787 1.000000
vt 0.282783 0.485590
vt 0.332879 1.000000
vt 0.281439 0.485773
vt 0.461310 0.765184
vt 0.625000 0.923887
vt 0.625000 0.925000
vt 0.461797 0.766567
vt 0.471451 0.765208
vt 0.687500 0.923887
vt 0.470942 0.766588
vt 0.687500 0.925000
vt 0.219609 0.465833
vt 0.291667 0.986648
vt 0.292120 1.000000
vt 0.219910 0.485946
vt 0.291213 1.000000
vt 0.218559 0.485769
vt 0.452026 0.767280
vt 0.562500 0.923887
vt 0.562500 0.925000
vt 0.453333 0.768477
vt 0.164309 0.452635
vt 0.250000 0.986648
vt 0.250453 1.000000
vt 0.158690 0.469633
vt 0.249546 1.000000
vt 0.157413 0.469093
vt 0.480803 0.767372
vt 0.750000 0.923887
vt 0.750000 0.925000
vt 0.479376 0.768540
vt 0.437500 0.923887
vt 0.440802 0.776343
vt 0.443302 0.776682
vt 0.437500 0.925000
vt 0.491443 0.782974
vt 0.937500 0.923887
vt 0.489236 0.781838
vt 0.937500 0.925000
vt 0.941746 0.925000
vt 0.488996 0.782154
vt 0.112832 0.422638
vt 0.208333 0.986648
vt 0.207880 1.000000
vt 0.101311 0.435610
vt 0.208787 1.000000
vt 0.102572 0.436692
vt 0.187500 0.576113
vt 0.545022 0.425355
vt 0.187500 0.575000
vt 0.545796 0.426735
vt 0.555425 0.425330
vt 0.125000 0.576113
vt 0.554941 0.426712
vt 0.125000 0.575000
vt 0.069942 0.379746
vt 0.166667 0.986648
vt 0.166213 1.000000
vt 0.042569 0.370541
vt 0.167120 1.000000
vt 0.042805 0.370723
vt 0.250000 0.576113
vt 0.536414 0.427344
vt 0.249099 0.575000
vt 0.537484 0.428658
vt 0.250000 0.575000
vt 0.537362 0.428686
vt 0.564813 0.427449
vt 0.062500 0.576113
vt 0.563405 0.428623
vt 0.062500 0.575000
vt 0.125000 0.986648
vt 0.095023 0.410594
vt 0.125454 1.000000
vt 0.079879 0.419164
vt 0.124546 1.000000
vt 0.080835 0.420121
vt 0.575937 0.436547
vt 0.937500 0.576113
vt 0.573436 0.436828
vt 0.937500 0.575000
vt 0.528684 0.431642
vt 0.312500 0.576113
vt 0.312500 0.575000
vt 0.530924 0.432269
vt 0.139457 0.443529
vt 0.083333 0.986648
vt 0.083787 1.000000
vt 0.129459 0.457431
vt 0.082879 1.000000
vt 0.130630 0.458107
vt 0.572016 0.431388
vt 1.000000 0.576113
vt 0.000000 0.576113
vt 1.000000 0.575000
vt 0.569899 0.432175
vt 0.000000 0.575000
vt 0.528922 0.447425
vt 0.500000 0.576113
vt 0.531038 0.446637
vt 0.500000 0.575000
vt 0.191964 0.464077
vt 0.041666 0.986648
vt 0.188560 0.481911
vt 0.041213 1.000000
vt 0.042120 1.000000
vt 0.187253 0.481561
vt 0.553125 0.576113
vt 0.534697 0.450583
vt 0.552650 0.575000
vt 0.553125 0.575000
vt 0.536558 0.449656
vt 0.525000 0.442265
vt 0.437500 0.576113
vt 0.527502 0.441984
vt 0.437500 0.575000
vt 0.572140 0.447323
vt 0.812500 0.576113
vt 0.570013 0.446543
vt 0.812500 0.575000
vt 0.545509 0.453482
vt 0.625000 0.576113
vt 0.545996 0.452099
vt 0.625000 0.575000
vt 0.555646 0.453458
vt 0.687500 0.576113
vt 0.687500 0.575000
vt 0.555141 0.452077
vt 0.562500 0.576113
vt 0.536124 0.451363
vt 0.537533 0.450189
vt 0.562500 0.575000
vt 0.750000 0.576113
vt 0.565009 0.451291
vt 0.563575 0.450126
vt 0.750000 0.575000
vt 0.575981 0.442142
vt 0.875000 0.576113
vt 0.573475 0.441873
vt 0.875000 0.575000
vt 0.524956 0.436670
vt 0.375000 0.576113
vt 0.527462 0.436939
vt 0.375000 0.575000
vt 0.555427 0.824670
vt 0.125000 0.923887
vt 0.554940 0.823287
vt 0.125000 0.925000
vt 0.564813 0.822551
vt 0.062500 0.923887
vt 0.062500 0.925000
vt 0.563405 0.821377
vt 0.572015 0.818613
vt 0.000000 0.923887
vt 1.000000 0.923887
vt 0.000000 0.925000
vt 1.000000 0.925000
vt 0.569899 0.817825
vt 0.875000 0.923887
vt 0.575981 0.807858
vt 0.875000 0.925000
vt 0.573476 0.808127
vt 0.575937 0.813453
vt 0.937500 0.923887
vt 0.937500 0.925000
vt 0.573436 0.813172
vt 0.545287 0.824645
vt 0.187500 0.923887
vt 0.545796 0.823265
vt 0.187500 0.925000
vt 0.535935 0.822482
vt 0.250000 0.923887
vt 0.537362 0.821314
vt 0.250000 0.925000
vt 0.524999 0.807848
vt 0.437500 0.923887
vt 0.527502 0.808016
vt 0.437500 0.925000
vt 0.524956 0.813330
vt 0.375000 0.923887
vt 0.375000 0.925000
vt 0.527462 0.813061
vt 0.528796 0.818508
vt 0.312500 0.923887
vt 0.530924 0.817731
vt 0.312500 0.925000
vt 0.572140 0.802677
vt 0.812500 0.923887
vt 0.812500 0.925000
vt 0.570013 0.803457
vt 0.625000 0.923887
vt 0.545510 0.796518
vt 0.625000 0.925000
vt 0.545997 0.797901
vt 0.555646 0.796543
vt 0.687500 0.923887
vt 0.555141 0.797923
vt 0.687500 0.925000
vt 0.529150 0.802391
vt 0.500000 0.923887
vt 0.500000 0.925000
vt 0.531073 0.803344
vt 0.500335 0.925000
vt 0.562500 0.923887
vt 0.535946 0.798677
vt 0.537533 0.799811
vt 0.562500 0.925000
vt 0.750000 0.923887
vt 0.565009 0.798709
vt 0.563575 0.799874
vt 0.750000 0.925000
vt 0.250000 0.576113
vt 0.620134 0.396184
vt 0.250000 0.575000
vt 0.621562 0.397352
vt 0.622496 0.395638
vt 0.729825 0.500795
vt 0.241628 0.576113
vt 0.729704 0.500000
vt 0.625000 0.395296
vt 0.625000 0.396183
vt 0.728444 0.500336
vt 0.229140 0.575000
vt 0.728444 0.500795
vt 0.224518 0.576113
vt 0.622893 0.397044
vt 0.240133 0.575000
vt 0.312500 0.576113
vt 0.612995 0.400158
vt 0.312500 0.575000
vt 0.615124 0.400935
vt 0.609199 0.410931
vt 0.437500 0.576113
vt 0.611701 0.410650
vt 0.437500 0.575000
vt 0.569524 0.576113
vt 0.704026 0.500795
vt 0.622496 0.420520
vt 0.586634 0.576113
vt 0.705407 0.500795
vt 0.586634 0.575470
vt 0.705030 0.500000
vt 0.624367 0.419450
vt 0.625000 0.420855
vt 0.704145 0.500000
vt 0.622882 0.419115
vt 0.570994 0.575000
vt 0.620323 0.420029
vt 0.562500 0.576113
vt 0.621732 0.418855
vt 0.562500 0.575000
vt 0.613121 0.416090
vt 0.500000 0.576113
vt 0.500000 0.575000
vt 0.615237 0.415303
vt 0.609155 0.405336
vt 0.375000 0.576113
vt 0.375000 0.575000
vt 0.611661 0.405605
vt 0.620134 0.853816
vt 0.250000 0.923887
vt 0.621561 0.852648
vt 0.250000 0.925000
vt 0.729825 0.749205
vt 0.622496 0.854362
vt 0.241628 0.923887
vt 0.625000 0.854704
vt 0.729704 0.750000
vt 0.728817 0.750000
vt 0.624376 0.853300
vt 0.224518 0.924530
vt 0.240133 0.925000
vt 0.622893 0.852956
vt 0.728444 0.749205
vt 0.224518 0.923887
vt 0.609155 0.844664
vt 0.375000 0.923887
vt 0.611661 0.844395
vt 0.375000 0.925000
vt 0.312500 0.923887
vt 0.612995 0.849842
vt 0.615124 0.849065
vt 0.312500 0.925000
vt 0.613121 0.833910
vt 0.500000 0.923887
vt 0.500000 0.925000
vt 0.615237 0.834697
vt 0.569524 0.923887
vt 0.622496 0.829480
vt 0.704026 0.749205
vt 0.570994 0.925000
vt 0.622882 0.830885
vt 0.581960 0.925000
vt 0.625000 0.830030
vt 0.705407 0.749664
vt 0.704145 0.750000
vt 0.625000 0.829145
vt 0.586634 0.923887
vt 0.705407 0.749205
vt 0.620323 0.829971
vt 0.562500 0.923887
vt 0.562500 0.925000
vt 0.621732 0.831145
vt 0.609199 0.839069
vt 0.437500 0.923887
vt 0.437500 0.925000
vt 0.611701 0.839350
vt 0.510379 0.349870
vt 0.166666 0.703352
vt 0.166666 0.690000
vt 0.510556 0.351260
vt 0.519995 0.350195
vt 0.125000 0.703352
vt 0.519513 0.351562
vt 0.125000 0.690000
vt 0.500940 0.350930
vt 0.208333 0.703352
vt 0.208333 0.690000
vt 0.501762 0.352247
vt 0.529130 0.351881
vt 0.083333 0.703352
vt 0.528023 0.353133
vt 0.083333 0.690000
vt 0.537163 0.354814
vt 0.041666 0.703352
vt 0.535506 0.355866
vt 0.041666 0.690000
vt 0.291667 0.703352
vt 0.485105 0.356823
vt 0.291667 0.690000
vt 0.487011 0.357737
vt 0.543545 0.358795
vt 1.000000 0.703352
vt -0.000000 0.703352
vt 1.000000 0.690000
vt 0.541452 0.359574
vt -0.000000 0.690000
vt 0.492319 0.353301
vt 0.250000 0.703352
vt 0.250000 0.690000
vt 0.493731 0.354456
vt 0.549764 0.368759
vt 0.916667 0.703352
vt 0.916667 0.690000
vt 0.547245 0.368857
vt 0.546119 0.379104
vt 0.833333 0.703352
vt 0.543850 0.378493
vt 0.833333 0.690000
vt 0.875000 0.703352
vt 0.549176 0.374064
vt 0.546697 0.373798
vt 0.875000 0.690000
vt 0.524892 0.389443
vt 0.708333 0.703352
vt 0.524145 0.388112
vt 0.708333 0.690000
vt 0.533617 0.387044
vt 0.750000 0.703352
vt 0.750000 0.690000
vt 0.532176 0.385903
vt 0.510227 0.390310
vt 0.638166 0.703352
vt 0.640853 0.690000
vt 0.509802 0.388911
vt 0.509225 0.388892
vt 0.638166 0.690000
vt 0.666666 0.703352
vt 0.515566 0.390490
vt 0.515352 0.389099
vt 0.666667 0.690000
vt 0.540803 0.383536
vt 0.791667 0.703352
vt 0.791667 0.690000
vt 0.538897 0.382622
vt 0.547843 0.363551
vt 0.958333 0.703352
vt 0.958333 0.690000
vt 0.545456 0.364005
vt 0.333333 0.703352
vt 0.479788 0.361255
vt 0.333333 0.690000
vt 0.482058 0.361866
vt 0.505913 0.390164
vt 0.625000 0.703352
vt 0.506395 0.388797
vt 0.625000 0.690000
vt 0.375000 0.703352
vt 0.476732 0.366295
vt 0.375000 0.690000
vt 0.479210 0.366561
vt 0.478064 0.376807
vt 0.458333 0.703352
vt 0.458333 0.690000
vt 0.480451 0.376354
vt 0.476143 0.371600
vt 0.416666 0.703352
vt 0.478662 0.371502
vt 0.416666 0.690000
vt 0.488745 0.385544
vt 0.541666 0.703352
vt 0.490402 0.384493
vt 0.541666 0.690000
vt 0.496778 0.388478
vt 0.583333 0.703352
vt 0.497885 0.387226
vt 0.583333 0.690000
vt 0.482362 0.381564
vt 0.500000 0.703352
vt 0.484455 0.380785
vt 0.500000 0.690000
vt 0.125616 0.747020
vt 0.385014 0.999384
vt 0.385014 0.002980
vt 0.125616 0.750000
vt 0.375000 0.999384
vt 0.125260 0.750000
vt 0.379232 1.000000
vt 0.375000 0.001260
vt 0.385014 1.000000
vt 0.385014 0.000000
vt 0.125000 0.747020
vt 0.375000 0.002980
vt 0.614986 0.999384
vt 0.874384 0.747020
vt 0.614986 0.002980
vt 0.874384 0.750000
vt 0.625000 0.999384
vt 0.625000 0.999740
vt 0.875000 0.748740
vt 0.620767 0.000000
vt 0.875000 0.747020
vt 0.625000 0.002980
vt 0.614986 1.000000
vt 0.614986 0.000000
vt 0.125616 0.502980
vt 0.385014 0.247020
vt 0.385014 0.250616
vt 0.125000 0.502980
vt 0.375000 0.247020
vt 0.125000 0.501260
vt 0.379232 0.250000
vt 0.375000 0.250260
vt 0.385014 0.250000
vt 0.125616 0.500000
vt 0.375000 0.250616
vt 0.874384 0.502980
vt 0.614986 0.250616
vt 0.614986 0.247020
vt 0.874384 0.500000
vt 0.625000 0.250616
vt 0.874740 0.500000
vt 0.620767 0.250000
vt 0.625000 0.248740
vt 0.614986 0.250000
vt 0.875000 0.502980
vt 0.625000 0.247020
vt 0.374384 0.747020
vt 0.385014 0.747020
vt 0.385014 0.750616
vt 0.375000 0.747020
vt 0.376411 0.749667
vt 0.385014 0.750000
vt 0.374384 0.750000
vt 0.375000 0.750616
vt 0.625616 0.747020
vt 0.614986 0.750616
vt 0.614986 0.747020
vt 0.625616 0.750000
vt 0.625000 0.750616
vt 0.623676 0.749580
vt 0.614986 0.750000
vt 0.625000 0.747020
vt 0.374384 0.502980
vt 0.385014 0.499384
vt 0.385014 0.502980
vt 0.374384 0.500000
vt 0.375000 0.499384
vt 0.376324 0.500420
vt 0.385014 0.500000
vt 0.375000 0.502980
vt 0.625616 0.502980
vt 0.614986 0.502980
vt 0.614986 0.499384
vt 0.625000 0.502980
vt 0.623589 0.500333
vt 0.614986 0.500000
vt 0.625616 0.500000
vt 0.625000 0.499384
s 1
usemtl OrangePolymer
f 969/1414/1 965/1408/2 461/621/3 467/630/4 464/626/5 476/644/6 478/648/7 981/1436/8 974/1424/9 1001/1469/10 989/1448/11 996/1459/12 985/1442/8 469/633/13 473/639/14 481/653/15 418/563/16 421/567/17 416/560/18 424/571/19 409/551/20 412/555/21 406/547/22 403/543/23 397/533/24 400/537/25 394/529/26 391/525/27 388/521/28 386/518/29 455/613/30 457/616/31 448/604/32 451/608/33 445/600/34 442/596/35 611/838/36 604/826/37 597/816/38 351/475/39 3/3/40 129/193/41 1157/1718/42 1150/1706/43 1163/1728/44 1142/1693/45 1135/1681/46 1106/1636/47 1059/1560/48 1087/1604/49 1093/1615/50 1065/1569/51 1017/1494/52 1044/1536/53 1037/1524/54 1051/1548/55 1022/1502/56 283/403/57 309/431/58 337/461/59 638/883/60 668/927/61 675/938/62 660/914/63 631/873/64 367/491/65 380/510/66 383/514/67 430/579/68 428/576/69 439/592/70 433/583/71 437/588/72 962/1403/2 954/1390/73 941/1369/74 948/1380/75
f 129/193/41 1099/1626/76 1128/1670/77 1142/1693/45 1163/1728/44 1169/1739/78 1157/1718/42
f 302/423/79 289/409/80 763/1083/81 736/1038/82
f 330/453/83 317/439/84 709/993/85 701/981/86
f 358/482/87 352/476/88 596/815/89 589/805/90
f 488/662/91 382/513/92 379/509/93 485/658/94
f 366/490/95 374/501/96 485/658/94 379/509/93
f 2/2/97 108/166/98 261/376/99 127/191/100
f 443/597/101 446/601/102 491/666/103 494/670/104
f 51/81/105 9/9/106 17/22/107 58/89/108
f 136/200/109 141/206/110 987/1446/111 1003/1471/112
f 557/759/113 470/634/114 479/649/115 559/763/116
f 1050/1547/117 114/172/118 1029/1512/119 1023/1503/120
f 784/1116/121 269/384/122 812/1161/123 790/1126/124
f 590/806/125 598/817/126 603/825/127 617/849/128
f 560/764/129 566/773/130 743/1049/131 753/1066/131
f 398/534/132 404/544/133 520/707/134 523/711/135
f 404/544/133 407/548/136 530/720/137 520/707/134
f 407/548/136 413/556/138 533/724/139 530/720/137
f 413/556/138 410/552/140 536/728/141 533/724/139
f 410/552/140 425/572/142 548/746/143 536/728/141
f 541/736/144 415/559/145 422/568/146 574/785/147
f 574/785/147 422/568/146 419/564/148 554/755/149
f 548/746/143 425/572/142 415/559/145 541/736/144
f 554/755/149 419/564/148 482/654/150 569/778/151
f 578/790/152 427/575/153 431/580/154 580/793/155
f 559/763/116 479/649/115 475/643/156 565/772/157
f 469/633/13 985/1442/8 981/1436/8 478/648/7
f 569/778/151 482/654/150 472/638/158 563/769/159
f 539/732/160 544/740/161 723/1016/162 726/1021/162
f 563/769/159 472/638/158 470/634/114 557/759/113
f 565/772/157 475/643/156 463/625/163 551/750/164
f 551/750/164 463/625/163 466/629/165 572/782/166
f 437/588/72 461/621/3 965/1408/2 962/1403/2
f 587/802/167 434/584/168 440/593/169 584/798/170
f 538/731/171 460/620/172 436/587/173 545/741/174
f 545/741/174 436/587/173 434/584/168 587/802/167
f 584/798/170 440/593/169 427/575/153 578/790/152
f 385/517/175 389/522/176 514/697/177 509/690/178
f 580/793/155 431/580/154 382/513/92 488/662/91
f 647/895/179 372/499/180 365/489/181 633/875/182
f 446/601/102 452/609/183 506/686/184 491/666/103
f 612/839/185 443/597/101 494/670/104 625/862/186
f 452/609/183 449/605/187 500/678/188 506/686/184
f 449/605/187 458/617/189 497/674/190 500/678/188
f 458/617/189 454/612/191 503/682/192 497/674/190
f 572/782/166 466/629/165 460/620/172 538/731/171
f 389/522/176 392/526/193 512/694/194 514/697/177
f 454/612/191 385/517/175 509/690/178 503/682/192
f 392/526/193 395/530/195 527/716/196 512/694/194
f 395/530/195 401/539/197 518/703/198 527/716/196
f 401/538/197 398/534/132 523/711/135 518/702/198
f 618/850/199 605/827/200 610/837/201 624/861/202
f 680/947/203 645/893/204 632/874/205 659/913/206
f 640/885/207 654/905/208 687/959/209 666/925/210
f 681/948/239 661/915/240 674/937/241 696/972/242
f 667/926/243 689/961/244 694/970/245 673/936/246
f 934/1358/247 921/1335/248 895/1293/249 890/1284/250 860/1239/251 262/377/252 910/1318/253
f 710/994/254 316/438/255 254/365/256 717/1005/257
f 639/884/258 339/463/259 346/470/260 652/903/261
f 722/1015/262 715/1003/263 253/364/264 274/390/265 730/1027/266 725/1020/262
f 282/402/267 297/418/268 324/447/269 310/432/270
f 233/335/271 883/1273/272 861/1240/273 889/1283/274
f 764/1084/275 288/408/276 226/324/277 747/1055/278
f 311/433/279 323/446/280 344/468/281 338/462/282
f 742/1048/283 745/1053/284 225/323/285 246/353/286 755/1070/287 752/1065/283
f 275/391/288 255/366/289 318/440/290 332/455/291
f 247/354/292 227/325/293 290/410/294 304/425/295
f 813/1162/296 268/383/297 219/313/298 799/1138/299
f 276/392/300 331/454/301 703/983/302 728/1025/303
f 218/312/304 241/344/305 805/1149/306 797/1136/307
f 248/355/308 303/424/309 735/1037/310 756/1071/311
f 833/1192/312 204/293/313 191/275/314 841/1205/315
f 909/1317/316 912/1322/317 211/304/318 199/287/319 935/1359/320
f 855/1229/321 192/276/322 206/295/323 846/1215/324
f 777/1104/325 239/342/326 220/314/327 267/382/328 783/1115/329
f 897/1295/330 185/265/331 234/336/332 888/1282/333
f 875/1260/334 177/253/335 904/1307/336 868/1250/337
f 806/1150/338 240/343/339 776/1103/340 769/1093/341
f 902/1305/342 176/252/343 183/263/344 896/1294/345
f 190/274/346 854/1228/347 827/1183/348 839/1203/349
f 940/1368/350 157/227/351 169/244/352 949/1381/353
f 198/286/354 149/215/355 919/1333/356 933/1357/357
f 847/1216/358 205/294/359 832/1191/360 820/1173/361
f 920/1334/362 148/214/363 162/233/364 928/1347/365
f 874/1259/366 881/1271/367 232/334/368 184/264/369 178/254/370
f 746/1054/371 743/1049/131 566/773/130 550/749/372 571/781/373 539/732/160 726/1021/162 729/1026/374 702/982/375 708/992/376 716/1004/377 723/1016/162 544/740/161 586/801/378 583/797/379 577/789/380 581/794/381 487/661/382 484/657/383 373/500/384 646/894/385 682/949/386 695/971/387 688/960/388 653/904/389 345/469/390 325/448/391 296/417/392 791/1127/393 811/1160/394 798/1137/395 804/1148/396 771/1095/397 825/1181/398 853/1227/399 848/1217/400 819/1172/401 869/1251/402 903/1306/403 895/1293/249 921/1335/248 927/1346/404 913/1323/405 910/1318/253 262/377/252 107/165/406 359/483/407 591/807/408 619/851/409 626/863/410 493/669/411 490/665/412 505/685/413 499/677/414 496/673/415 502/681/416 508/689/417 515/698/418 511/693/419 526/715/420 517/701/421 524/712/422 521/708/423 529/719/424 532/723/425 535/727/426 547/745/427 542/737/428 575/786/429 553/754/430 568/777/431 562/768/432 556/758/433 560/764/129 753/1066/131 757/1072/434 737/1039/435 762/1082/436
f 164/235/437 212/305/438 914/1324/439 926/1345/440
f 956/1392/441 101/154/442 155/225/443 942/1370/444
f 964/1407/445 968/1413/446 121/180/447 99/152/448 955/1391/449 961/1402/445
f 876/1261/450 867/1249/451 818/1171/452 834/1193/453 840/1204/454 826/1182/455 770/1094/456 778/1105/457 785/1117/458 792/1128/459 295/416/460 281/401/461 1024/1504/462 1031/1514/463 1009/1481/464 1015/1492/465 1064/1568/466 1079/1591/467 1071/1578/468 1057/1558/469 1108/1638/470 1120/1657/471 1114/1647/472 1100/1627/473 128/192/474 260/375/475 862/1241/476 882/1272/477
f 1016/1493/478 1008/1480/479 79/121/480 1045/1537/481
f 213/306/482 163/234/483 150/216/484 197/285/485
f 976/1426/486 73/110/487 134/198/488 1002/1470/489
f 984/1441/490 995/1458/491 93/141/492 71/108/493 975/1425/494 982/1437/490
f 120/179/495 170/245/496 156/226/497 100/153/498
f 92/140/499 142/207/500 135/199/501 72/109/502
f 171/246/503 122/181/504 967/1412/505 947/1379/506
f 1036/1523/507 66/98/508 115/173/509 1052/1549/510
f 1043/1535/511 78/120/512 64/96/513 1038/1525/514
f 1113/1646/515 87/134/516 1129/1671/517 1101/1628/518
f 1092/1614/519 30/45/520 1080/1592/521 1066/1570/522
f 1086/1603/523 43/68/524 31/46/525 1094/1616/526
f 1127/1669/527 86/133/528 38/58/529 1143/1694/530
f 52/82/531 57/88/532 1155/1716/533 1171/1741/534
f 1078/1590/535 29/44/536 45/70/537 1072/1579/538
f 143/208/539 94/142/540 994/1457/541 988/1447/542
f 24/34/543 1121/1658/544 1107/1637/545 1134/1680/546
f 1141/1692/547 37/57/548 22/32/549 1136/1682/550
f 1073/1580/551 44/69/552 1085/1602/553 1058/1559/554
f 1156/1717/555 59/90/556 16/21/557 1148/1704/558
f 1030/1513/559 113/171/560 65/97/561 80/122/562 1010/1482/563
f 1162/1727/564 10/10/565 50/80/566 1170/1740/567
f 1149/1705/568 15/20/569 8/8/570 1164/1729/571
f 85/132/572 1115/1648/573 1122/1659/574 23/33/575 36/56/576
f 1/1/971 4/4/972 5/5/973 7/7/974
f 2/2/97 6/6/975 5/5/973 4/4/972
f 3/3/40 7/7/976 5/5/973 6/6/975
f 8/8/570 11/11/977 12/13/978 14/19/979
f 9/9/106 13/16/980 12/14/981 11/12/982
f 10/10/565 14/18/983 12/15/984 13/17/985
f 15/20/569 18/23/986 19/25/987 21/30/988
f 16/21/557 20/28/989 19/26/990 18/24/991
f 17/22/107 21/31/992 19/27/993 20/29/994
f 22/32/549 25/35/995 26/37/996 28/43/997
f 23/33/575 27/40/998 26/38/999 25/36/1000
f 24/34/543 28/42/1001 26/39/1002 27/41/1003
f 29/44/536 32/47/1004 33/49/1005 35/55/1006
f 30/45/520 34/52/1007 33/50/1008 32/48/1009
f 31/46/525 35/54/1010 33/51/1011 34/53/1012
f 36/56/576 39/60/1013 40/61/1014 42/67/1015
f 37/57/548 41/64/1016 40/62/1017 39/59/1018
f 38/58/529 42/66/1019 40/63/1020 41/65/1021
f 43/68/524 46/71/1022 47/73/1023 49/78/1024
f 44/69/552 48/76/1025 47/74/1026 46/72/1027
f 45/70/537 49/79/1028 47/75/1029 48/77/1030
f 50/80/566 53/84/1031 54/85/1032 56/87/1033
f 51/81/105 55/86/1034 54/85/1035 53/83/1036
f 52/82/531 56/87/1037 54/85/1038 55/86/1039
f 57/88/532 60/91/1040 61/92/1041 63/95/1042
f 58/89/108 62/94/1043 61/92/1044 60/91/1045
f 59/90/556 63/95/1046 61/92/1047 62/93/1048
f 64/96/513 67/99/1049 68/101/1050 70/107/1051
f 65/97/561 69/104/1052 68/102/1053 67/100/1054
f 66/98/508 70/106/1055 68/103/1056 69/105/1057
f 71/108/493 74/111/1058 75/113/1059 77/119/1060
f 72/109/502 76/116/1061 75/114/1062 74/112/1063
f 73/110/487 77/118/1064 75/115/1065 76/117/1066
f 78/120/512 81/123/1067 82/125/1068 84/130/1069
f 79/121/480 83/128/1070 82/126/1071 81/124/1072
f 80/122/562 84/131/1073 82/127/1074 83/129/1075
f 85/132/572 88/136/1076 89/137/1077 91/139/1078
f 86/133/528 90/138/1079 89/137/1080 88/135/1081
f 87/134/516 91/139/1082 89/137/1083 90/138/1084
f 92/140/499 95/144/1085 96/145/1086 98/151/1087
f 93/141/492 97/148/1088 96/146/1089 95/143/1090
f 94/142/540 98/150/1091 96/147/1092 97/149/1093
f 99/152/448 102/155/1094 103/157/1095 105/163/1096
f 100/153/498 104/160/1097 103/158/1098 102/156/1099
f 101/154/442 105/162/1100 103/159/1101 104/161/1102
f 106/164/1103 109/167/1104 110/168/1105 112/170/1106
f 107/165/406 111/169/1107 110/168/1108 109/167/1109
f 108/166/98 112/170/1106 110/168/1105 111/169/1110
f 113/171/560 116/174/1111 117/175/1112 119/177/1113
f 114/172/118 118/176/1114 117/175/1115 116/174/1116
f 115/173/509 119/178/1117 117/175/1118 118/176/1119
f 120/179/495 123/183/1120 124/184/1121 126/190/1122
f 121/180/447 125/187/1123 124/185/1124 123/182/1125
f 122/181/504 126/189/1126 124/186/1127 125/188/1128
f 127/191/100 130/194/1129 131/195/1130 133/197/1131
f 128/192/474 132/196/1132 131/195/1130 130/194/1129
f 129/193/41 133/197/1133 131/195/1134 132/196/1135
f 134/198/488 137/202/1136 138/203/1137 140/205/1138
f 135/199/501 139/204/1139 138/203/1140 137/201/1141
f 136/200/109 140/205/1142 138/203/1143 139/204/1144
f 141/206/110 144/209/1145 145/210/1146 147/213/1147
f 142/207/500 146/212/1148 145/210/1149 144/209/1150
f 143/208/539 147/213/1151 145/210/1152 146/211/1153
f 148/214/363 151/217/1154 152/219/1155 154/224/1156
f 149/215/355 153/222/1157 152/220/1158 151/218/1159
f 150/216/484 154/224/1160 152/221/1161 153/223/1162
f 155/225/443 158/229/1163 159/230/1164 161/232/1165
f 156/226/497 160/231/1166 159/230/1167 158/228/1168
f 157/227/351 161/232/1169 159/230/1170 160/231/1171
f 162/233/364 165/236/1172 166/237/1173 168/243/1174
f 163/234/483 167/240/1175 166/238/1176 165/236/1177
f 164/235/437 168/242/1178 166/239/1179 167/241/1180
f 169/244/352 172/247/1181 173/248/1182 175/251/1183
f 170/245/496 174/250/1184 173/248/1185 172/247/1186
f 171/246/503 175/251/1187 173/248/1188 174/249/1189
f 176/252/343 179/255/1190 180/257/1191 182/262/1192
f 177/253/335 181/260/1193 180/258/1194 179/256/1195
f 178/254/370 182/262/1196 180/259/1197 181/261/1198
f 183/263/344 186/266/1199 187/267/1200 189/273/1201
f 184/264/369 188/270/1202 187/268/1203 186/266/1204
f 185/265/331 189/272/1205 187/269/1206 188/271/1207
f 190/274/346 193/277/1208 194/279/1209 196/284/1210
f 191/275/314 195/282/1211 194/280/1212 193/278/1213
f 192/276/322 196/283/1214 194/281/1215 195/282/1216
f 197/285/485 200/289/1217 201/290/1218 203/292/1219
f 198/286/354 202/291/1220 201/290/1221 200/288/1222
f 199/287/319 203/292/1223 201/290/1224 202/291/1225
f 204/293/313 207/296/1226 208/298/1227 210/303/1228
f 205/294/359 209/301/1229 208/299/1230 207/297/1231
f 206/295/323 210/303/1232 208/300/1233 209/302/1234
f 211/304/318 214/307/1235 215/308/1236 217/311/1237
f 212/305/438 216/310/1238 215/308/1239 214/307/1240
f 213/306/482 217/311/1241 215/308/1242 216/309/1243
f 218/312/304 221/315/1244 222/317/1245 224/322/1246
f 219/313/298 223/320/1247 222/318/1248 221/316/1249
f 220/314/327 224/322/1250 222/319/1251 223/321/1252
f 225/323/285 228/326/1253 229/328/1254 231/333/1255
f 226/324/277 230/331/1256 229/329/1257 228/327/1258
f 227/325/293 231/333/1259 229/330/1260 230/332/1261
f 232/334/368 235/337/1262 236/338/1263 238/340/1264
f 233/335/271 237/339/1265 236/338/1266 235/337/1267
f 234/336/332 238/341/1268 236/338/1269 237/339/1270
f 239/342/326 242/345/1271 243/347/1272 245/352/1273
f 240/343/339 244/350/1274 243/348/1275 242/346/1276
f 241/344/305 245/352/1277 243/349/1278 244/351/1279
f 246/353/286 249/356/1280 250/357/1281 252/363/1282
f 247/354/292 251/360/1283 250/358/1284 249/356/1285
f 248/355/308 252/362/1286 250/359/1287 251/361/1288
f 253/364/264 256/367/1289 257/369/1290 259/374/1291
f 254/365/256 258/372/1292 257/370/1293 256/368/1294
f 255/366/289 259/374/1295 257/371/1296 258/373/1297
f 260/375/475 263/378/1298 264/379/1299 266/381/1300
f 261/376/99 265/380/1301 264/379/1299 263/378/1298
f 262/377/252 266/381/1302 264/379/1303 265/380/1304
f 267/382/328 270/386/1305 271/387/1306 273/389/1307
f 268/383/297 272/388/1308 271/387/1309 270/385/1310
f 269/384/122 273/389/1311 271/387/1312 272/388/1313
f 274/390/265 277/393/1314 278/394/1315 280/400/1316
f 275/391/288 279/397/1317 278/395/1318 277/393/1319
f 276/392/300 280/399/1320 278/396/1321 279/398/1322
f 281/401/461 284/404/1323 285/405/1324 287/407/1325
f 282/402/267 286/406/1326 285/405/1324 284/404/1323
f 283/403/57 287/407/1327 285/405/1328 286/406/1329
f 288/408/276 291/411/1330 292/412/1331 294/414/1332
f 289/409/80 293/413/1333 292/412/1334 291/411/1335
f 290/410/294 294/415/1336 292/412/1337 293/413/1338
f 295/416/460 298/419/1339 299/420/1340 301/422/1341
f 296/417/392 300/421/1342 299/420/1343 298/419/1344
f 297/418/268 301/422/1341 299/420/1340 300/421/1345
f 302/423/79 305/426/1346 306/427/1347 308/430/1348
f 303/424/309 307/429/1349 306/427/1350 305/426/1351
f 304/425/295 308/430/1352 306/427/1353 307/428/1354
f 309/431/58 312/434/1355 313/435/1356 315/437/1357
f 310/432/270 314/436/1358 313/435/1359 312/434/1360
f 311/433/279 315/437/1361 313/435/1362 314/436/1363
f 316/438/255 319/441/1364 320/442/1365 322/444/1366
f 317/439/84 321/443/1367 320/442/1368 319/441/1369
f 318/440/290 322/445/1370 320/442/1371 321/443/1372
f 323/446/280 326/449/1373 327/450/1374 329/452/1375
f 324/447/269 328/451/1376 327/450/1377 326/449/1378
f 325/448/391 329/452/1379 327/450/1380 328/451/1381
f 330/453/83 333/456/1382 334/457/1383 336/460/1384
f 331/454/301 335/459/1385 334/457/1386 333/456/1387
f 332/455/291 336/460/1388 334/457/1389 335/458/1390
f 337/461/59 340/464/1391 341/465/1392 343/467/1393
f 338/462/282 342/466/1394 341/465/1392 340/464/1391
f 339/463/259 343/467/1393 341/465/1392 342/466/1394
f 344/468/281 347/471/1395 348/472/1396 350/474/1397
f 345/469/390 349/473/1398 348/472/1396 347/471/1395
f 346/470/260 350/474/1397 348/472/1396 349/473/1398
f 351/475/39 354/478/1399 355/479/1400 357/481/1401
f 352/476/88 356/480/1402 355/479/1403 354/478/1404
f 353/477/1405 357/481/1406 355/479/1403 356/480/1402
f 358/482/87 361/485/1407 362/486/1408 364/488/1409
f 359/483/407 363/487/1410 362/486/1411 361/485/1412
f 360/484/1413 364/488/1409 362/486/1408 363/487/1414
f 365/489/181 368/492/1415 369/495/1416 371/498/1417
f 366/490/95 370/496/1418 369/494/1419 368/493/1420
f 367/491/65 371/498/1421 369/495/1422 370/497/1423
f 372/499/180 375/502/1424 376/503/1425 378/507/1426
f 373/500/384 377/505/1427 376/503/1428 375/502/1429
f 374/501/96 378/508/1430 376/504/1431 377/506/1432
f 589/805/90 592/808/1433 593/811/1434 595/814/1435
f 590/806/125 594/812/1436 593/810/1437 592/809/1438
f 591/807/408 595/814/1439 593/811/1440 594/813/1441
f 596/815/89 599/818/1442 600/819/1443 602/823/1444
f 597/816/38 601/821/1445 600/819/1446 599/818/1447
f 598/817/126 602/824/1448 600/820/1449 601/822/1450
f 603/825/127 606/829/1451 607/830/1452 609/836/1453
f 604/826/37 608/833/1454 607/831/1452 606/828/1451
f 605/827/200 609/835/1453 607/832/1452 608/834/1454
f 610/837/201 613/841/1455 614/842/1456 616/848/1457
f 611/838/36 615/846/1458 614/843/1459 613/840/1460
f 612/839/185 616/847/1461 614/844/1462 615/845/1463
f 617/849/128 620/853/1464 621/854/1465 623/859/1466
f 618/850/199 622/857/1467 621/855/1465 620/852/1464
f 619/851/409 623/860/1466 621/856/1465 622/858/1467
f 624/861/202 627/865/1468 628/866/1469 630/871/1470
f 625/862/186 629/870/1471 628/867/1472 627/864/1473
f 626/863/410 630/872/1474 628/868/1475 629/869/1476
f 631/873/64 634/876/1477 635/879/1478 637/882/1479
f 632/874/205 636/880/1480 635/878/1481 634/877/1482
f 633/875/182 637/882/1483 635/879/1484 636/881/1485
f 638/883/60 641/886/1486 642/887/1487 644/892/1488
f 639/884/258 643/889/1489 642/887/1490 641/886/1491
f 640/885/207 644/891/1492 642/888/1493 643/890/1494
f 645/893/204 648/896/1495 649/898/1496 651/901/1497
f 646/894/385 650/900/1498 649/899/1499 648/897/1500
f 647/895/179 651/902/1501 649/899/1502 650/900/1503
f 652/903/261 655/906/1504 656/907/1505 658/911/1506
f 653/904/389 657/909/1507 656/907/1508 655/906/1509
f 654/905/208 658/912/1510 656/908/1511 657/910/1512
f 659/913/206 662/917/1513 663/918/1514 665/924/1515
f 660/914/63 664/921/1516 663/919/1514 662/916/1513
f 661/915/240 665/923/1515 663/920/1514 664/922/1516
f 666/925/210 669/928/1517 670/929/1518 672/934/1519
f 667/926/243 671/932/1520 670/930/1518 669/928/1517
f 668/927/61 672/935/1519 670/931/1518 671/933/1520
f 673/936/246 676/939/1521 677/940/1522 679/945/1523
f 674/937/241 678/944/1524 677/941/1522 676/939/1521
f 675/938/62 679/946/1523 677/942/1522 678/943/1524
f 680/947/203 683/951/1525 684/952/1526 686/957/1527
f 681/948/239 685/955/1528 684/953/1526 683/950/1525
f 682/949/386 686/958/1527 684/954/1526 685/956/1528
f 687/959/209 690/963/1529 691/964/1530 693/969/1531
f 688/960/388 692/967/1532 691/965/1530 690/962/1529
f 689/961/244 693/969/1531 691/966/1530 692/968/1532
f 694/970/245 697/974/1533 698/975/1534 700/980/1535
f 695/971/387 699/979/1536 698/976/1534 697/973/1533
f 696/972/242 700/980/1535 698/977/1534 699/978/1536
f 701/981/86 704/984/1537 705/986/1538 707/991/1539
f 702/982/375 706/989/1540 705/987/1538 704/985/1537
f 703/983/302 707/991/1539 705/988/1538 706/990/1540
f 708/992/376 711/996/1541 712/997/1542 714/1002/1543
f 709/993/85 713/1000/1544 712/998/1542 711/995/1541
f 710/994/254 714/1001/1543 712/999/1542 713/1000/1544
f 715/1003/263 718/1006/1545 719/1008/1546 721/1013/1547
f 716/1004/377 720/1012/1548 719/1009/1546 718/1007/1545
f 717/1005/257 721/1014/1547 719/1010/1546 720/1011/1548
f 728/1025/303 731/1029/1549 732/1030/1550 734/1035/1551
f 729/1026/374 733/1034/1552 732/1031/1550 731/1028/1549
f 730/1027/266 734/1036/1551 732/1032/1550 733/1033/1552
f 735/1037/310 738/1040/1553 739/1041/1554 741/1047/1555
f 736/1038/82 740/1044/1556 739/1042/1554 738/1040/1553
f 737/1039/435 741/1046/1555 739/1043/1554 740/1045/1556
f 745/1053/284 748/1057/1557 749/1058/1558 751/1063/1559
f 746/1054/371 750/1061/1560 749/1059/1558 748/1056/1557
f 747/1055/278 751/1064/1559 749/1060/1558 750/1062/1560
f 755/1070/287 758/1074/1561 759/1075/1562 761/1080/1563
f 756/1071/311 760/1079/1564 759/1076/1562 758/1073/1561
f 757/1072/434 761/1081/1563 759/1077/1562 760/1078/1564
f 762/1082/436 765/1086/1565 766/1087/1566 768/1091/1567
f 763/1083/81 767/1090/1568 766/1088/1566 765/1085/1565
f 764/1084/275 768/1092/1567 766/1089/1566 767/1090/1568
f 769/1093/341 772/1096/1569 773/1098/1570 775/1102/1571
f 770/1094/456 774/1100/1572 773/1099/1573 772/1097/1574
f 771/1095/397 775/1101/1575 773/1099/1576 774/1100/1577
f 776/1103/1578 779/1107/1579 780/1108/1580 782/1113/1581
f 777/1104/1582 781/1111/1583 780/1109/1580 779/1106/1579
f 778/1105/457 782/1114/1581 780/1110/1580 781/1112/1583
f 783/1115/1584 786/1118/1585 787/1119/1586 789/1124/1587
f 784/1116/1588 788/1122/1589 787/1120/1586 786/1118/1585
f 785/1117/458 789/1125/1587 787/1121/1586 788/1123/1589
f 790/1126/124 793/1129/1590 794/1131/1591 796/1134/1592
f 791/1127/393 795/1133/1593 794/1132/1594 793/1130/1595
f 792/1128/459 796/1135/1596 794/1132/1597 795/1133/1598
f 797/1136/307 800/1139/1599 801/1141/1600 803/1146/1601
f 798/1137/395 802/1144/1602 801/1142/1600 800/1140/1599
f 799/1138/299 803/1147/1601 801/1143/1600 802/1145/1602
f 804/1148/396 807/1152/1603 808/1153/1604 810/1158/1605
f 805/1149/306 809/1157/1606 808/1154/1604 807/1151/1603
f 806/1150/338 810/1159/1605 808/1155/1604 809/1156/1606
f 811/1160/394 814/1164/1607 815/1165/1608 817/1169/1609
f 812/1161/123 816/1168/1610 815/1166/1608 814/1163/1607
f 813/1162/296 817/1170/1609 815/1167/1608 816/1168/1610
f 818/1171/452 821/1174/1611 822/1175/1612 824/1180/1613
f 819/1172/401 823/1177/1614 822/1175/1615 821/1174/1616
f 820/1173/361 824/1179/1617 822/1176/1618 823/1178/1619
f 825/1181/398 828/1184/1620 829/1185/1621 831/1190/1622
f 826/1182/455 830/1187/1623 829/1185/1624 828/1184/1625
f 827/1183/348 831/1189/1626 829/1186/1627 830/1188/1628
f 832/1191/360 835/1195/1629 836/1196/1630 838/1201/1631
f 833/1192/312 837/1199/1632 836/1197/1630 835/1194/1629
f 834/1193/453 838/1202/1631 836/1198/1630 837/1200/1632
f 839/1203/349 842/1207/1633 843/1208/1634 845/1213/1635
f 840/1204/454 844/1212/1636 843/1209/1634 842/1206/1633
f 841/1205/315 845/1214/1635 843/1210/1634 844/1211/1636
f 846/1215/324 849/1219/1637 850/1220/1638 852/1226/1639
f 847/1216/358 851/1224/1640 850/1221/1638 849/1218/1637
f 848/1217/400 852/1225/1639 850/1222/1638 851/1223/1640
f 853/1227/399 856/1231/1641 857/1232/1642 859/1237/1643
f 854/1228/347 858/1236/1644 857/1233/1642 856/1230/1641
f 855/1229/321 859/1238/1643 857/1234/1642 858/1235/1644
f 860/1239/251 863/1242/1645 864/1245/1646 866/1248/1647
f 861/1240/273 865/1246/1648 864/1244/1649 863/1243/1650
f 862/1241/476 866/1248/1651 864/1245/1652 865/1247/1653
f 867/1249/451 870/1252/1654 871/1255/1655 873/1258/1656
f 868/1250/337 872/1256/1657 871/1254/1658 870/1253/1659
f 869/1251/402 873/1258/1660 871/1255/1661 872/1257/1662
f 874/1259/1663 877/1263/1664 878/1264/1665 880/1270/1666
f 875/1260/1667 879/1268/1668 878/1265/1665 877/1262/1664
f 876/1261/450 880/1269/1666 878/1266/1665 879/1267/1668
f 881/1271/1669 884/1275/1670 885/1276/1671 887/1281/1672
f 882/1272/477 886/1280/1673 885/1277/1671 884/1274/1670
f 883/1273/1674 887/1281/1672 885/1278/1671 886/1279/1673
f 888/1282/333 891/1285/1675 892/1286/1676 894/1292/1677
f 889/1283/274 893/1290/1678 892/1287/1676 891/1285/1675
f 890/1284/250 894/1291/1677 892/1288/1676 893/1289/1678
f 895/1293/249 898/1296/1679 899/1298/1680 901/1303/1681
f 896/1294/1682 900/1302/1683 899/1299/1680 898/1297/1679
f 897/1295/330 901/1304/1681 899/1300/1680 900/1301/1683
f 902/1305/1684 905/1309/1685 906/1310/1686 908/1315/1687
f 903/1306/403 907/1314/1688 906/1311/1686 905/1308/1685
f 904/1307/336 908/1316/1687 906/1312/1686 907/1313/1688
f 912/1322/317 915/1326/1689 916/1327/1690 918/1332/1691
f 913/1323/405 917/1330/1692 916/1328/1690 915/1325/1689
f 914/1324/439 918/1332/1691 916/1329/1690 917/1331/1692
f 919/1333/356 922/1337/1693 923/1338/1694 925/1344/1695
f 920/1334/1696 924/1341/1697 923/1339/1694 922/1336/1693
f 921/1335/248 925/1343/1695 923/1340/1694 924/1342/1697
f 926/1345/440 929/1349/1698 930/1350/1699 932/1355/1700
f 927/1346/404 931/1354/1701 930/1351/1699 929/1348/1698
f 928/1347/1702 932/1356/1700 930/1352/1699 931/1353/1701
f 933/1357/357 936/1361/1703 937/1362/1704 939/1367/1705
f 934/1358/247 938/1366/1706 937/1363/1704 936/1360/1703
f 935/1359/320 939/1367/1705 937/1364/1704 938/1365/1706
f 940/1368/350 943/1371/1707 944/1373/1708 946/1378/1709
f 941/1369/74 945/1376/1710 944/1374/1708 943/1372/1707
f 942/1370/444 946/1378/1709 944/1375/1708 945/1377/1710
f 947/1379/506 950/1382/1711 951/1384/1712 953/1389/1713
f 948/1380/75 952/1388/1714 951/1385/1712 950/1383/1711
f 949/1381/353 953/1389/1713 951/1386/1712 952/1387/1714
f 954/1390/73 957/1393/1715 958/1395/1716 960/1400/1717
f 955/1391/449 959/1399/1718 958/1396/1716 957/1394/1715
f 956/1392/441 960/1401/1717 958/1397/1716 959/1398/1718
f 967/1412/505 970/1416/1719 971/1417/1720 973/1422/1721
f 968/1413/446 972/1421/1722 971/1418/1720 970/1415/1719
f 969/1414/1 973/1423/1721 971/1419/1720 972/1420/1722
f 974/1424/9 977/1427/1723 978/1429/1724 980/1435/1725
f 975/1425/494 979/1433/1726 978/1430/1724 977/1428/1723
f 976/1426/486 980/1434/1725 978/1431/1724 979/1432/1726
f 987/1446/111 990/1449/1727 991/1450/1728 993/1456/1729
f 988/1447/542 992/1453/1730 991/1451/1728 990/1449/1727
f 989/1448/11 993/1455/1729 991/1452/1728 992/1454/1730
f 994/1457/541 997/1461/1731 998/1462/1732 1000/1467/1733
f 995/1458/491 999/1466/1734 998/1463/1732 997/1460/1731
f 996/1459/12 1000/1468/1733 998/1464/1732 999/1465/1734
f 1001/1469/10 1004/1473/1735 1005/1474/1736 1007/1478/1737
f 1002/1470/489 1006/1477/1738 1005/1475/1736 1004/1472/1735
f 1003/1471/112 1007/1479/1737 1005/1476/1736 1006/1477/1738
f 1008/1480/1739 1011/1483/1740 1012/1485/1741 1014/1490/1742
f 1009/1481/464 1013/1488/1743 1012/1486/1741 1011/1484/1740
f 1010/1482/1744 1014/1491/1742 1012/1487/1741 1013/1489/1743
f 1015/1492/465 1018/1496/1745 1019/1498/1746 1021/1501/1747
f 1016/1493/478 1020/1499/1748 1019/1497/1749 1018/1495/1750
f 1017/1494/52 1021/1501/1751 1019/1498/1752 1020/1500/1753
f 1022/1502/56 1025/1505/1754 1026/1508/1755 1028/1511/1756
f 1023/1503/120 1027/1509/1757 1026/1507/1758 1025/1506/1759
f 1024/1504/462 1028/1511/1760 1026/1508/1761 1027/1510/1762
f 1029/1512/1763 1032/1515/1764 1033/1516/1765 1035/1521/1766
f 1030/1513/1767 1034/1520/1768 1033/1517/1765 1032/1515/1764
f 1031/1514/463 1035/1522/1766 1033/1518/1765 1034/1519/1768
f 1036/1523/507 1039/1526/1769 1040/1528/1770 1042/1533/1771
f 1037/1524/54 1041/1531/1772 1040/1529/1770 1039/1527/1769
f 1038/1525/514 1042/1534/1771 1040/1530/1770 1041/1532/1772
f 1043/1535/511 1046/1539/1773 1047/1540/1774 1049/1545/1775
f 1044/1536/53 1048/1544/1776 1047/1541/1774 1046/1538/1773
f 1045/1537/481 1049/1546/1775 1047/1542/1774 1048/1543/1776
f 1050/1547/117 1053/1551/1777 1054/1552/1778 1056/1557/1779
f 1051/1548/55 1055/1556/1780 1054/1553/1778 1053/1550/1777
f 1052/1549/510 1056/1557/1779 1054/1554/1778 1055/1555/1780
f 1057/1558/469 1060/1561/1781 1061/1564/1782 1063/1567/1783
f 1058/1559/554 1062/1565/1784 1061/1563/1785 1060/1562/1786
f 1059/1560/48 1063/1567/1787 1061/1564/1788 1062/1566/1789
f 1064/1568/466 1067/1571/1790 1068/1572/1791 1070/1577/1792
f 1065/1569/51 1069/1574/1793 1068/1572/1794 1067/1571/1795
f 1066/1570/522 1070/1576/1796 1068/1573/1797 1069/1575/1798
f 1071/1578/468 1074/1581/1799 1075/1583/1800 1077/1588/1801
f 1072/1579/538 1076/1587/1802 1075/1584/1800 1074/1582/1799
f 1073/1580/551 1077/1589/1801 1075/1585/1800 1076/1586/1802
f 1078/1590/535 1081/1594/1803 1082/1595/1804 1084/1600/1805
f 1079/1591/467 1083/1599/1806 1082/1596/1804 1081/1593/1803
f 1080/1592/521 1084/1601/1805 1082/1597/1804 1083/1598/1806
f 1085/1602/553 1088/1606/1807 1089/1607/1808 1091/1612/1809
f 1086/1603/523 1090/1610/1810 1089/1608/1808 1088/1605/1807
f 1087/1604/49 1091/1613/1809 1089/1609/1808 1090/1611/1810
f 1092/1614/519 1095/1618/1811 1096/1619/1812 1098/1624/1813
f 1093/1615/50 1097/1623/1814 1096/1620/1812 1095/1617/1811
f 1094/1616/526 1098/1625/1813 1096/1621/1812 1097/1622/1814
f 1099/1626/76 1102/1629/1815 1103/1630/1816 1105/1635/1817
f 1100/1627/473 1104/1632/1818 1103/1630/1819 1102/1629/1820
f 1101/1628/518 1105/1634/1821 1103/1631/1822 1104/1633/1823
f 1106/1636/47 1109/1639/1824 1110/1642/1825 1112/1645/1826
f 1107/1637/545 1111/1643/1827 1110/1641/1828 1109/1640/1829
f 1108/1638/470 1112/1645/1830 1110/1642/1831 1111/1644/1832
f 1113/1646/1833 1116/1650/1834 1117/1651/1835 1119/1656/1836
f 1114/1647/472 1118/1654/1837 1117/1652/1835 1116/1649/1834
f 1115/1648/1838 1119/1656/1836 1117/1653/1835 1118/1655/1837
f 1120/1657/471 1123/1661/1839 1124/1662/1840 1126/1667/1841
f 1121/1658/1842 1125/1666/1843 1124/1663/1840 1123/1660/1839
f 1122/1659/1844 1126/1668/1841 1124/1664/1840 1125/1665/1843
f 1127/1669/527 1130/1672/1845 1131/1674/1846 1133/1679/1847
f 1128/1670/77 1132/1678/1848 1131/1675/1846 1130/1673/1845
f 1129/1671/517 1133/1679/1847 1131/1676/1846 1132/1677/1848
f 1134/1680/546 1137/1684/1849 1138/1685/1850 1140/1690/1851
f 1135/1681/46 1139/1688/1852 1138/1686/1850 1137/1683/1849
f 1136/1682/1853 1140/1691/1851 1138/1687/1850 1139/1689/1852
f 1141/1692/1854 1144/1696/1855 1145/1697/1856 1147/1702/1857
f 1142/1693/45 1146/1701/1858 1145/1698/1856 1144/1695/1855
f 1143/1694/530 1147/1703/1857 1145/1699/1856 1146/1700/1858
f 1148/1704/558 1151/1708/1859 1152/1709/1860 1154/1715/1861
f 1149/1705/1862 1153/1712/1863 1152/1710/1860 1151/1707/1859
f 1150/1706/43 1154/1714/1861 1152/1711/1860 1153/1713/1863
f 1155/1716/533 1158/1719/1864 1159/1720/1865 1161/1726/1866
f 1156/1717/555 1160/1724/1867 1159/1721/1865 1158/1719/1864
f 1157/1718/42 1161/1725/1866 1159/1722/1865 1160/1723/1867
f 1162/1727/564 1165/1730/1868 1166/1732/1869 1168/1737/1870
f 1163/1728/44 1167/1736/1871 1166/1733/1869 1165/1731/1868
f 1164/1729/1872 1168/1738/1870 1166/1734/1869 1167/1735/1871
f 1169/1739/78 1172/1743/1873 1173/1744/1874 1175/1748/1875
f 1170/1740/567 1174/1747/1876 1173/1745/1874 1172/1742/1873
f 1171/1741/534 1175/1749/1875 1173/1746/1874 1174/1747/1876
f 31/46/525 43/68/524 49/78/1024 35/54/1010
f 35/55/1006 49/79/1028 45/70/537 29/44/536
f 1/1/971 106/164/1103 112/170/1106 4/4/972
f 4/4/972 112/170/1106 108/166/98 2/2/97
f 2/2/97 127/191/100 133/197/1131 6/6/975
f 6/6/975 133/197/1133 129/193/41 3/3/40
f 30/45/520 1092/1614/519 1098/1624/2137 34/52/1007
f 34/53/1012 1098/1625/2138 1094/1616/526 31/46/525
f 199/287/319 211/304/318 217/311/1237 203/292/1223
f 203/292/1219 217/311/1241 213/306/482 197/285/485
f 227/325/293 247/354/292 249/356/1285 231/333/1259
f 231/333/1255 249/356/1280 246/353/286 225/323/285
f 255/366/289 275/391/288 277/393/1319 259/374/1295
f 259/374/1291 277/393/1314 274/390/265 253/364/264
f 226/324/277 288/408/276 294/414/1332 230/331/1256
f 230/332/1261 294/415/1336 290/410/294 227/325/293
f 281/401/461 295/416/460 301/422/1341 284/404/1323
f 284/404/1323 301/422/1341 297/418/268 282/402/267
f 282/402/267 310/432/270 312/434/1360 286/406/1326
f 286/406/1329 312/434/1355 309/431/58 283/403/57
f 254/365/256 316/438/255 322/444/1366 258/372/1292
f 258/373/1297 322/445/1370 318/440/290 255/366/289
f 310/432/270 324/447/269 326/449/1378 314/436/1358
f 314/436/1363 326/449/1373 323/446/280 311/433/279
f 311/433/279 338/462/282 340/464/1391 315/437/1361
f 315/437/1357 340/464/1391 337/461/59 309/431/58
f 338/462/282 344/468/281 350/474/1397 342/466/1394
f 342/466/1394 350/474/1397 346/470/260 339/463/259
f 3/3/40 351/475/39 357/481/1401 7/7/976
f 7/7/974 357/481/1406 353/477/1405 1/1/971
f 365/489/181 372/499/180 378/507/1426 368/492/1415
f 368/493/1420 378/508/1430 374/501/96 366/490/95
f 366/490/95 379/509/93 381/511/2139 370/496/1418
f 370/497/1423 381/512/2140 380/510/66 367/491/65
f 386/518/29 388/521/28 390/523/2141 387/520/2142
f 387/519/2143 390/524/2144 389/522/176 385/517/175
f 398/534/132 401/538/197 402/540/2145 399/536/2146
f 399/535/2147 402/541/2148 400/537/25 397/533/24
f 397/533/24 403/543/23 405/545/2149 399/535/2147
f 399/536/2146 405/546/2150 404/544/133 398/534/132
f 410/552/140 413/556/138 414/558/2151 411/554/2152
f 411/553/2153 414/557/2154 412/555/21 409/551/20
f 409/551/20 424/571/19 426/574/2155 411/553/2153
f 411/554/2152 426/573/2156 425/572/142 410/552/140
f 434/584/168 436/587/173 438/589/2157 435/586/2158
f 435/585/2159 438/591/2160 437/588/72 433/583/71
f 433/583/71 439/592/70 441/595/2161 435/585/2159
f 435/586/2158 441/594/2162 440/593/169 434/584/168
f 445/600/34 451/608/33 453/611/2163 447/602/2164
f 447/603/2165 453/610/2166 452/609/183 446/601/102
f 385/517/175 454/612/191 456/614/2167 387/519/2143
f 387/520/2142 456/615/2168 455/613/30 386/518/29
f 470/634/114 472/638/158 474/640/2169 471/635/2170
f 471/636/2171 474/642/2172 473/639/14 469/633/13
f 974/1424/9 981/1436/8 983/1439/2173 977/1427/1723
f 977/1428/1723 983/1438/2174 982/1437/490 975/1425/494
f 469/633/13 478/648/7 480/652/2175 471/636/2171
f 471/637/2170 480/650/2176 479/649/115 470/634/114
f 518/702/198 523/711/135 525/714/2177 519/704/2178
f 519/705/2179 525/713/2180 524/712/422 517/701/421
f 517/701/421 526/715/420 528/718/2181 519/705/2179
f 519/706/2178 528/717/2182 527/716/196 518/703/198
f 530/720/137 533/724/139 534/725/2183 531/721/2184
f 531/722/2185 534/726/2186 532/723/425 529/719/424
f 542/737/428 547/745/427 549/748/2187 543/739/2188
f 543/738/2189 549/747/2190 548/746/143 541/736/144
f 554/755/149 569/778/151 570/780/2191 555/757/2192
f 555/756/2193 570/779/2194 568/777/431 553/754/430
f 541/736/144 574/785/147 576/788/2195 543/738/2189
f 543/739/2188 576/787/2196 575/786/429 542/737/428
f 578/790/152 580/793/155 582/796/2197 579/792/2198
f 579/791/2199 582/795/2200 581/794/381 577/789/380
f 577/789/380 583/797/379 585/799/2201 579/791/2199
f 579/792/2198 585/800/2202 584/798/170 578/790/152
f 589/805/90 596/815/89 602/823/1444 592/808/1433
f 592/809/1438 602/824/1448 598/817/126 590/806/125
f 590/806/125 617/849/128 623/859/1466 594/812/1436
f 594/813/1441 623/860/1466 619/851/409 591/807/408
f 618/850/199 624/861/202 630/871/1470 622/857/1467
f 622/858/1467 630/872/1474 626/863/410 619/851/409
f 367/491/65 631/873/64 637/882/1479 371/498/1421
f 371/498/1417 637/882/1483 633/875/182 365/489/181
f 339/463/259 639/884/258 641/886/1491 343/467/1393
f 343/467/1393 641/886/1486 638/883/60 337/461/59
f 645/893/204 680/947/203 686/957/1527 648/896/1495
f 648/897/1500 686/958/1527 682/949/386 646/894/385
f 673/936/246 694/970/245 700/980/2203 676/939/2203
f 676/939/2204 700/980/2204 696/972/242 674/937/241
f 701/981/86 709/993/85 711/995/1541 704/984/1537
f 704/985/1537 711/996/1541 708/992/376 702/982/375
f 253/364/264 715/1003/263 721/1013/2205 256/367/1289
f 256/368/1294 721/1014/2206 717/1005/257 254/365/256
f 198/286/354 933/1357/357 939/1367/2207 202/291/1220
f 202/291/1225 939/1367/2208 935/1359/320 199/287/319
f 702/982/375 729/1026/374 731/1028/1549 706/989/1540
f 706/990/1540 731/1029/1549 728/1025/303 703/983/302
f 225/323/285 745/1053/284 751/1063/2209 228/326/1253
f 228/327/1258 751/1064/2210 747/1055/278 226/324/277
f 746/1054/371 762/1082/436 768/1091/1567 750/1061/1560
f 750/1062/1560 768/1092/1567 764/1084/275 747/1055/278
f 769/1093/341 776/1103/340 782/1113/2211 772/1096/1569
f 772/1097/1574 782/1114/1581 778/1105/457 770/1094/456
f 797/1136/307 805/1149/306 807/1151/1603 800/1139/1599
f 800/1140/1599 807/1152/1603 804/1148/396 798/1137/395
f 798/1137/395 811/1160/394 817/1169/1609 802/1144/1602
f 802/1145/1602 817/1170/1609 813/1162/296 799/1138/299
f 770/1094/456 826/1182/455 828/1184/1625 774/1100/1572
f 774/1100/1577 828/1184/1620 825/1181/398 771/1095/397
f 826/1182/455 840/1204/454 842/1206/1633 830/1187/1623
f 830/1188/1628 842/1207/1633 839/1203/349 827/1183/348
f 827/1183/348 854/1228/347 856/1230/1641 831/1189/1626
f 831/1190/1622 856/1231/1641 853/1227/399 825/1181/398
f 539/732/160 571/781/373 573/784/2212 540/735/2213
f 540/733/2214 573/783/2215 572/782/166 538/731/171
f 910/1318/253 913/1323/405 915/1325/1689 911/1321/2216
f 911/1319/2217 915/1326/1689 912/1322/317 909/1317/316
f 909/1317/316 935/1359/320 938/1365/1706 911/1320/2217
f 911/1321/2216 938/1366/1706 934/1358/247 910/1318/253
f 171/246/503 947/1379/506 953/1389/2218 175/251/1187
f 175/251/1183 953/1389/2219 949/1381/353 169/244/352
f 962/1403/2 965/1408/2 966/1410/2220 963/1405/2221
f 963/1404/2222 966/1409/2222 964/1407/445 961/1402/445
f 143/208/539 988/1447/542 990/1449/2223 147/213/1151
f 147/213/1147 990/1449/2224 987/1446/111 141/206/110
f 1157/1718/42 1169/1739/78 1175/1748/1875 1161/1725/1866
f 1161/1726/1866 1175/1749/1875 1171/1741/534 1155/1716/533
f 283/403/57 1022/1502/56 1028/1511/1756 287/407/1327
f 287/407/1325 1028/1511/1760 1024/1504/462 281/401/461
f 113/171/560 1030/1513/559 1032/1515/2225 116/174/1111
f 116/174/1116 1032/1515/2226 1029/1512/119 114/172/118
f 114/172/118 1050/1547/117 1056/1557/2227 118/176/1114
f 118/176/1119 1056/1557/2228 1052/1549/510 115/173/509
f 1057/1558/469 1071/1578/468 1077/1588/1801 1060/1561/1781
f 1060/1562/1786 1077/1589/1801 1073/1580/551 1058/1559/554
f 29/44/536 1078/1590/535 1084/1600/2229 32/47/1004
f 32/48/1009 1084/1601/2230 1080/1592/521 30/45/520
f 1058/1559/554 1085/1602/553 1091/1612/1809 1062/1565/1784
f 1062/1566/1789 1091/1613/1809 1087/1604/49 1059/1560/48
f 1086/1603/523 1094/1616/526 1097/1622/1814 1090/1610/1810
f 1090/1611/1810 1097/1623/1814 1093/1615/50 1087/1604/49
f 1059/1560/48 1106/1636/47 1112/1645/1826 1063/1567/1787
f 1063/1567/1783 1112/1645/1830 1108/1638/470 1057/1558/469
f 87/134/516 1113/1646/515 1119/1656/2231 91/139/1082
f 91/139/1078 1119/1656/2232 1115/1648/573 85/132/572
f 1114/1647/472 1120/1657/471 1126/1667/1841 1118/1654/2233
f 1118/1655/2234 1126/1668/2234 1122/1659/574 1115/1648/573
f 86/133/528 1127/1669/527 1133/1679/2235 90/138/1079
f 90/138/1084 1133/1679/2236 1129/1671/517 87/134/516
f 59/90/556 1156/1717/555 1158/1719/2237 63/95/1046
f 63/95/1042 1158/1719/2238 1155/1716/533 57/88/532
f 725/1020/262 730/1027/266 733/1033/1552 727/1022/2239
f 727/1024/2240 733/1034/1552 729/1026/374 726/1021/162
f 8/8/570 15/20/569 21/30/988 11/11/977
f 11/12/982 21/31/992 17/22/107 9/9/106
f 9/9/106 51/81/105 53/83/1036 13/16/980
f 13/17/985 53/84/1031 50/80/566 10/10/565
f 64/96/513 78/120/512 84/130/1069 67/99/1049
f 67/100/1054 84/131/1073 80/122/562 65/97/561
f 38/58/529 86/133/528 88/135/1081 42/66/1019
f 42/67/1015 88/136/1076 85/132/572 36/56/576
f 65/97/561 113/171/560 119/177/1113 69/104/1052
f 69/105/1057 119/178/1117 115/173/509 66/98/508
f 94/142/540 143/208/539 146/211/1153 98/150/1091
f 98/151/1087 146/212/1148 142/207/500 92/140/499
f 93/141/492 995/1458/491 997/1460/2241 97/148/1088
f 97/149/1093 997/1461/2242 994/1457/541 94/142/540
f 150/216/484 163/234/483 165/236/1177 154/224/1160
f 154/224/1156 165/236/1172 162/233/364 148/214/363
f 122/181/504 171/246/503 174/249/1189 126/189/1126
f 126/190/1122 174/250/1184 170/245/496 120/179/495
f 178/254/370 184/264/369 186/266/1204 182/262/1196
f 182/262/1192 186/266/1199 183/263/344 176/252/343
f 149/215/355 198/286/354 200/288/1222 153/222/1157
f 153/223/1162 200/289/1217 197/285/485 150/216/484
f 289/409/80 302/423/79 308/430/1348 293/413/1333
f 293/413/1338 308/430/1352 304/425/295 290/410/294
f 10/10/565 1162/1727/564 1168/1737/1870 14/18/983
f 14/19/979 1168/1738/2243 1164/1729/571 8/8/570
f 317/439/84 330/453/83 336/460/1384 321/443/1367
f 321/443/1372 336/460/1388 332/455/291 318/440/290
f 388/521/28 391/525/27 393/527/2244 390/523/2141
f 390/524/2144 393/528/2245 392/526/193 389/522/176
f 449/605/187 452/609/183 453/610/2166 450/607/2246
f 450/606/2247 453/611/2163 451/608/33 448/604/32
f 448/604/32 457/616/31 459/619/2248 450/606/2247
f 450/607/2246 459/618/2249 458/617/189 449/605/187
f 436/587/173 460/620/172 462/622/2250 438/590/2157
f 438/591/2160 462/624/2251 461/621/3 437/588/72
f 460/620/172 466/629/165 468/632/2252 462/623/2250
f 462/624/2251 468/631/2253 467/630/4 461/621/3
f 232/334/368 881/1271/367 887/1281/2254 235/337/1262
f 235/337/1267 887/1281/2255 883/1273/272 233/335/271
f 472/638/158 482/654/150 483/656/2256 474/641/2169
f 474/642/2172 483/655/2257 481/653/15 473/639/14
f 373/500/384 484/657/383 486/659/2258 377/505/1427
f 377/506/1432 486/660/2259 485/658/94 374/501/96
f 484/657/383 487/661/382 489/663/2260 486/659/2258
f 486/660/2259 489/664/2261 488/662/91 485/658/94
f 233/335/271 889/1283/274 891/1285/2236 237/339/1265
f 237/339/1270 891/1285/2235 888/1282/333 234/336/332
f 497/674/190 503/682/192 504/683/2262 498/676/2263
f 498/675/2264 504/684/2265 502/681/416 496/673/415
f 981/1436/8 985/1442/8 986/1444/2173 983/1439/2173
f 983/1440/2174 986/1443/2174 984/1441/490 982/1437/490
f 521/708/423 524/712/422 525/713/2180 522/710/2266
f 522/709/2267 525/714/2177 523/711/135 520/707/134
f 66/98/508 1036/1523/507 1042/1533/2268 70/106/1055
f 70/107/1051 1042/1534/2269 1038/1525/514 64/96/513
f 520/707/134 530/720/137 531/721/2184 522/709/2267
f 522/710/2266 531/722/2185 529/719/424 521/708/423
f 533/724/139 536/728/141 537/729/2270 534/725/2183
f 534/726/2186 537/730/2271 535/727/426 532/723/425
f 557/759/113 559/763/116 561/765/2272 558/760/2273
f 558/761/2274 561/767/2275 560/764/129 556/758/433
f 556/758/433 562/768/432 564/770/2276 558/761/2274
f 558/762/2273 564/771/2277 563/769/159 557/759/113
f 545/741/174 587/802/167 588/804/2278 546/742/2279
f 546/744/2280 588/803/2281 586/801/378 544/740/161
f 597/816/38 604/826/37 606/828/1451 601/821/1445
f 601/822/1450 606/829/1451 603/825/127 598/817/126
f 372/499/180 647/895/179 650/900/1503 375/502/1424
f 375/502/1429 650/900/1498 646/894/385 373/500/384
f 345/469/390 653/904/389 655/906/1509 349/473/1398
f 349/473/1398 655/906/1504 652/903/261 346/470/260
f 653/904/389 688/960/388 690/962/1529 657/909/1507
f 657/910/1512 690/963/1529 687/959/209 654/905/208
f 681/948/239 696/972/242 699/978/1536 685/955/1528
f 685/956/1528 699/979/1536 695/971/387 682/949/386
f 316/438/255 710/994/254 713/1000/2282 319/441/1364
f 319/441/1369 713/1000/2283 709/993/85 317/439/84
f 710/994/254 717/1005/257 720/1011/1548 714/1001/1543
f 714/1002/1543 720/1012/1548 716/1004/377 708/992/376
f 121/180/447 968/1413/446 970/1415/2284 125/187/1123
f 125/188/1128 970/1416/2285 967/1412/505 122/181/504
f 752/1065/283 755/1070/287 761/1080/1563 754/1067/2286
f 754/1069/2287 761/1081/1563 757/1072/434 753/1066/131
f 288/408/276 764/1084/275 767/1090/2288 291/411/1330
f 291/411/1335 767/1090/2289 763/1083/81 289/409/80
f 777/1104/325 783/1115/329 789/1124/2290 781/1111/2290
f 781/1112/1583 789/1125/2291 785/1117/458 778/1105/457
f 204/293/313 833/1192/312 835/1194/2292 207/296/1226
f 207/297/1231 835/1195/2293 832/1191/360 205/294/359
f 833/1192/312 841/1205/315 844/1211/1636 837/1199/1632
f 837/1200/1632 844/1212/1636 840/1204/454 834/1193/453
f 205/294/359 847/1216/358 849/1218/2294 209/301/1229
f 209/302/1234 849/1219/2295 846/1215/324 206/295/323
f 262/377/252 860/1239/251 866/1248/1647 266/381/1302
f 266/381/1300 866/1248/1651 862/1241/476 260/375/475
f 177/253/335 875/1260/334 877/1262/2296 181/260/1193
f 181/261/1198 877/1263/2297 874/1259/366 178/254/370
f 861/1240/273 883/1273/272 886/1279/2298 865/1246/1648
f 865/1247/1653 886/1280/1673 882/1272/477 862/1241/476
f 860/1239/251 890/1284/250 893/1289/1678 863/1242/1645
f 863/1243/1650 893/1290/1678 889/1283/274 861/1240/273
f 890/1284/250 895/1293/249 901/1303/1681 894/1291/1677
f 894/1292/1677 901/1304/1681 897/1295/330 888/1282/333
f 176/252/343 902/1305/342 908/1315/2299 179/255/1190
f 179/256/1195 908/1316/1687 904/1307/336 177/253/335
f 148/214/363 920/1334/362 922/1336/2300 151/217/1154
f 151/218/1159 922/1337/1693 919/1333/356 149/215/355
f 913/1323/405 927/1346/404 929/1348/1698 917/1330/1692
f 917/1331/1692 929/1349/1698 926/1345/440 914/1324/439
f 940/1368/350 949/1381/353 952/1387/1714 943/1371/1707
f 943/1372/1707 952/1388/1714 948/1380/75 941/1369/74
f 941/1369/74 954/1390/73 960/1400/1717 945/1376/1710
f 945/1377/1710 960/1401/1717 956/1392/441 942/1370/444
f 965/1408/2 969/1414/1 972/1420/1722 966/1410/2220
f 966/1411/2222 972/1421/1722 968/1413/446 964/1407/445
f 985/1442/8 996/1459/12 999/1465/1734 986/1444/2173
f 986/1445/2174 999/1466/1734 995/1458/491 984/1441/490
f 1008/1480/479 1016/1493/478 1018/1495/1750 1011/1483/2301
f 1011/1484/1740 1018/1496/1745 1015/1492/465 1009/1481/464
f 1009/1481/464 1031/1514/463 1034/1519/2233 1013/1488/1743
f 1013/1489/2234 1034/1520/2234 1030/1513/559 1010/1482/563
f 496/673/415 499/677/414 501/679/2302 498/675/2264
f 498/676/2263 501/680/2303 500/678/188 497/674/190
f 1037/1524/54 1044/1536/53 1046/1538/1773 1041/1531/1772
f 1041/1532/1772 1046/1539/1773 1043/1535/511 1038/1525/514
f 1036/1523/507 1052/1549/510 1055/1555/1780 1039/1526/1769
f 1039/1527/1769 1055/1556/1780 1051/1548/55 1037/1524/54
f 1066/1570/522 1080/1592/521 1083/1598/1806 1070/1576/1796
f 1070/1577/1792 1083/1599/1806 1079/1591/467 1064/1568/466
f 1065/1569/51 1093/1615/50 1095/1617/1811 1069/1574/1793
f 1069/1575/1798 1095/1618/1811 1092/1614/519 1066/1570/522
f 37/57/548 1141/1692/547 1147/1702/2304 41/64/1016
f 41/65/1021 1147/1703/1857 1143/1694/530 38/58/529
f 1150/1706/43 1157/1718/42 1160/1723/1867 1154/1714/1861
f 1154/1715/1861 1160/1724/1867 1156/1717/555 1148/1704/558
f 1149/1705/568 1164/1729/571 1167/1735/2305 1153/1712/2306
f 1153/1713/2306 1167/1736/2305 1163/1728/2307 1150/1706/2307
f 553/754/430 575/786/429 576/787/2196 555/756/2193
f 555/757/2192 576/788/2195 574/785/147 554/755/149
f 784/1116/121 790/1126/124 796/1134/1592 788/1122/2308
f 788/1123/1589 796/1135/1596 792/1128/459 785/1117/458
f 509/690/178 514/697/177 516/700/2309 510/691/2310
f 510/692/2311 516/699/2312 515/698/418 508/689/417
f 16/21/557 59/90/556 62/93/1048 20/28/989
f 20/29/994 62/94/1043 58/89/108 17/22/107
f 71/108/493 93/141/492 95/143/1090 74/111/1058
f 74/112/1063 95/144/1085 92/140/499 72/109/502
f 99/152/448 121/180/447 123/182/1125 102/155/1094
f 102/156/1099 123/183/1120 120/179/495 100/153/498
f 72/109/502 135/199/501 137/201/1141 76/116/1061
f 76/117/1066 137/202/1136 134/198/488 73/110/487
f 100/153/498 156/226/497 158/228/1168 104/160/1097
f 104/161/1102 158/229/1163 155/225/443 101/154/442
f 156/226/497 170/245/496 172/247/1186 160/231/1166
f 160/231/1171 172/247/1181 169/244/352 157/227/351
f 184/264/369 232/334/368 238/340/1264 188/270/1202
f 188/271/1207 238/341/1268 234/336/332 185/265/331
f 127/191/100 261/376/99 263/378/1298 130/194/1129
f 130/194/1129 263/378/1298 260/375/475 128/192/474
f 296/417/392 325/448/391 328/451/1381 300/421/1342
f 300/421/1345 328/451/1376 324/447/269 297/418/268
f 325/448/391 345/469/390 347/471/1395 329/452/1379
f 329/452/1375 347/471/1395 344/468/281 323/446/280
f 352/476/88 358/482/87 364/488/1409 356/480/1402
f 356/480/1402 364/488/1409 360/484/1413 353/477/1405
f 379/509/93 382/513/92 384/515/2313 381/511/2139
f 381/512/2140 384/516/2314 383/514/67 380/510/66
f 391/525/27 394/529/26 396/531/2315 393/527/2244
f 393/528/2245 396/532/2316 395/530/195 392/526/193
f 403/543/23 406/547/22 408/549/2317 405/545/2149
f 405/546/2150 408/550/2318 407/548/136 404/544/133
f 416/560/18 421/567/17 423/570/2319 417/562/2320
f 417/561/2321 423/569/2322 422/568/146 415/559/145
f 415/559/145 425/572/142 426/573/2156 417/561/2321
f 417/562/2320 426/574/2155 424/571/19 416/560/18
f 428/576/69 430/579/68 432/582/2323 429/578/2324
f 429/577/2325 432/581/2326 431/580/154 427/575/153
f 427/575/153 440/593/169 441/594/2162 429/577/2325
f 429/578/2324 441/595/2161 439/592/70 428/576/69
f 464/626/5 467/630/4 468/631/2253 465/628/2327
f 465/627/2328 468/632/2252 466/629/165 463/625/163
f 463/625/163 475/643/156 477/645/2329 465/627/2328
f 465/628/2327 477/647/2330 476/644/6 464/626/5
f 475/643/156 479/649/115 480/651/2176 477/646/2329
f 477/647/2330 480/652/2175 478/648/7 476/644/6
f 511/693/419 515/698/418 516/699/2312 513/696/2331
f 513/695/2332 516/700/2309 514/697/177 512/694/194
f 512/694/194 527/716/196 528/717/2182 513/695/2332
f 513/696/2331 528/718/2181 526/715/420 511/693/419
f 536/728/141 548/746/143 549/747/2190 537/729/2270
f 537/730/2271 549/748/2187 547/745/427 535/727/426
f 559/763/116 565/772/157 567/774/2333 561/766/2272
f 561/767/2275 567/775/2334 566/773/130 560/764/129
f 487/661/382 581/794/381 582/795/2200 489/663/2260
f 489/664/2261 582/796/2197 580/793/155 488/662/91
f 583/797/379 586/801/378 588/803/2281 585/799/2201
f 585/800/2202 588/804/2278 587/802/167 584/798/170
f 351/475/39 597/816/38 599/818/1447 354/478/1399
f 354/478/1404 599/818/1442 596/815/89 352/476/88
f 604/826/37 611/838/36 613/840/1460 608/833/1454
f 608/834/1454 613/841/1455 610/837/201 605/827/200
f 605/827/200 618/850/199 620/852/2335 609/835/2335
f 609/836/2336 620/853/2336 617/849/128 603/825/127
f 632/874/205 645/893/204 651/901/1497 636/880/1480
f 636/881/1485 651/902/1501 647/895/179 633/875/182
f 631/873/64 660/914/63 662/916/1513 634/876/1477
f 634/877/1482 662/917/1513 659/913/206 632/874/205
f 660/914/63 675/938/62 678/943/1524 664/921/1516
f 664/922/1516 678/944/1524 674/937/241 661/915/240
f 661/915/240 681/948/239 683/950/2337 665/923/2337
f 665/924/2338 683/951/2338 680/947/203 659/913/206
f 688/960/388 695/971/387 697/973/1533 692/967/1532
f 692/968/1532 697/974/1533 694/970/245 689/961/244
f 715/1003/263 722/1015/262 724/1017/2239 718/1006/1545
f 718/1007/1545 724/1019/2240 723/1016/162 716/1004/377
f 737/1039/435 757/1072/434 760/1078/1564 741/1046/1555
f 741/1047/1555 760/1079/1564 756/1071/311 735/1037/310
f 736/1038/82 763/1083/81 765/1085/1565 740/1044/1556
f 740/1045/1556 765/1086/1565 762/1082/436 737/1039/435
f 239/342/326 777/1104/325 779/1106/2339 242/345/1271
f 242/346/1276 779/1107/2340 776/1103/340 240/343/339
f 269/384/122 784/1116/121 786/1118/2341 273/389/1311
f 273/389/1307 786/1118/2342 783/1115/329 267/382/328
f 295/416/460 792/1128/459 795/1133/1598 298/419/1339
f 298/419/1344 795/1133/1593 791/1127/393 296/417/392
f 240/343/339 806/1150/338 809/1156/2343 244/350/1274
f 244/351/1279 809/1157/2344 805/1149/306 241/344/305
f 268/383/297 813/1162/296 816/1168/2345 272/388/1308
f 272/388/1313 816/1168/2227 812/1161/123 269/384/122
f 867/1249/451 876/1261/450 879/1267/1668 870/1252/1654
f 870/1253/1659 879/1268/2346 875/1260/334 868/1250/337
f 185/265/331 897/1295/330 900/1301/1683 189/272/1205
f 189/273/1201 900/1302/2304 896/1294/345 183/263/344
f 868/1250/337 904/1307/336 907/1313/1688 872/1256/1657
f 872/1257/1662 907/1314/1688 903/1306/403 869/1251/402
f 895/1293/2347 903/1306/2347 905/1308/2348 898/1296/2349
f 898/1297/2349 905/1309/2348 902/1305/342 896/1294/345
f 920/1334/362 928/1347/365 931/1353/2350 924/1341/2351
f 924/1342/2351 931/1354/2350 927/1346/2352 921/1335/2352
f 921/1335/248 934/1358/247 936/1360/1703 925/1343/1695
f 925/1344/1695 936/1361/1703 933/1357/357 919/1333/356
f 157/227/351 940/1368/350 946/1378/2353 161/232/1169
f 161/232/1165 946/1378/2282 942/1370/444 155/225/443
f 101/154/442 956/1392/441 959/1398/2206 105/162/1100
f 105/163/1096 959/1399/2205 955/1391/449 99/152/448
f 947/1379/506 967/1412/505 973/1422/1721 950/1382/1711
f 950/1383/1711 973/1423/1721 969/1414/1 948/1380/75
f 73/110/487 976/1426/486 979/1432/2210 77/118/1064
f 77/119/1060 979/1433/2209 975/1425/494 71/108/493
f 988/1447/542 994/1457/541 1000/1467/1733 992/1453/1730
f 992/1454/1730 1000/1468/1733 996/1459/12 989/1448/11
f 989/1448/11 1001/1469/10 1007/1478/1737 993/1455/1729
f 993/1456/1729 1007/1479/1737 1003/1471/112 987/1446/111
f 1016/1493/478 1045/1537/481 1048/1543/1776 1020/1499/1748
f 1020/1500/1753 1048/1544/1776 1044/1536/53 1017/1494/52
f 1017/1494/52 1065/1569/51 1067/1571/1795 1021/1501/1751
f 1021/1501/1747 1067/1571/1790 1064/1568/466 1015/1492/465
f 44/69/552 1073/1580/551 1076/1586/2354 48/76/1025
f 48/77/1030 1076/1587/2355 1072/1579/538 45/70/537
f 1071/1578/468 1079/1591/467 1081/1593/1803 1074/1581/1799
f 1074/1582/1799 1081/1594/1803 1078/1590/535 1072/1579/538
f 43/68/524 1086/1603/523 1088/1605/2295 46/71/1022
f 46/72/1027 1088/1606/2294 1085/1602/553 44/69/552
f 128/192/474 1100/1627/473 1102/1629/1820 132/196/1132
f 132/196/1135 1102/1629/1815 1099/1626/76 129/193/41
f 1100/1627/473 1114/1647/472 1116/1649/1834 1104/1632/1818
f 1104/1633/1823 1116/1650/2298 1113/1646/515 1101/1628/518
f 1101/1628/518 1129/1671/517 1132/1677/1848 1105/1634/1821
f 1105/1635/1817 1132/1678/1848 1128/1670/77 1099/1626/76
f 1127/1669/527 1143/1694/530 1146/1700/1858 1130/1672/1845
f 1130/1673/1845 1146/1701/1858 1142/1693/45 1128/1670/77
f 15/20/569 1149/1705/568 1151/1707/2356 18/23/986
f 18/24/991 1151/1708/1859 1148/1704/558 16/21/557
f 499/677/414 505/685/413 507/688/2357 501/679/2302
f 501/680/2303 507/687/2358 506/686/184 500/678/188
f 22/32/549 37/57/548 39/59/1018 25/35/995
f 25/36/1000 39/60/1013 36/56/576 23/33/575
f 51/81/105 58/89/108 60/91/1045 55/86/1034
f 55/86/1039 60/91/1040 57/88/532 52/82/531
f 192/276/322 855/1229/321 858/1235/2138 196/283/1214
f 196/284/1210 858/1236/2137 854/1228/347 190/274/346
f 135/199/501 142/207/500 144/209/1150 139/204/1139
f 139/204/1144 144/209/1145 141/206/110 136/200/109
f 191/275/314 204/293/313 210/303/1228 195/282/1211
f 195/282/1216 210/303/1232 206/295/323 192/276/322
f 163/234/483 213/306/482 216/309/1243 167/240/1175
f 167/241/1180 216/310/1238 212/305/438 164/235/437
f 23/33/575 1122/1659/574 1125/1665/2359 27/40/998
f 27/41/1003 1125/1666/2360 1121/1658/544 24/34/543
f 220/314/327 239/342/326 245/352/1273 224/322/1250
f 224/322/1246 245/352/1277 241/344/305 218/312/304
f 107/165/406 262/377/252 265/380/1304 111/169/1107
f 111/169/1110 265/380/1301 261/376/99 108/166/98
f 219/313/298 268/383/297 270/385/1310 223/320/1247
f 223/321/1252 270/386/1305 267/382/328 220/314/327
f 493/669/411 626/863/410 629/869/1476 495/671/2361
f 495/672/2362 629/870/1471 625/862/186 494/670/104
f 247/354/292 304/425/295 307/428/1354 251/360/1283
f 251/361/1288 307/429/1349 303/424/309 248/355/308
f 275/391/288 332/455/291 335/458/1390 279/397/1317
f 279/398/1322 335/459/1385 331/454/301 276/392/300
f 106/164/1103 360/484/1413 363/487/1414 109/167/1104
f 109/167/1109 363/487/1410 359/483/407 107/165/406
f 394/529/26 400/537/25 402/541/2148 396/531/2315
f 396/532/2316 402/542/2145 401/539/197 395/530/195
f 406/547/22 412/555/21 414/557/2154 408/549/2317
f 408/550/2318 414/558/2151 413/556/138 407/548/136
f 419/564/148 422/568/146 423/569/2322 420/566/2363
f 420/565/2364 423/570/2319 421/567/17 418/563/16
f 382/513/92 431/580/154 432/581/2326 384/515/2313
f 384/516/2314 432/582/2323 430/579/68 383/514/67
f 136/200/109 1003/1471/112 1006/1477/2289 140/205/1142
f 140/205/1138 1006/1477/2288 1002/1470/489 134/198/488
f 442/596/35 445/600/34 447/602/2164 444/599/2365
f 444/598/2366 447/603/2165 446/601/102 443/597/101
f 454/612/191 458/617/189 459/618/2249 456/614/2167
f 456/615/2168 459/619/2248 457/616/31 455/613/30
f 418/563/16 481/653/15 483/655/2257 420/565/2364
f 420/566/2363 483/656/2256 482/654/150 419/564/148
f 491/666/103 506/686/184 507/687/2358 492/668/2367
f 492/667/2368 507/688/2357 505/685/413 490/665/412
f 503/682/192 509/690/178 510/691/2310 504/683/2262
f 504/684/2265 510/692/2311 508/689/417 502/681/416
f 52/82/531 1171/1741/534 1174/1747/2208 56/87/1037
f 56/87/1033 1174/1747/2207 1170/1740/567 50/80/566
f 538/731/171 545/741/174 546/743/2279 540/734/2214
f 540/735/2213 546/744/2280 544/740/161 539/732/160
f 550/749/372 566/773/130 567/775/2334 552/753/2369
f 552/751/2370 567/776/2333 565/772/157 551/750/164
f 562/768/432 568/777/431 570/779/2194 564/770/2276
f 564/771/2277 570/780/2191 569/778/151 563/769/159
f 551/750/164 572/782/166 573/783/2215 552/752/2370
f 552/753/2369 573/784/2212 571/781/373 550/749/372
f 358/482/87 589/805/90 595/814/1435 361/485/1407
f 361/485/1412 595/814/1439 591/807/408 359/483/407
f 443/597/101 612/839/185 615/845/1463 444/598/2366
f 444/599/2365 615/846/1458 611/838/36 442/596/35
f 612/839/185 625/862/186 627/864/1473 616/847/1461
f 616/848/1457 627/865/1468 624/861/202 610/837/201
f 639/884/258 652/903/261 658/911/1506 643/889/1489
f 643/890/1494 658/912/1510 654/905/208 640/885/207
f 640/885/207 666/925/210 672/934/1519 644/891/1492
f 644/892/1488 672/935/1519 668/927/61 638/883/60
f 667/926/243 673/936/246 679/945/1523 671/932/1520
f 671/933/1520 679/946/1523 675/938/62 668/927/61
f 666/925/210 687/959/209 693/969/2371 669/928/2371
f 669/928/2372 693/969/2372 689/961/244 667/926/243
f 330/453/83 701/981/86 707/991/2219 333/456/1382
f 333/456/1387 707/991/2218 703/983/302 331/454/301
f 722/1015/262 725/1020/262 727/1023/2239 724/1018/2239
f 724/1019/2240 727/1024/2240 726/1021/162 723/1016/162
f 276/392/300 728/1025/303 734/1035/2285 280/399/1320
f 280/400/1316 734/1036/2284 730/1027/266 274/390/265
f 302/423/79 736/1038/82 738/1040/2224 305/426/1346
f 305/426/1351 738/1040/2223 735/1037/310 303/424/309
f 743/1049/131 746/1054/371 748/1056/1557 744/1052/2287
f 744/1050/2286 748/1057/1557 745/1053/284 742/1048/283
f 742/1048/283 752/1065/283 754/1068/2286 744/1051/2286
f 744/1052/2287 754/1069/2287 753/1066/131 743/1049/131
f 248/355/308 756/1071/311 758/1073/2242 252/362/1286
f 252/363/1282 758/1074/2241 755/1070/287 246/353/286
f 218/312/304 797/1136/307 803/1146/2269 221/315/1244
f 221/316/1249 803/1147/2268 799/1138/299 219/313/298
f 790/1126/124 812/1161/123 814/1163/1607 793/1129/1590
f 793/1130/1595 814/1164/1607 811/1160/394 791/1127/393
f 820/1173/361 832/1191/360 838/1201/1631 824/1179/1617
f 824/1180/1613 838/1202/1631 834/1193/453 818/1171/452
f 190/274/346 839/1203/349 845/1213/2373 193/277/1208
f 193/278/1213 845/1214/2374 841/1205/315 191/275/314
f 819/1172/401 848/1217/400 851/1223/1640 823/1177/1614
f 823/1178/1619 851/1224/1640 847/1216/358 820/1173/361
f 848/1217/400 853/1227/399 859/1237/1643 852/1225/1639
f 852/1226/1639 859/1238/1643 855/1229/321 846/1215/324
f 818/1171/452 867/1249/451 873/1258/1656 821/1174/1611
f 821/1174/1616 873/1258/1660 869/1251/402 819/1172/401
f 490/665/412 493/669/411 495/671/2361 492/667/2368
f 492/668/2367 495/672/2362 494/670/104 491/666/103
f 876/1261/450 882/1272/477 884/1274/2291 880/1269/1666
f 880/1270/2290 884/1275/2290 881/1271/367 874/1259/366
f 164/235/437 926/1345/440 932/1355/1700 168/242/1178
f 168/243/1174 932/1356/2356 928/1347/365 162/233/364
f 954/1390/73 962/1403/2 963/1405/2221 957/1393/1715
f 957/1394/1715 963/1406/2222 961/1402/445 955/1391/449
f 211/304/318 912/1322/317 918/1332/2238 214/307/1235
f 214/307/1240 918/1332/2237 914/1324/439 212/305/438
f 976/1426/486 1002/1470/489 1004/1472/1735 980/1434/1725
f 980/1435/1725 1004/1473/1735 1001/1469/10 974/1424/9
f 79/121/480 1008/1480/479 1014/1490/2375 83/128/1070
f 83/129/1075 1014/1491/2376 1010/1482/563 80/122/562
f 1023/1503/120 1029/1512/119 1035/1521/2308 1027/1509/1757
f 1027/1510/1762 1035/1522/1766 1031/1514/463 1024/1504/462
f 78/120/512 1043/1535/511 1049/1545/2344 81/123/1067
f 81/124/1072 1049/1546/2343 1045/1537/481 79/121/480
f 1022/1502/56 1051/1548/55 1053/1550/1777 1025/1505/1754
f 1025/1506/1759 1053/1551/1777 1050/1547/117 1023/1503/120
f 1107/1637/545 1121/1658/544 1123/1660/2377 1111/1643/1827
f 1111/1644/1832 1123/1661/1839 1120/1657/471 1108/1638/470
f 1106/1636/47 1135/1681/46 1137/1683/1849 1109/1639/1824
f 1109/1640/1829 1137/1684/1849 1134/1680/546 1107/1637/545
f 1135/1681/2378 1142/1693/2378 1144/1695/2379 1139/1688/2380
f 1139/1689/2380 1144/1696/2379 1141/1692/547 1136/1682/550
f 24/34/543 1134/1680/546 1140/1690/1851 28/42/1001
f 28/43/997 1140/1691/2299 1136/1682/550 22/32/549
f 1162/1727/564 1170/1740/567 1172/1742/1873 1165/1730/1868
f 1165/1731/1868 1172/1743/1873 1169/1739/78 1163/1728/44
f 771/1095/397 804/1148/396 810/1158/1605 775/1101/1575
f 775/1102/1571 810/1159/1605 806/1150/338 769/1093/341
f 353/477/1405 360/484/1413 106/164/1103 1/1/971
usemtl BlackRubber
f 1341/1991/211 1348/2000/212 1279/1900/213 1284/1910/214 1274/1894/215 1287/1916/216 1271/1890/217 1268/1886/218 1263/1876/219 1183/1762/220 1176/1750/221 1206/1798/222 1213/1806/223 1462/2158/224 1479/2182/225 1473/2174/226 1471/2171/227 1477/2179/228 1464/2162/229 1483/2187/230 1446/2135/216 1449/2139/217 1440/2127/231 1434/2119/232 1437/2123/233 1443/2131/234 1456/2148/235 1375/2038/236 1371/2033/227 1377/2041/228 1365/2025/237 1383/2049/230 1350/2003/216 1354/2008/217 1344/1995/231 1338/1987/238
f 1190/1774/577 1218/1812/578 1204/1796/579 1178/1752/580
f 1272/1891/581 1235/1832/582 1233/1829/583 1269/1887/584
f 1220/1814/585 1227/1822/586 1211/1804/587 1205/1797/588
f 1308/1944/589 1296/1928/590 1253/1860/591 1225/1820/592 1324/1967/593 1329/1975/594 1315/1954/595 1332/1979/596 1302/1936/597
f 1381/2046/598 1375/2038/236 1213/1806/223 1279/1900/213 1348/2000/212 1356/2011/599 1359/2015/600 1368/2029/601 1362/2019/602
f 1177/1751/603 1185/1764/604 1198/1786/605 1191/1775/606
f 1277/1898/607 1212/1805/608 1226/1821/609 1252/1859/610
f 1462/2158/224 1213/1806/223 1375/2038/236 1456/2148/235 1452/2143/611 1459/2153/600 1468/2167/612
f 1199/1787/613 1184/1763/614 1262/1875/615 1239/1837/616
f 1317/1958/617 1324/1967/593 1225/1820/592 1411/2087/618 1428/2111/619 1398/2069/597 1404/2077/620 1392/2061/621 1386/2053/622 1390/2058/623 1401/2073/624 1395/2065/625 1431/2115/626 1407/2081/627 1219/1813/628 1192/1776/629 1197/1785/630 1238/1836/631 1232/1828/632 1236/1833/633 1246/1849/634 1258/1870/635 1248/1852/636 1253/1860/591 1296/1928/590 1290/1920/637 1294/1925/638 1305/1940/624 1299/1932/633 1335/1983/634 1311/1948/639 1326/1971/640 1320/1962/641
f 1411/2087/618 1225/1820/592 1219/1813/628 1407/2081/627 1422/2103/642 1417/2096/643 1414/2092/644 1420/2100/645 1425/2107/646
f 1285/1911/647 1249/1853/648 1259/1871/649 1275/1895/650
f 1293/1924/651 1291/1921/652 1342/1992/653 1339/1988/654
f 1249/1853/648 1285/1911/647 1278/1899/655 1251/1858/656
f 1275/1895/650 1259/1871/649 1245/1848/657 1288/1917/658
f 1261/1874/659 1269/1887/584 1233/1829/583 1240/1838/660
f 1288/1917/658 1245/1848/657 1235/1832/582 1272/1891/581
f 1333/1980/661 1314/1953/662 1363/2020/663 1369/2030/664
f 1389/2057/665 1387/2054/666 1438/2124/667 1435/2120/668
f 1372/2034/669 1318/1959/670 1321/1963/671 1378/2042/672
f 1378/2042/672 1321/1963/671 1327/1972/673 1366/2026/674
f 1380/2045/675 1330/1976/676 1323/1966/677 1374/2037/678
f 1314/1952/662 1330/1976/676 1380/2045/675 1363/2021/663
f 1366/2026/674 1327/1972/673 1312/1949/679 1384/2050/680
f 1353/2007/581 1300/1933/582 1306/1941/681 1345/1996/682
f 1309/1945/683 1303/1937/684 1360/2016/685 1357/2012/686
f 1297/1929/687 1309/1945/683 1357/2012/686 1347/1999/688
f 1291/1921/652 1297/1929/687 1347/1999/688 1342/1992/653
f 1306/1941/681 1293/1924/651 1339/1988/654 1345/1996/682
f 1351/2004/658 1336/1984/657 1300/1933/582 1353/2007/581
f 1303/1937/684 1333/1980/661 1369/2030/664 1360/2016/685
f 1384/2050/680 1312/1949/679 1336/1984/657 1351/2004/658
f 1374/2037/678 1323/1966/677 1318/1959/670 1372/2034/669
f 1429/2112/689 1410/2086/690 1461/2156/691 1467/2166/692
f 1840/2737/693 1844/2742/694 1492/2202/695 1485/2190/696 1521/2251/697 1662/2467/698 1689/2510/699 1643/2435/238 1649/2445/233 1634/2421/700 1625/2407/701 1632/2418/702 1641/2432/703 1652/2449/704 1691/2513/705 1799/2676/706 1781/2652/707 1784/2656/708 1787/2660/233 1778/2648/709 1775/2644/701 1760/2622/702 1763/2626/710 1766/2630/711 1772/2640/712 1770/2637/713 1790/2664/227 1806/2686/714 1528/2259/715 1860/2766/716 1866/2777/717 1856/2761/718 1869/2781/719 1850/2753/232 1854/2758/720
f 1476/2178/672 1416/2095/721 1423/2104/722 1465/2163/674
f 1474/2175/723 1419/2099/724 1413/2091/725 1470/2170/669
f 1480/2183/726 1426/2108/727 1419/2099/724 1474/2175/723
f 1482/2186/680 1408/2082/728 1432/2116/729 1447/2136/658
f 1410/2085/690 1426/2108/727 1480/2183/726 1461/2157/691
f 1450/2140/581 1396/2066/730 1402/2074/681 1441/2128/682
f 1405/2078/731 1399/2070/732 1458/2152/733 1453/2144/734
f 1393/2062/735 1405/2078/731 1453/2144/734 1455/2147/736 1444/2132/737
f 1387/2054/666 1393/2062/735 1444/2132/737 1438/2124/667
f 1402/2074/681 1389/2057/665 1435/2120/668 1441/2128/682
f 1447/2136/658 1432/2116/729 1396/2066/730 1450/2140/581
f 1399/2070/732 1429/2112/689 1467/2166/692 1458/2152/733
f 1465/2163/674 1423/2104/722 1408/2082/728 1482/2186/680
f 1470/2170/669 1413/2091/725 1416/2095/721 1476/2178/672
f 1504/2223/738 1537/2272/739 1519/2249/740 1487/2192/741
f 1556/2297/742 1550/2287/743 1902/2827/744 1900/2824/745
f 1534/2266/746 1516/2243/747 1921/2854/748 1897/2820/749
f 1706/2539/750 1697/2525/751 1776/2645/752 1779/2649/753
f 1745/2602/754 1752/2611/755 1545/2281/756 1617/2394/757 1734/2586/758 1749/2607/759 1742/2598/639
f 1803/2682/760 1799/2676/706 1691/2513/705 1665/2471/761 1528/2259/715 1806/2686/714 1796/2672/762 1794/2669/763
f 1536/2271/764 1544/2280/765 1526/2257/766 1520/2250/767
f 1527/2258/768 1543/2279/769 1825/2714/770 1861/2767/771
f 1486/2191/772 1494/2204/773 1510/2233/774 1502/2221/775
f 1511/2234/776 1493/2203/777 1843/2741/778 1812/2694/779
f 1499/2214/780 1517/2244/781 1533/2265/782 1551/2288/783 1557/2298/784 1568/2315/785 1577/2329/786 1587/2346/787 1595/2359/788 1605/2374/789 1613/2387/790 1623/2402/791 1628/2411/792 1637/2425/793 1646/2439/794 1655/2456/795 1668/2476/796 1676/2489/797 1682/2499/798 1694/2519/799 1703/2533/800 1713/2550/801 1721/2563/802 1730/2579/803
f 1550/2287/743 1534/2266/746 1897/2820/749 1902/2827/744
f 1572/2322/804 1616/2393/805 1664/2470/806 1692/2514/807
f 1644/2436/808 1620/2398/809 1575/2326/666 1650/2446/667
f 1604/2373/810 1596/2360/811 1914/2845/812 1912/2840/813 1927/2862/814
f 1616/2393/805 1592/2355/725 1659/2463/815 1664/2470/806
f 1614/2388/816 1604/2373/810 1927/2862/814 1942/2882/817
f 1671/2482/818 1599/2366/819 1608/2380/820 1680/2496/821
f 1686/2506/822 1611/2384/823 1602/2370/673 1674/2486/674
f 1596/2360/811 1586/2345/824 1906/2832/825 1914/2845/812
f 1680/2496/821 1608/2380/820 1583/2341/826 1661/2466/827
f 1592/2355/725 1611/2384/823 1686/2506/822 1659/2463/815
f 1586/2345/824 1578/2330/828 1909/2836/829 1906/2832/825
f 1566/2312/661 1581/2337/830 1653/2450/831 1640/2431/832
f 1569/2316/833 1556/2297/742 1900/2824/745 1918/2850/834
f 1562/2307/735 1553/2293/731 1626/2408/752 1635/2422/753
f 1650/2446/667 1575/2326/666 1562/2307/735 1635/2422/753
f 1578/2330/828 1569/2316/833 1918/2850/834 1909/2836/829
f 1716/2556/804 1755/2615/805 1769/2636/678 1773/2641/675
f 1785/2657/835 1758/2619/836 1719/2560/837 1788/2661/667
f 1797/2673/838 1746/2603/839 1743/2599/679 1793/2668/840
f 1755/2615/805 1740/2595/841 1791/2665/842 1769/2636/678
f 1845/2743/843 1841/2738/844 1808/2689/845 1813/2695/846
f 1793/2668/840 1743/2599/679 1748/2606/847 1802/2681/848
f 1805/2685/849 1751/2610/850 1746/2603/839 1797/2673/838
f 1800/2677/851 1728/2576/852 1737/2591/681 1782/2653/853
f 1782/2653/853 1737/2591/681 1758/2619/836 1785/2657/835
f 1740/2595/841 1751/2610/850 1805/2685/849 1791/2665/842
f 1731/2580/854 1722/2564/855 1882/2798/856 1885/2802/857
f 1710/2546/661 1725/2571/830 1767/2631/663 1764/2627/664
f 1701/2530/858 1710/2546/661 1764/2627/664 1761/2623/859
f 1905/2831/860 1698/2526/861 1707/2540/862 1911/2839/863 1915/2846/864
f 1712/2549/865 1704/2534/866 1873/2786/867 1876/2790/868
f 1722/2564/855 1712/2549/865 1876/2790/868 1882/2798/856
f 1867/2778/869 1832/2726/870 1835/2730/582 1857/2762/581
f 1961/2913/871 1989/2951/872 1975/2935/873 1947/2889/874
f 1870/2782/682 1822/2710/681 1838/2734/665 1851/2754/668
f 1824/2713/875 1832/2726/870 1867/2778/869 1859/2765/876
f 1857/2762/581 1835/2730/582 1822/2710/681 1870/2782/682
f 1851/2754/668 1838/2734/665 1818/2705/666 1853/2757/667
f 1853/2757/667 1818/2705/666 1808/2689/845 1841/2738/844
f 1727/2575/877 1734/2586/758 1617/2394/757 1571/2321/878 1580/2335/879 1565/2311/880 1559/2303/881 1554/2294/620 1563/2308/882 1574/2325/622 1619/2397/638 1589/2351/883 1584/2342/884 1538/2273/885 1503/2222/886 1509/2232/887 1811/2693/888 1809/2690/889 1819/2706/890 1837/2733/623 1821/2709/891 1834/2729/625 1831/2725/892 1826/2715/893 1545/2281/756 1752/2611/755 1739/2594/894 1754/2614/895 1715/2555/878 1724/2569/879 1709/2545/880 1700/2529/896 1698/2526/861 1905/2831/860 1908/2835/897 1917/2849/898 1899/2823/899 1903/2828/900 1896/2819/901 1920/2853/902 1890/2809/903 1884/2801/904 1881/2797/905 1875/2789/906 1872/2785/907 1878/2793/908 1893/2815/909 1888/2806/910 1924/2858/911 1930/2866/912 1935/2873/913 1932/2869/914 1944/2885/915 1938/2877/916 1941/2881/917 1926/2861/918 1911/2839/863 1707/2540/862 1718/2559/919 1757/2618/920 1736/2590/891
f 1679/2495/921 1662/2467/698 1521/2251/697 1528/2259/715 1665/2471/761 1658/2462/922 1685/2505/923 1673/2485/237 1670/2481/924
f 1593/2356/644 1617/2394/757 1545/2281/756 1538/2273/885 1584/2342/884 1607/2379/925 1598/2365/926 1601/2369/640 1610/2383/643
f 1553/2293/731 1560/2304/927 1631/2417/859 1626/2408/752
f 1560/2304/927 1566/2312/661 1640/2431/832 1631/2417/859
f 1581/2336/830 1572/2322/804 1692/2514/807 1653/2451/831
f 1661/2466/827 1583/2341/826 1590/2352/928 1688/2509/929
f 1688/2509/929 1590/2352/928 1620/2398/809 1644/2436/808
f 1674/2486/674 1602/2370/673 1599/2366/819 1671/2482/818
f 1622/2401/930 1614/2388/816 1942/2882/817 1939/2878/931
f 1945/2886/932 1629/2412/933 1622/2401/930 1939/2878/931
f 1933/2870/934 1638/2426/935 1629/2412/933 1945/2886/932
f 1936/2874/936 1647/2440/937 1638/2426/935 1933/2870/934
f 1929/2865/938 1656/2457/939 1647/2440/937 1936/2874/936
f 1923/2857/940 1667/2475/941 1656/2457/939 1929/2865/938
f 1887/2805/942 1677/2490/943 1667/2475/941 1923/2857/940
f 1683/2500/944 1677/2490/943 1887/2805/942 1894/2816/945
f 1695/2520/946 1683/2500/944 1894/2816/945 1879/2794/947
f 1704/2534/866 1695/2520/946 1879/2794/947 1873/2786/867
f 1697/2525/751 1701/2530/858 1761/2623/859 1776/2645/752
f 1788/2661/667 1719/2560/837 1706/2539/750 1779/2649/753
f 1725/2570/830 1716/2556/804 1773/2641/675 1767/2632/663
f 1500/2216/948 1731/2580/854 1885/2802/857 1891/2811/949
f 1800/2677/851 1802/2681/848 1748/2606/847 1733/2585/950 1728/2576/852
f 1516/2243/747 1500/2215/948 1891/2810/949 1921/2854/748
f 1977/2937/951 1983/2944/952 1954/2901/953 1948/2890/954
f 1991/2953/955 1997/2960/956 1984/2945/957 1976/2936/958
f 1996/2959/959 1968/2924/960 1955/2902/961 1982/2943/962
f 1949/2891/963 1956/2903/964 1970/2926/965 1962/2914/966
f 1963/2915/967 1969/2925/968 1998/2961/969 1990/2952/970
f 1176/1750/221 1179/1753/1877 1180/1755/1878 1182/1761/1879
f 1177/1751/603 1181/1758/1880 1180/1756/1881 1179/1754/1882
f 1178/1752/580 1182/1760/1883 1180/1757/1884 1181/1759/1885
f 1183/1762/220 1186/1765/1886 1187/1767/1887 1189/1772/1888
f 1184/1763/614 1188/1770/1889 1187/1768/1890 1186/1766/1891
f 1185/1764/604 1189/1773/1892 1187/1769/1893 1188/1771/1894
f 1190/1774/577 1193/1778/1895 1194/1779/1896 1196/1784/1897
f 1191/1775/606 1195/1782/1898 1194/1780/1899 1193/1777/1900
f 1192/1776/629 1196/1783/1901 1194/1781/1902 1195/1782/1903
f 1197/1785/630 1200/1788/1904 1201/1789/1905 1203/1795/1906
f 1198/1786/605 1202/1793/1907 1201/1790/1908 1200/1788/1909
f 1199/1787/613 1203/1794/1910 1201/1791/1911 1202/1792/1912
f 1204/1796/579 1207/1799/1913 1208/1800/1914 1210/1802/1915
f 1205/1797/588 1209/1801/1916 1208/1800/1917 1207/1799/1918
f 1206/1798/222 1210/1803/1919 1208/1800/1920 1209/1801/1921
f 1211/1804/587 1214/1807/1922 1215/1808/1923 1217/1811/1924
f 1212/1805/608 1216/1809/1925 1215/1808/1923 1214/1807/1922
f 1213/1806/223 1217/1811/1926 1215/1808/1927 1216/1810/1928
f 1218/1812/578 1221/1816/1929 1222/1817/1930 1224/1819/1931
f 1219/1813/628 1223/1818/1932 1222/1817/1933 1221/1815/1934
f 1220/1814/585 1224/1819/1935 1222/1817/1936 1223/1818/1932
f 1225/1820/1937 1228/1823/1938 1229/1825/1939 1231/1827/1940
f 1226/1821/609 1230/1826/1941 1229/1825/1939 1228/1824/1938
f 1227/1822/586 1231/1827/1940 1229/1825/1939 1230/1826/1941
f 1238/1836/631 1241/1840/1942 1242/1841/1943 1244/1846/1944
f 1239/1837/616 1243/1844/1945 1242/1842/1946 1241/1839/1947
f 1240/1838/660 1244/1847/1948 1242/1843/1946 1243/1845/1945
f 1251/1858/656 1254/1861/1949 1255/1863/1950 1257/1868/1951
f 1252/1859/610 1256/1867/1952 1255/1864/1950 1254/1862/1949
f 1253/1860/591 1257/1869/1951 1255/1865/1950 1256/1866/1952
f 1261/1874/659 1264/1878/1953 1265/1879/1954 1267/1885/1955
f 1262/1875/615 1266/1883/1956 1265/1880/1954 1264/1877/1953
f 1263/1876/219 1267/1884/1957 1265/1881/1958 1266/1882/1959
f 1277/1898/607 1280/1902/1960 1281/1903/1961 1283/1908/1962
f 1278/1899/655 1282/1906/1963 1281/1904/1961 1280/1901/1960
f 1279/1900/213 1283/1909/1964 1281/1905/1961 1282/1907/1963
f 1485/2190/696 1488/2193/1965 1489/2195/1966 1491/2201/1967
f 1486/2191/772 1490/2198/1968 1489/2196/1969 1488/2194/1970
f 1487/2192/741 1491/2200/1971 1489/2197/1972 1490/2199/1973
f 1492/2202/695 1495/2205/1974 1496/2207/1975 1498/2212/1976
f 1493/2203/777 1497/2210/1977 1496/2208/1978 1495/2206/1979
f 1494/2204/773 1498/2213/1980 1496/2209/1981 1497/2211/1982
f 1502/2221/775 1505/2224/1983 1506/2225/1984 1508/2230/1985
f 1503/2222/886 1507/2228/1986 1506/2226/1987 1505/2224/1988
f 1504/2223/738 1508/2231/1989 1506/2227/1990 1507/2229/1991
f 1509/2232/887 1512/2235/1992 1513/2236/1993 1515/2242/1994
f 1510/2233/774 1514/2240/1995 1513/2237/1996 1512/2235/1997
f 1511/2234/776 1515/2241/1998 1513/2238/1999 1514/2239/2000
f 1519/2249/740 1522/2252/2001 1523/2253/2002 1525/2255/2003
f 1520/2250/767 1524/2254/2004 1523/2253/2005 1522/2252/2006
f 1521/2251/697 1525/2256/2007 1523/2253/2008 1524/2254/2009
f 1526/2257/766 1529/2260/2010 1530/2261/2011 1532/2264/2012
f 1527/2258/768 1531/2262/2013 1530/2261/2014 1529/2260/2015
f 1528/2259/715 1532/2264/2016 1530/2261/2017 1531/2263/2018
f 1536/2271/764 1539/2274/2019 1540/2275/2020 1542/2278/2021
f 1537/2272/739 1541/2277/2022 1540/2275/2023 1539/2274/2024
f 1538/2273/885 1542/2278/2025 1540/2275/2026 1541/2276/2027
f 1543/2279/769 1546/2282/2028 1547/2283/2029 1549/2286/2030
f 1544/2280/765 1548/2284/2031 1547/2283/2032 1546/2282/2033
f 1545/2281/756 1549/2285/2034 1547/2283/2035 1548/2284/2036
f 1811/2693/888 1814/2697/2037 1815/2698/2038 1817/2703/2039
f 1812/2694/779 1816/2701/2040 1815/2699/2041 1814/2696/2042
f 1813/2695/846 1817/2704/2043 1815/2700/2041 1816/2702/2040
f 1824/2713/875 1827/2716/2044 1828/2718/2045 1830/2724/2046
f 1825/2714/770 1829/2722/2047 1828/2719/2045 1827/2717/2044
f 1826/2715/893 1830/2723/2048 1828/2720/2049 1829/2721/2050
f 1843/2741/778 1846/2745/2051 1847/2746/2052 1849/2751/2053
f 1844/2742/694 1848/2750/2054 1847/2747/2055 1846/2744/2056
f 1845/2743/843 1849/2752/2053 1847/2748/2052 1848/2749/2057
f 1859/2765/876 1862/2768/2058 1863/2770/2059 1865/2775/2060
f 1860/2766/716 1864/2774/2061 1863/2771/2062 1862/2769/2063
f 1861/2767/771 1865/2776/2060 1863/2772/2059 1864/2773/2064
f 1947/2889/874 1950/2892/2065 1951/2894/2066 1953/2899/2067
f 1948/2890/954 1952/2897/2068 1951/2895/2069 1950/2893/2070
f 1949/2891/963 1953/2900/2071 1951/2896/2072 1952/2898/2073
f 1954/2901/953 1957/2905/2074 1958/2906/2075 1960/2911/2076
f 1955/2902/961 1959/2909/2077 1958/2907/2078 1957/2904/2079
f 1956/2903/964 1960/2912/2080 1958/2908/2081 1959/2910/2082
f 1961/2913/871 1964/2916/2083 1965/2918/2084 1967/2922/2085
f 1962/2914/966 1966/2921/2086 1965/2919/2087 1964/2917/2088
f 1963/2915/967 1967/2923/2089 1965/2920/2090 1966/2921/2091
f 1968/2924/960 1971/2927/2092 1972/2929/2093 1974/2933/2094
f 1969/2925/968 1973/2932/2095 1972/2930/2096 1971/2928/2097
f 1970/2926/965 1974/2934/2098 1972/2931/2099 1973/2932/2100
f 1975/2935/873 1978/2938/2101 1979/2939/2102 1981/2941/2103
f 1976/2936/958 1980/2940/2104 1979/2939/2105 1978/2938/2106
f 1977/2937/951 1981/2942/2107 1979/2939/2108 1980/2940/2109
f 1982/2943/962 1985/2946/2110 1986/2948/2111 1988/2950/2112
f 1983/2944/952 1987/2949/2113 1986/2948/2114 1985/2947/2115
f 1984/2945/957 1988/2950/2116 1986/2948/2117 1987/2949/2118
f 1989/2951/872 1992/2954/2119 1993/2956/2120 1995/2958/2121
f 1990/2952/970 1994/2957/2122 1993/2956/2123 1992/2955/2124
f 1991/2953/955 1995/2958/2125 1993/2956/2126 1994/2957/2127
f 1996/2959/959 1999/2962/2128 2000/2963/2129 2002/2965/2130
f 1997/2960/956 2001/2964/2131 2000/2963/2132 1999/2962/2133
f 1998/2961/969 2002/2966/2134 2000/2963/2135 2001/2964/2136
f 1176/1750/221 1183/1762/220 1189/1772/1888 1179/1753/1877
f 1179/1754/1882 1189/1773/1892 1185/1764/604 1177/1751/603
f 1177/1751/603 1191/1775/606 1193/1777/1900 1181/1758/1880
f 1181/1759/1885 1193/1778/1895 1190/1774/577 1178/1752/580
f 1191/1775/606 1198/1786/605 1200/1788/1909 1195/1782/1898
f 1195/1782/1903 1200/1788/1904 1197/1785/630 1192/1776/629
f 1178/1752/580 1204/1796/579 1210/1802/1915 1182/1760/1883
f 1182/1761/1879 1210/1803/1919 1206/1798/222 1176/1750/221
f 1205/1797/588 1211/1804/587 1217/1811/1924 1209/1801/1916
f 1209/1801/1921 1217/1811/1926 1213/1806/223 1206/1798/222
f 1192/1776/629 1219/1813/628 1221/1815/1934 1196/1783/1901
f 1196/1784/1897 1221/1816/1929 1218/1812/578 1190/1774/577
f 1219/1813/628 1225/1820/1937 1231/1827/1940 1223/1818/1932
f 1223/1818/1932 1231/1827/1940 1227/1822/586 1220/1814/585
f 1233/1829/583 1235/1832/582 1237/1834/2381 1234/1831/2382
f 1234/1830/2383 1237/1835/2384 1236/1833/633 1232/1828/632
f 1232/1828/632 1238/1836/631 1244/1846/1944 1234/1830/2383
f 1234/1831/2382 1244/1847/1948 1240/1838/660 1233/1829/583
f 1249/1853/648 1251/1858/656 1257/1868/1951 1250/1854/2385
f 1250/1855/2386 1257/1869/1951 1253/1860/591 1248/1852/636
f 1248/1852/636 1258/1870/635 1260/1873/2387 1250/1856/2386
f 1250/1857/2385 1260/1872/2388 1259/1871/649 1249/1853/648
f 1239/1837/616 1262/1875/615 1264/1877/1953 1243/1844/1945
f 1243/1845/1945 1264/1878/1953 1261/1874/659 1240/1838/660
f 1268/1886/218 1271/1890/217 1273/1892/2389 1270/1888/2390
f 1270/1889/2391 1273/1893/2392 1272/1891/581 1269/1887/584
f 1275/1895/650 1288/1917/658 1289/1919/2393 1276/1897/2394
f 1276/1896/2395 1289/1918/2396 1287/1916/216 1274/1894/215
f 1291/1921/652 1293/1924/651 1295/1926/2397 1292/1923/2398
f 1292/1922/2399 1295/1927/2400 1294/1925/638 1290/1920/637
f 1290/1920/637 1296/1928/590 1298/1930/2401 1292/1922/2399
f 1292/1923/2398 1298/1931/2402 1297/1929/687 1291/1921/652
f 1303/1937/684 1309/1945/683 1310/1947/2403 1304/1939/2404
f 1304/1938/2405 1310/1946/2406 1308/1944/589 1302/1936/597
f 1320/1962/641 1326/1971/640 1328/1974/2407 1322/1964/2408
f 1322/1965/2409 1328/1973/2410 1327/1972/673 1321/1963/671
f 1315/1954/595 1329/1975/594 1331/1978/2411 1316/1957/2412
f 1316/1955/2413 1331/1977/2414 1330/1976/676 1314/1952/662
f 1314/1953/662 1333/1980/661 1334/1982/2415 1316/1956/2413
f 1316/1957/2412 1334/1981/2416 1332/1979/596 1315/1954/595
f 1338/1987/238 1344/1995/231 1346/1997/2417 1340/1990/2418
f 1340/1989/2419 1346/1998/2420 1345/1996/682 1339/1988/654
f 1351/2004/658 1353/2007/581 1355/2010/2392 1352/2006/2393
f 1352/2005/2396 1355/2009/2389 1354/2008/217 1350/2003/216
f 1344/1995/231 1354/2008/217 1355/2009/2389 1346/1997/2417
f 1346/1998/2420 1355/2010/2392 1353/2007/581 1345/1996/682
f 1362/2019/602 1368/2029/601 1370/2032/2421 1364/2024/2422
f 1364/2022/2423 1370/2031/2424 1369/2030/664 1363/2020/663
f 1363/2021/663 1380/2045/675 1382/2048/2425 1364/2023/2423
f 1364/2024/2422 1382/2047/2426 1381/2046/598 1362/2019/602
f 1350/2003/216 1383/2049/230 1385/2052/2427 1352/2005/2396
f 1352/2006/2393 1385/2051/2428 1384/2050/680 1351/2004/658
f 1387/2054/666 1389/2057/665 1391/2059/2429 1388/2056/2430
f 1388/2055/2431 1391/2060/2432 1390/2058/623 1386/2053/622
f 1386/2053/622 1392/2061/621 1394/2063/2433 1388/2055/2431
f 1388/2056/2430 1394/2064/2434 1393/2062/735 1387/2054/666
f 1399/2070/732 1405/2078/731 1406/2080/2435 1400/2072/2436
f 1400/2071/2437 1406/2079/2438 1404/2077/620 1398/2069/597
f 1204/1796/579 1218/1812/578 1224/1819/1931 1207/1799/1913
f 1207/1799/1918 1224/1819/1935 1220/1814/585 1205/1797/588
f 1417/2096/643 1422/2103/642 1424/2106/2439 1418/2097/2440
f 1418/2098/2441 1424/2105/2442 1423/2104/722 1416/2095/721
f 1411/2087/618 1425/2107/646 1427/2110/2443 1412/2090/2444
f 1412/2088/2445 1427/2109/2446 1426/2108/727 1410/2085/690
f 1398/2069/597 1428/2111/619 1430/2114/2447 1400/2071/2437
f 1400/2072/2436 1430/2113/2448 1429/2112/689 1399/2070/732
f 1435/2120/668 1438/2124/667 1439/2125/2449 1436/2122/2450
f 1436/2121/2451 1439/2126/2452 1437/2123/233 1434/2119/232
f 1434/2119/232 1440/2127/231 1442/2129/2417 1436/2121/2451
f 1436/2122/2450 1442/2130/2420 1441/2128/682 1435/2120/668
f 1447/2136/658 1450/2140/581 1451/2142/2392 1448/2138/2393
f 1448/2137/2396 1451/2141/2389 1449/2139/217 1446/2135/216
f 1453/2144/734 1458/2152/733 1460/2154/2453 1454/2146/2454
f 1454/2145/2455 1460/2155/2456 1459/2153/600 1452/2143/611
f 1458/2152/733 1467/2166/692 1469/2169/2457 1460/2154/2453
f 1460/2155/2456 1469/2168/2458 1468/2167/612 1459/2153/600
f 1471/2171/227 1473/2174/226 1475/2176/2459 1472/2173/2460
f 1472/2172/2461 1475/2177/2462 1474/2175/723 1470/2170/669
f 1470/2170/669 1476/2178/672 1478/2181/2463 1472/2172/2461
f 1472/2173/2460 1478/2180/2464 1477/2179/228 1471/2171/227
f 1465/2163/674 1482/2186/680 1484/2189/2428 1466/2165/2465
f 1466/2164/2466 1484/2188/2427 1483/2187/230 1464/2162/229
f 1446/2135/216 1483/2187/230 1484/2188/2427 1448/2137/2396
f 1448/2138/2393 1484/2189/2428 1482/2186/680 1447/2136/658
f 1375/2038/236 1381/2046/598 1382/2047/2426 1376/2039/2467
f 1376/2040/2468 1382/2048/2425 1380/2045/675 1374/2037/678
f 1318/1959/670 1323/1966/677 1325/1968/2469 1319/1961/2470
f 1319/1960/2471 1325/1970/2472 1324/1967/593 1317/1958/617
f 1311/1948/639 1335/1983/634 1337/1986/2473 1313/1951/2474
f 1313/1950/2475 1337/1985/2476 1336/1984/657 1312/1949/679
f 1444/2132/737 1455/2147/736 1457/2149/2477 1445/2133/2478
f 1445/2134/2479 1457/2150/2480 1456/2148/235 1443/2131/234
f 1464/2162/229 1477/2179/228 1478/2180/2464 1466/2164/2466
f 1466/2165/2465 1478/2181/2463 1476/2178/672 1465/2163/674
f 1392/2061/621 1404/2077/620 1406/2079/2438 1394/2063/2433
f 1394/2064/2434 1406/2080/2435 1405/2078/731 1393/2062/735
f 1274/1894/215 1284/1910/214 1286/1912/2481 1276/1896/2395
f 1276/1897/2394 1286/1913/2482 1285/1911/647 1275/1895/650
f 1184/1763/614 1199/1787/613 1202/1792/1912 1188/1770/1889
f 1188/1771/1894 1202/1793/1907 1198/1786/605 1185/1764/604
f 1211/1804/587 1227/1822/586 1230/1826/1941 1214/1807/1922
f 1214/1807/1922 1230/1826/1941 1226/1821/609 1212/1805/608
f 1199/1787/613 1239/1837/616 1241/1839/1947 1203/1794/1910
f 1203/1795/1906 1241/1840/1942 1238/1836/631 1197/1785/630
f 1235/1832/582 1245/1848/657 1247/1850/2476 1237/1834/2381
f 1237/1835/2384 1247/1851/2473 1246/1849/634 1236/1833/633
f 1225/1820/2483 1253/1860/591 1256/1866/1952 1228/1823/1938
f 1228/1824/1938 1256/1867/1952 1252/1859/610 1226/1821/609
f 1245/1848/657 1259/1871/649 1260/1872/2388 1247/1850/2476
f 1247/1851/2473 1260/1873/2387 1258/1870/635 1246/1849/634
f 1183/1762/220 1263/1876/219 1266/1882/1959 1186/1765/1886
f 1186/1766/1891 1266/1883/1956 1262/1875/615 1184/1763/614
f 1263/1876/219 1268/1886/218 1270/1888/2390 1267/1884/1957
f 1267/1885/1955 1270/1889/2391 1269/1887/584 1261/1874/659
f 1212/1805/608 1277/1898/607 1283/1908/1962 1216/1809/1925
f 1216/1810/1928 1283/1909/1964 1279/1900/213 1213/1806/223
f 1278/1899/655 1285/1911/647 1286/1914/2482 1282/1906/1963
f 1282/1907/1963 1286/1915/2481 1284/1910/214 1279/1900/213
f 1293/1924/651 1306/1941/681 1307/1943/2484 1295/1926/2397
f 1295/1927/2400 1307/1942/2485 1305/1940/624 1294/1925/638
f 1317/1958/617 1320/1962/641 1322/1964/2408 1319/1960/2471
f 1319/1961/2470 1322/1965/2409 1321/1963/671 1318/1959/670
f 1312/1949/679 1327/1972/673 1328/1973/2410 1313/1950/2475
f 1313/1951/2474 1328/1974/2407 1326/1971/640 1311/1948/639
f 1323/1966/677 1330/1976/676 1331/1977/2414 1325/1969/2469
f 1325/1970/2472 1331/1978/2411 1329/1975/594 1324/1967/593
f 1300/1933/582 1336/1984/657 1337/1985/2476 1301/1935/2381
f 1301/1934/2384 1337/1986/2473 1335/1983/634 1299/1932/633
f 1342/1992/653 1347/1999/688 1349/2001/2486 1343/1993/2487
f 1343/1994/2488 1349/2002/2489 1348/2000/212 1341/1991/211
f 1347/1999/688 1357/2012/686 1358/2013/2490 1349/2001/2486
f 1349/2002/2489 1358/2014/2491 1356/2011/599 1348/2000/212
f 1360/2016/685 1369/2030/664 1370/2031/2424 1361/2017/2492
f 1361/2018/2493 1370/2032/2421 1368/2029/601 1359/2015/600
f 1372/2034/669 1378/2042/672 1379/2044/2463 1373/2036/2461
f 1373/2035/2460 1379/2043/2464 1377/2041/228 1371/2033/227
f 1366/2026/674 1384/2050/680 1385/2051/2428 1367/2028/2465
f 1367/2027/2466 1385/2052/2427 1383/2049/230 1365/2025/237
f 1389/2057/665 1402/2074/681 1403/2076/2484 1391/2059/2429
f 1391/2060/2432 1403/2075/2485 1401/2073/624 1390/2058/623
f 1414/2092/644 1417/2096/643 1418/2097/2440 1415/2094/2494
f 1415/2093/2495 1418/2098/2441 1416/2095/721 1413/2091/725
f 1413/2091/725 1419/2099/724 1421/2101/2496 1415/2093/2495
f 1415/2094/2494 1421/2102/2497 1420/2100/645 1414/2092/644
f 1408/2082/728 1423/2104/722 1424/2105/2442 1409/2084/2498
f 1409/2083/2499 1424/2106/2439 1422/2103/642 1407/2081/627
f 1419/2099/724 1426/2108/727 1427/2109/2446 1421/2101/2496
f 1421/2102/2497 1427/2110/2443 1425/2107/646 1420/2100/645
f 1473/2174/226 1479/2182/225 1481/2185/2500 1475/2176/2459
f 1475/2177/2462 1481/2184/2501 1480/2183/726 1474/2175/723
f 1396/2066/730 1432/2116/729 1433/2118/2502 1397/2068/2503
f 1397/2067/2504 1433/2117/2505 1431/2115/626 1395/2065/625
f 1410/2086/690 1429/2112/689 1430/2113/2448 1412/2089/2445
f 1412/2090/2444 1430/2114/2447 1428/2111/619 1411/2087/618
f 1438/2124/667 1444/2132/737 1445/2133/2478 1439/2125/2449
f 1439/2126/2452 1445/2134/2479 1443/2131/234 1437/2123/233
f 1296/1928/590 1308/1944/589 1310/1946/2406 1298/1930/2401
f 1298/1931/2402 1310/1947/2403 1309/1945/683 1297/1929/687
f 1462/2158/224 1468/2167/612 1469/2168/2458 1463/2161/2506
f 1463/2159/2507 1469/2169/2457 1467/2166/692 1461/2156/691
f 1461/2157/691 1480/2183/726 1481/2184/2501 1463/2160/2507
f 1463/2161/2506 1481/2185/2500 1479/2182/225 1462/2158/224
f 1357/2012/686 1360/2016/685 1361/2017/2492 1358/2013/2490
f 1358/2014/2491 1361/2018/2493 1359/2015/600 1356/2011/599
f 1407/2081/627 1431/2115/626 1433/2117/2505 1409/2083/2499
f 1409/2084/2498 1433/2118/2502 1432/2116/729 1408/2082/728
f 1365/2025/237 1377/2041/228 1379/2043/2464 1367/2027/2466
f 1367/2028/2465 1379/2044/2463 1378/2042/672 1366/2026/674
f 1371/2033/227 1375/2038/236 1376/2039/2467 1373/2035/2460
f 1373/2036/2461 1376/2040/2468 1374/2037/678 1372/2034/669
f 1302/1936/597 1332/1979/596 1334/1981/2416 1304/1938/2405
f 1304/1939/2404 1334/1982/2415 1333/1980/661 1303/1937/684
f 1299/1932/633 1305/1940/624 1307/1942/2485 1301/1934/2384
f 1301/1935/2381 1307/1943/2484 1306/1941/681 1300/1933/582
f 1440/2127/231 1449/2139/217 1451/2141/2389 1442/2129/2417
f 1442/2130/2420 1451/2142/2392 1450/2140/581 1441/2128/682
f 1251/1858/656 1278/1899/655 1280/1901/1960 1254/1861/1949
f 1254/1862/1949 1280/1902/1960 1277/1898/607 1252/1859/610
f 1452/2143/611 1456/2148/235 1457/2150/2480 1454/2145/2455
f 1454/2146/2454 1457/2151/2477 1455/2147/736 1453/2144/734
f 1395/2065/625 1401/2073/624 1403/2075/2485 1397/2067/2504
f 1397/2068/2503 1403/2076/2484 1402/2074/681 1396/2066/730
f 1271/1890/217 1287/1916/216 1289/1918/2396 1273/1892/2389
f 1273/1893/2392 1289/1919/2393 1288/1917/658 1272/1891/581
f 1339/1988/654 1342/1992/653 1343/1993/2487 1340/1989/2419
f 1340/1990/2418 1343/1994/2488 1341/1991/211 1338/1987/238
f 1485/2190/696 1492/2202/695 1498/2212/1976 1488/2193/1965
f 1488/2194/1970 1498/2213/1980 1494/2204/773 1486/2191/772
f 1486/2191/772 1502/2221/775 1508/2230/1985 1490/2198/1968
f 1490/2199/1973 1508/2231/1989 1504/2223/738 1487/2192/741
f 1500/2215/948 1516/2243/747 1518/2245/2508 1501/2217/2509
f 1501/2218/2510 1518/2246/2511 1517/2244/781 1499/2214/780
f 1487/2192/741 1519/2249/740 1525/2255/2003 1491/2200/1971
f 1491/2201/1967 1525/2256/2007 1521/2251/697 1485/2190/696
f 1520/2250/767 1526/2257/766 1532/2264/2012 1524/2254/2004
f 1524/2254/2009 1532/2264/2016 1528/2259/715 1521/2251/697
f 1519/2249/740 1537/2272/739 1539/2274/2024 1522/2252/2001
f 1522/2252/2006 1539/2274/2019 1536/2271/764 1520/2250/767
f 1534/2266/746 1550/2287/743 1552/2289/2512 1535/2267/2513
f 1535/2268/2514 1552/2290/2515 1551/2288/783 1533/2265/782
f 1554/2294/620 1559/2303/881 1561/2305/2516 1555/2296/2438
f 1555/2295/2435 1561/2306/2517 1560/2304/927 1553/2293/731
f 1553/2293/731 1562/2307/735 1564/2309/2434 1555/2295/2435
f 1555/2296/2438 1564/2310/2433 1563/2308/882 1554/2294/620
f 1559/2303/881 1565/2311/880 1567/2313/2416 1561/2305/2516
f 1561/2306/2517 1567/2314/2415 1566/2312/661 1560/2304/927
f 1572/2322/804 1581/2336/830 1582/2338/2518 1573/2324/2519
f 1573/2323/2520 1582/2339/2521 1580/2335/879 1571/2321/878
f 1578/2330/828 1586/2345/824 1588/2347/2522 1579/2331/2523
f 1579/2332/2524 1588/2348/2525 1587/2346/787 1577/2329/786
f 1584/2342/884 1589/2351/883 1591/2353/2526 1585/2344/2527
f 1585/2343/2528 1591/2354/2529 1590/2352/928 1583/2341/826
f 1596/2360/811 1604/2373/810 1606/2375/2530 1597/2361/2531
f 1597/2362/2532 1606/2376/2533 1605/2374/789 1595/2359/788
f 1583/2341/826 1608/2380/820 1609/2382/2534 1585/2343/2528
f 1585/2344/2527 1609/2381/2535 1607/2379/925 1584/2342/884
f 1602/2370/673 1611/2384/823 1612/2386/2536 1603/2371/2410
f 1603/2372/2407 1612/2385/2537 1610/2383/643 1601/2369/640
f 1589/2351/883 1619/2397/638 1621/2400/2538 1591/2353/2526
f 1591/2354/2529 1621/2399/2539 1620/2398/809 1590/2352/928
f 1614/2388/816 1622/2401/930 1624/2403/2540 1615/2389/2541
f 1615/2390/2542 1624/2404/2543 1623/2402/791 1613/2387/790
f 1626/2408/752 1631/2417/859 1633/2419/2544 1627/2410/2545
f 1627/2409/2546 1633/2420/2547 1632/2418/702 1625/2407/701
f 1625/2407/701 1634/2421/700 1636/2423/2548 1627/2409/2546
f 1627/2410/2545 1636/2424/2549 1635/2422/753 1626/2408/752
f 1631/2417/859 1640/2431/832 1642/2433/2550 1633/2419/2544
f 1633/2420/2547 1642/2434/2551 1641/2432/703 1632/2418/702
f 1638/2426/935 1647/2440/937 1648/2441/2552 1639/2427/2553
f 1639/2428/2554 1648/2442/2555 1646/2439/794 1637/2425/793
f 1644/2436/808 1650/2446/667 1651/2448/2449 1645/2438/2556
f 1645/2437/2557 1651/2447/2452 1649/2445/233 1643/2435/238
f 1831/2725/892 1834/2729/625 1836/2732/2384 1833/2727/2558
f 1833/2728/2559 1836/2731/2381 1835/2730/582 1832/2726/870
f 1656/2457/939 1667/2475/941 1669/2477/2560 1657/2458/2561
f 1657/2459/2562 1669/2478/2563 1668/2476/796 1655/2456/795
f 1667/2475/941 1677/2490/943 1678/2491/2564 1669/2479/2560
f 1669/2480/2563 1678/2492/2565 1676/2489/797 1668/2476/796
f 1662/2467/698 1679/2495/921 1681/2498/2566 1663/2469/2567
f 1663/2468/2568 1681/2497/2569 1680/2496/821 1661/2466/827
f 1673/2485/237 1685/2505/923 1687/2508/2570 1675/2487/2466
f 1675/2488/2465 1687/2507/2571 1686/2506/822 1674/2486/674
f 1661/2466/827 1688/2509/929 1690/2512/2572 1663/2468/2568
f 1663/2469/2567 1690/2511/2573 1689/2510/699 1662/2467/698
f 1698/2526/861 1700/2529/896 1702/2531/2574 1699/2528/2575
f 1699/2527/2576 1702/2532/2577 1701/2530/858 1697/2525/751
f 1697/2525/751 1706/2539/750 1708/2541/2578 1699/2527/2576
f 1699/2528/2575 1708/2542/2579 1707/2540/862 1698/2526/861
f 1704/2534/866 1712/2549/865 1714/2551/2580 1705/2535/2581
f 1705/2536/2582 1714/2552/2583 1713/2550/801 1703/2533/800
f 1716/2556/804 1725/2570/830 1726/2572/2518 1717/2558/2519
f 1717/2557/2520 1726/2573/2521 1724/2569/879 1715/2555/878
f 1499/2214/780 1730/2579/803 1732/2581/2584 1501/2219/2510
f 1501/2220/2509 1732/2582/2585 1731/2580/854 1500/2216/948
f 1728/2576/852 1733/2585/950 1735/2587/2586 1729/2578/2587
f 1729/2577/2588 1735/2589/2589 1734/2586/758 1727/2575/877
f 1727/2575/877 1736/2590/891 1738/2592/2485 1729/2577/2588
f 1729/2578/2587 1738/2593/2484 1737/2591/681 1728/2576/852
f 1733/2585/950 1748/2606/847 1750/2609/2590 1735/2588/2586
f 1735/2589/2589 1750/2608/2591 1749/2607/759 1734/2586/758
f 1746/2603/839 1751/2610/850 1753/2613/2592 1747/2604/2593
f 1747/2605/2594 1753/2612/2595 1752/2611/755 1745/2602/754
f 1740/2595/841 1755/2615/805 1756/2617/2596 1741/2597/2597
f 1741/2596/2598 1756/2616/2599 1754/2614/895 1739/2594/894
f 1824/2713/875 1859/2765/876 1865/2775/2060 1827/2716/2044
f 1827/2717/2044 1865/2776/2060 1861/2767/771 1825/2714/770
f 1764/2627/664 1767/2631/663 1768/2633/2423 1765/2628/2424
f 1765/2629/2421 1768/2635/2422 1766/2630/711 1763/2626/710
f 1770/2637/713 1772/2640/712 1774/2643/2426 1771/2639/2467
f 1771/2638/2468 1774/2642/2425 1773/2641/675 1769/2636/678
f 1775/2644/701 1778/2648/709 1780/2650/2548 1777/2646/2546
f 1777/2647/2545 1780/2651/2549 1779/2649/753 1776/2645/752
f 1782/2653/853 1785/2657/835 1786/2658/2600 1783/2655/2601
f 1783/2654/2602 1786/2659/2603 1784/2656/708 1781/2652/707
f 1769/2636/678 1791/2665/842 1792/2666/2604 1771/2638/2468
f 1771/2639/2467 1792/2667/2605 1790/2664/227 1770/2637/713
f 1794/2669/763 1796/2672/762 1798/2674/2606 1795/2671/2607
f 1795/2670/2608 1798/2675/2609 1797/2673/838 1793/2668/840
f 1793/2668/840 1802/2681/848 1804/2684/2610 1795/2670/2608
f 1795/2671/2607 1804/2683/2611 1803/2682/760 1794/2669/763
f 1511/2234/776 1812/2694/779 1814/2696/2042 1515/2241/1998
f 1515/2242/1994 1814/2697/2037 1811/2693/888 1509/2232/887
f 1545/2281/756 1826/2715/893 1829/2721/2050 1549/2285/2034
f 1549/2286/2030 1829/2722/2047 1825/2714/770 1543/2279/769
f 1822/2710/681 1835/2730/582 1836/2731/2381 1823/2712/2484
f 1823/2711/2485 1836/2732/2384 1834/2729/625 1821/2709/891
f 1821/2709/891 1837/2733/623 1839/2736/2432 1823/2711/2485
f 1823/2712/2484 1839/2735/2429 1838/2734/665 1822/2710/681
f 1812/2694/779 1843/2741/778 1849/2751/2053 1816/2701/2040
f 1816/2702/2040 1849/2752/2053 1845/2743/843 1813/2695/846
f 1912/2840/813 1914/2845/812 1916/2848/2612 1913/2841/2613
f 1913/2842/2614 1916/2847/2615 1915/2846/864 1911/2839/863
f 1851/2754/668 1853/2757/667 1855/2760/2449 1852/2756/2450
f 1852/2755/2451 1855/2759/2452 1854/2758/720 1850/2753/232
f 1875/2789/906 1881/2797/905 1883/2799/2616 1877/2791/2583
f 1877/2792/2580 1883/2800/2617 1882/2798/856 1876/2790/868
f 1881/2797/905 1884/2801/904 1886/2803/2584 1883/2799/2616
f 1883/2800/2617 1886/2804/2585 1885/2802/857 1882/2798/856
f 1888/2806/910 1893/2815/909 1895/2818/2618 1889/2808/2565
f 1889/2807/2619 1895/2817/2620 1894/2816/945 1887/2805/942
f 1900/2824/745 1902/2827/744 1904/2830/2512 1901/2826/2621
f 1901/2825/2622 1904/2829/2515 1903/2828/900 1899/2823/899
f 1906/2832/825 1909/2836/829 1910/2837/2623 1907/2834/2624
f 1907/2833/2625 1910/2838/2626 1908/2835/897 1905/2831/860
f 1905/2831/860 1915/2846/864 1916/2847/2615 1907/2833/2625
f 1907/2834/2624 1916/2848/2612 1914/2845/812 1906/2832/825
f 1899/2823/899 1917/2849/898 1919/2852/2627 1901/2825/2622
f 1901/2826/2621 1919/2851/2628 1918/2850/834 1900/2824/745
f 1887/2805/942 1923/2857/940 1925/2859/2629 1889/2807/2619
f 1889/2808/2565 1925/2860/2563 1924/2858/911 1888/2806/910
f 1911/2839/863 1926/2861/918 1928/2863/2630 1913/2843/2614
f 1913/2844/2613 1928/2864/2631 1927/2862/814 1912/2840/813
f 1923/2857/940 1929/2865/938 1931/2867/2561 1925/2859/2629
f 1925/2860/2563 1931/2868/2562 1930/2866/912 1924/2858/911
f 1929/2865/938 1936/2874/936 1937/2876/2632 1931/2867/2561
f 1931/2868/2562 1937/2875/2555 1935/2873/913 1930/2866/912
f 1850/2753/232 1869/2781/719 1871/2784/2417 1852/2755/2451
f 1852/2756/2450 1871/2783/2420 1870/2782/682 1851/2754/668
f 1856/2761/718 1866/2777/717 1868/2780/2633 1858/2764/2389
f 1858/2763/2392 1868/2779/2634 1867/2778/869 1857/2762/581
f 1781/2652/707 1799/2676/706 1801/2679/2635 1783/2654/2602
f 1783/2655/2601 1801/2678/2636 1800/2677/851 1782/2653/853
f 1719/2560/837 1758/2619/836 1759/2621/2637 1720/2561/2638
f 1720/2562/2639 1759/2620/2640 1757/2618/920 1718/2559/919
f 1799/2676/706 1803/2682/760 1804/2683/2611 1801/2679/2635
f 1801/2680/2636 1804/2684/2610 1802/2681/848 1800/2677/851
f 1736/2590/891 1757/2618/920 1759/2620/2640 1738/2592/2485
f 1738/2593/2484 1759/2621/2637 1758/2619/836 1737/2591/681
f 1565/2311/880 1580/2335/879 1582/2339/2521 1567/2313/2416
f 1567/2314/2415 1582/2340/2518 1581/2337/830 1566/2312/661
f 1493/2203/777 1511/2234/776 1514/2239/2000 1497/2210/1977
f 1497/2211/1982 1514/2240/1995 1510/2233/774 1494/2204/773
f 1516/2243/747 1534/2266/746 1535/2269/2513 1518/2247/2508
f 1518/2248/2511 1535/2270/2514 1533/2265/782 1517/2244/781
f 1503/2222/886 1538/2273/885 1541/2276/2027 1507/2228/1986
f 1507/2229/1991 1541/2277/2022 1537/2272/739 1504/2223/738
f 1538/2273/885 1545/2281/756 1548/2284/2036 1542/2278/2025
f 1542/2278/2021 1548/2284/2031 1544/2280/765 1536/2271/764
f 1550/2287/743 1556/2297/742 1558/2299/2621 1552/2291/2512
f 1552/2292/2515 1558/2300/2622 1557/2298/784 1551/2288/783
f 1643/2435/238 1689/2510/699 1690/2511/2573 1645/2437/2557
f 1645/2438/2556 1690/2512/2572 1688/2509/929 1644/2436/808
f 1556/2297/742 1569/2316/833 1570/2317/2641 1558/2301/2621
f 1558/2302/2622 1570/2318/2642 1568/2315/785 1557/2298/784
f 1562/2307/735 1575/2326/666 1576/2327/2430 1564/2309/2434
f 1564/2310/2433 1576/2328/2431 1574/2325/622 1563/2308/882
f 1569/2316/833 1578/2330/828 1579/2333/2523 1570/2319/2641
f 1570/2320/2642 1579/2334/2524 1577/2329/786 1568/2315/785
f 1586/2345/824 1596/2360/811 1597/2363/2531 1588/2349/2522
f 1588/2350/2525 1597/2364/2532 1595/2359/788 1587/2346/787
f 1599/2366/819 1602/2370/673 1603/2371/2410 1600/2368/2643
f 1600/2367/2644 1603/2372/2407 1601/2369/640 1598/2365/926
f 1598/2365/926 1607/2379/925 1609/2381/2535 1600/2367/2644
f 1600/2368/2643 1609/2382/2534 1608/2380/820 1599/2366/819
f 1593/2356/644 1610/2383/643 1612/2385/2537 1594/2358/2494
f 1594/2357/2495 1612/2386/2536 1611/2384/823 1592/2355/725
f 1604/2373/810 1614/2388/816 1615/2391/2541 1606/2377/2530
f 1606/2378/2533 1615/2392/2542 1613/2387/790 1605/2374/789
f 1592/2355/725 1616/2393/805 1618/2396/2596 1594/2357/2495
f 1594/2358/2494 1618/2395/2599 1617/2394/757 1593/2356/644
f 1575/2326/666 1620/2398/809 1621/2399/2539 1576/2327/2430
f 1576/2328/2431 1621/2400/2538 1619/2397/638 1574/2325/622
f 1622/2401/930 1629/2412/933 1630/2413/2645 1624/2405/2540
f 1624/2406/2543 1630/2414/2646 1628/2411/792 1623/2402/791
f 1629/2412/933 1638/2426/935 1639/2429/2553 1630/2415/2645
f 1630/2416/2646 1639/2430/2554 1637/2425/793 1628/2411/792
f 1640/2431/832 1653/2450/831 1654/2452/2647 1642/2433/2550
f 1642/2434/2551 1654/2453/2648 1652/2449/704 1641/2432/703
f 1634/2421/700 1649/2445/233 1651/2447/2452 1636/2423/2548
f 1636/2424/2549 1651/2448/2449 1650/2446/667 1635/2422/753
f 1502/2221/775 1510/2233/774 1512/2235/1997 1505/2224/1983
f 1505/2224/1988 1512/2235/1992 1509/2232/887 1503/2222/886
f 1647/2440/937 1656/2457/939 1657/2460/2561 1648/2443/2552
f 1648/2444/2555 1657/2461/2562 1655/2456/795 1646/2439/794
f 1670/2481/924 1673/2485/237 1675/2487/2466 1672/2484/2649
f 1672/2483/2650 1675/2488/2465 1674/2486/674 1671/2482/818
f 1671/2482/818 1680/2496/821 1681/2497/2569 1672/2483/2650
f 1672/2484/2649 1681/2498/2566 1679/2495/921 1670/2481/924
f 1571/2321/878 1617/2394/757 1618/2395/2599 1573/2323/2520
f 1573/2324/2519 1618/2396/2596 1616/2393/805 1572/2322/804
f 1659/2463/815 1686/2506/822 1687/2507/2571 1660/2465/2651
f 1660/2464/2652 1687/2508/2570 1685/2505/923 1658/2462/922
f 1665/2471/761 1691/2513/705 1693/2515/2653 1666/2473/2654
f 1666/2472/2655 1693/2516/2656 1692/2514/807 1664/2470/806
f 1695/2520/946 1704/2534/866 1705/2537/2581 1696/2521/2657
f 1696/2522/2658 1705/2538/2582 1703/2533/800 1694/2519/799
f 1700/2529/896 1709/2545/880 1711/2547/2416 1702/2531/2574
f 1702/2532/2577 1711/2548/2415 1710/2546/661 1701/2530/858
f 1890/2809/903 1920/2853/902 1922/2856/2511 1892/2813/2510
f 1892/2812/2509 1922/2855/2508 1921/2854/748 1891/2810/949
f 1706/2539/750 1719/2560/837 1720/2561/2638 1708/2543/2578
f 1708/2544/2579 1720/2562/2639 1718/2559/919 1707/2540/862
f 1712/2549/865 1722/2564/855 1723/2565/2659 1714/2553/2580
f 1714/2554/2583 1723/2566/2616 1721/2563/802 1713/2550/801
f 1743/2599/679 1746/2603/839 1747/2604/2593 1744/2601/2475
f 1744/2600/2474 1747/2605/2594 1745/2602/754 1742/2598/639
f 1742/2598/639 1749/2607/759 1750/2608/2591 1744/2600/2474
f 1744/2601/2475 1750/2609/2590 1748/2606/847 1743/2599/679
f 1739/2594/894 1752/2611/755 1753/2612/2595 1741/2596/2598
f 1741/2597/2597 1753/2613/2592 1751/2610/850 1740/2595/841
f 1761/2623/859 1764/2627/664 1765/2628/2424 1762/2625/2544
f 1762/2624/2547 1765/2629/2421 1763/2626/710 1760/2622/702
f 1767/2632/663 1773/2641/675 1774/2642/2425 1768/2634/2423
f 1768/2635/2422 1774/2643/2426 1772/2640/712 1766/2630/711
f 1760/2622/702 1775/2644/701 1777/2646/2546 1762/2624/2547
f 1762/2625/2544 1777/2647/2545 1776/2645/752 1761/2623/859
f 1785/2657/835 1788/2661/667 1789/2663/2449 1786/2658/2600
f 1786/2659/2603 1789/2662/2452 1787/2660/233 1784/2656/708
f 1709/2545/880 1724/2569/879 1726/2573/2521 1711/2547/2416
f 1711/2548/2415 1726/2574/2518 1725/2571/830 1710/2546/661
f 1809/2690/889 1811/2693/888 1817/2703/2039 1810/2692/2660
f 1810/2691/2661 1817/2704/2043 1813/2695/846 1808/2689/845
f 1808/2689/845 1818/2705/666 1820/2707/2430 1810/2691/2661
f 1810/2692/2660 1820/2708/2431 1819/2706/890 1809/2690/889
f 1826/2715/893 1831/2725/892 1833/2727/2558 1830/2723/2048
f 1830/2724/2046 1833/2728/2559 1832/2726/870 1824/2713/875
f 1818/2705/666 1838/2734/665 1839/2735/2429 1820/2707/2430
f 1820/2708/2431 1839/2736/2432 1837/2733/623 1819/2706/890
f 1841/2738/844 1845/2743/843 1848/2749/2057 1842/2740/2662
f 1842/2739/2663 1848/2750/2054 1844/2742/694 1840/2737/693
f 1526/2257/766 1544/2280/765 1546/2282/2033 1529/2260/2010
f 1529/2260/2015 1546/2282/2028 1543/2279/769 1527/2258/768
f 1840/2737/693 1854/2758/720 1855/2759/2452 1842/2739/2663
f 1842/2740/2662 1855/2760/2449 1853/2757/667 1841/2738/844
f 1527/2258/768 1861/2767/771 1864/2773/2064 1531/2262/2013
f 1531/2263/2018 1864/2774/2061 1860/2766/716 1528/2259/715
f 1658/2462/922 1665/2471/761 1666/2473/2654 1660/2464/2652
f 1660/2465/2651 1666/2474/2655 1664/2470/806 1659/2463/815
f 1857/2762/581 1870/2782/682 1871/2783/2420 1858/2763/2392
f 1858/2764/2389 1871/2784/2417 1869/2781/719 1856/2761/718
f 1872/2785/907 1875/2789/906 1877/2791/2583 1874/2788/2582
f 1874/2787/2664 1877/2792/2580 1876/2790/868 1873/2786/867
f 1873/2786/867 1879/2794/947 1880/2795/2665 1874/2787/2664
f 1874/2788/2582 1880/2796/2666 1878/2793/908 1872/2785/907
f 1884/2801/904 1890/2809/903 1892/2813/2510 1886/2803/2584
f 1886/2804/2585 1892/2814/2509 1891/2811/949 1885/2802/857
f 1879/2794/947 1894/2816/945 1895/2817/2620 1880/2795/2665
f 1880/2796/2666 1895/2818/2618 1893/2815/909 1878/2793/908
f 1896/2819/901 1903/2828/900 1904/2829/2515 1898/2822/2514
f 1898/2821/2667 1904/2830/2512 1902/2827/744 1897/2820/749
f 1778/2648/709 1787/2660/233 1789/2662/2452 1780/2650/2548
f 1780/2651/2549 1789/2663/2449 1788/2661/667 1779/2649/753
f 1909/2836/829 1918/2850/834 1919/2851/2628 1910/2837/2623
f 1910/2838/2626 1919/2852/2627 1917/2849/898 1908/2835/897
f 1897/2820/749 1921/2854/748 1922/2855/2508 1898/2821/2667
f 1898/2822/2514 1922/2856/2511 1920/2853/902 1896/2819/901
f 1932/2869/914 1935/2873/913 1937/2875/2555 1934/2872/2554
f 1934/2871/2668 1937/2876/2632 1936/2874/936 1933/2870/934
f 1939/2878/931 1942/2882/817 1943/2884/2669 1940/2880/2540
f 1940/2879/2543 1943/2883/2542 1941/2881/917 1938/2877/916
f 1933/2870/934 1945/2886/932 1946/2888/2645 1934/2871/2668
f 1934/2872/2554 1946/2887/2646 1944/2885/915 1932/2869/914
f 1653/2451/831 1692/2514/807 1693/2517/2656 1654/2454/2647
f 1654/2455/2648 1693/2518/2653 1691/2513/705 1652/2449/704
f 1492/2202/695 1844/2742/694 1846/2744/2056 1495/2205/1974
f 1495/2206/1979 1846/2745/2051 1843/2741/778 1493/2203/777
f 1715/2555/878 1754/2614/895 1756/2616/2599 1717/2557/2520
f 1717/2558/2519 1756/2617/2596 1755/2615/805 1716/2556/804
f 1859/2765/876 1867/2778/869 1868/2779/2634 1862/2768/2058
f 1862/2769/2063 1868/2780/2633 1866/2777/717 1860/2766/716
f 1722/2564/855 1731/2580/854 1732/2583/2585 1723/2567/2659
f 1723/2568/2616 1732/2584/2584 1730/2579/803 1721/2563/802
f 1791/2665/842 1805/2685/849 1807/2688/2670 1792/2666/2604
f 1792/2667/2605 1807/2687/2671 1806/2686/714 1790/2664/227
f 1677/2490/943 1683/2500/944 1684/2501/2672 1678/2493/2564
f 1678/2494/2565 1684/2502/2673 1682/2499/798 1676/2489/797
f 1926/2861/918 1941/2881/917 1943/2883/2542 1928/2863/2630
f 1928/2864/2631 1943/2884/2669 1942/2882/817 1927/2862/814
f 1796/2672/762 1806/2686/714 1807/2687/2671 1798/2674/2606
f 1798/2675/2609 1807/2688/2670 1805/2685/849 1797/2673/838
f 1683/2500/944 1695/2520/946 1696/2523/2657 1684/2503/2672
f 1684/2504/2673 1696/2524/2658 1694/2519/799 1682/2499/798
f 1938/2877/916 1944/2885/915 1946/2887/2646 1940/2879/2543
f 1940/2880/2540 1946/2888/2645 1945/2886/932 1939/2878/931
f 1961/2913/871 1947/2889/874 1953/2899/2067 1964/2916/2083
f 1964/2917/2088 1953/2900/2071 1949/2891/963 1962/2914/966
f 1948/2890/954 1954/2901/953 1960/2911/2076 1952/2897/2068
f 1952/2898/2073 1960/2912/2080 1956/2903/964 1949/2891/963
f 1955/2902/961 1968/2924/960 1974/2933/2094 1959/2909/2077
f 1959/2910/2082 1974/2934/2098 1970/2926/965 1956/2903/964
f 1969/2925/968 1963/2915/967 1966/2921/2091 1973/2932/2095
f 1973/2932/2100 1966/2921/2086 1962/2914/966 1970/2926/965
f 1989/2951/872 1961/2913/871 1967/2922/2085 1992/2954/2119
f 1992/2955/2124 1967/2923/2089 1963/2915/967 1990/2952/970
f 1968/2924/960 1996/2959/959 2002/2965/2130 1971/2927/2092
f 1971/2928/2097 2002/2966/2134 1998/2961/969 1969/2925/968
f 1997/2960/956 1991/2953/955 1994/2957/2127 2001/2964/2131
f 2001/2964/2136 1994/2957/2122 1990/2952/970 1998/2961/969
f 1975/2935/873 1989/2951/872 1995/2958/2121 1978/2938/2101
f 1978/2938/2106 1995/2958/2125 1991/2953/955 1976/2936/958
f 1996/2959/959 1982/2943/962 1988/2950/2112 1999/2962/2128
f 1999/2962/2133 1988/2950/2116 1984/2945/957 1997/2960/956
f 1983/2944/952 1977/2937/951 1980/2940/2109 1987/2949/2113
f 1987/2949/2118 1980/2940/2104 1976/2936/958 1984/2945/957
f 1947/2889/874 1975/2935/873 1981/2941/2103 1950/2892/2065
f 1950/2893/2070 1981/2942/2107 1977/2937/951 1948/2890/954
f 1982/2943/962 1955/2902/961 1957/2904/2079 1985/2946/2110
f 1985/2947/2115 1957/2905/2074 1954/2901/953 1983/2944/952
